Godot Engine v4.6.2.stable.official.71f334935 - https://godotengine.org

[EventManager] Loaded 15 events from res://data/events/reactive/
[Localization] loaded 2 locales from res://localization/strings.csv
[AudioManager] ready — music=1 sfx=2 enabled=true master=1.00 music=0.33 sfx=0.99 stream=true
[MCP Runtime] Server listening on port 7777
[MCP Runtime] Autoload ready, server starting on port 7777
PROBE BEGIN preset=full_run days=730 mode=sim seed=424242
PROBE STATE day=1 cash=10000 mrr=0 brand=50 burn=50 runway=6.67 cust=0 emp=0 promises=0 phase=1 aud=0 sat=-1 bugs=0 q=-1.0 appetite=closed streak=0/3 profit_streak=0
PROBE SIGNAL day=1 appetite=->closed mrr=0 streak=0
[HRSystem] Daily tick — 0 employees (0 izinde)
[SalesSystem] Daily tick — MRR $0
[TimeManager] Daily tick — Day 2 (Δ 0 ms)
[FinanceSystem] one-time cost $1800 (build_commit)
[ProductSystem] Build started: mvp_build_001 with 3 features, total_efor=25 cost=$1800
PROBE PLAY day=2 start_build v1 Sahra (b2b) set=competent
PROBE STATE day=2 cash=8150 mrr=0 brand=50 burn=50 runway=5.43 cust=0 emp=0 promises=0 phase=1 aud=0 sat=-1 bugs=0 q=-1.0 appetite=closed streak=0/3 profit_streak=0
[HRSystem] Daily tick — 0 employees (0 izinde)
[SalesSystem] Daily tick — MRR $0
[TimeManager] Daily tick — Day 3 (Δ 7 ms)
PROBE STATE day=3 cash=8100 mrr=0 brand=50 burn=50 runway=5.40 cust=0 emp=0 promises=0 phase=1 aud=0 sat=-1 bugs=0 q=-1.0 appetite=closed streak=0/3 profit_streak=0
[HRSystem] Daily tick — 0 employees (0 izinde)
[SalesSystem] Daily tick — MRR $0
[TimeManager] Daily tick — Day 4 (Δ 5 ms)
PROBE STATE day=4 cash=8050 mrr=0 brand=50 burn=50 runway=5.37 cust=0 emp=0 promises=0 phase=1 aud=0 sat=-1 bugs=0 q=-1.0 appetite=closed streak=0/3 profit_streak=0
[HRSystem] Daily tick — 0 employees (0 izinde)
[SalesSystem] Daily tick — MRR $0
[TimeManager] Daily tick — Day 5 (Δ 3 ms)
PROBE STATE day=5 cash=8000 mrr=0 brand=50 burn=50 runway=5.33 cust=0 emp=0 promises=0 phase=1 aud=0 sat=-1 bugs=0 q=-1.0 appetite=closed streak=0/3 profit_streak=0
[HRSystem] Daily tick — 0 employees (0 izinde)
[SalesSystem] Daily tick — MRR $0
[TimeManager] Daily tick — Day 6 (Δ 5 ms)
PROBE STATE day=6 cash=7950 mrr=0 brand=50 burn=50 runway=5.30 cust=0 emp=0 promises=0 phase=1 aud=0 sat=-1 bugs=0 q=-1.0 appetite=closed streak=0/3 profit_streak=0
PROBE FIRE day=6 hour=8 id=ev_mvp_iter_002_competitor_signal src=pool
[EventManager] Eligible: ev_mvp_iter_002_competitor_signal
[EventManager] Modal requested: ev_mvp_iter_002_competitor_signal
PROBE PICK day=6 id=ev_mvp_iter_002_competitor_signal choice=0 label=Tasarımı onların eksik yerine eğ
[EventManager] Resolved: ev_mvp_iter_002_competitor_signal choice 0
[HRSystem] Daily tick — 0 employees (0 izinde)
[SalesSystem] Daily tick — MRR $0
[TimeManager] Daily tick — Day 7 (Δ 5 ms)
PROBE STATE day=7 cash=7900 mrr=0 brand=50 burn=50 runway=5.27 cust=0 emp=0 promises=0 phase=1 aud=0 sat=-1 bugs=0 q=-1.0 appetite=closed streak=0/3 profit_streak=0
PROBE FIRE day=7 hour=10 id=ev_mvp_iter_decision_intro src=factory:product_system:_end_round (iter_intro)
[EventManager] Modal requested: ev_mvp_iter_decision_intro
[ProductSystem] Iteration round 2 started (4 days)
PROBE PICK day=7 id=ev_mvp_iter_decision_intro choice=0 label=Turlar sürsün
[EventManager] Resolved: ev_mvp_iter_decision_intro choice 0
[HRSystem] Daily tick — 0 employees (0 izinde)
[SalesSystem] Daily tick — MRR $0
[TimeManager] Daily tick — Day 8 (Δ 6 ms)
PROBE PLAY day=8 enter_development
PROBE STATE day=8 cash=7850 mrr=0 brand=50 burn=50 runway=5.23 cust=0 emp=0 promises=0 phase=1 aud=0 sat=-1 bugs=0 q=-1.0 appetite=closed streak=0/3 profit_streak=0
[HRSystem] Daily tick — 0 employees (0 izinde)
[SalesSystem] Daily tick — MRR $0
[TimeManager] Daily tick — Day 9 (Δ 5 ms)
PROBE STATE day=9 cash=7800 mrr=0 brand=50 burn=50 runway=5.20 cust=0 emp=0 promises=0 phase=1 aud=0 sat=-1 bugs=0 q=-1.0 appetite=closed streak=0/3 profit_streak=0
[HRSystem] Daily tick — 0 employees (0 izinde)
[SalesSystem] Daily tick — MRR $0
[TimeManager] Daily tick — Day 10 (Δ 6 ms)
PROBE STATE day=10 cash=7750 mrr=0 brand=50 burn=50 runway=5.17 cust=0 emp=0 promises=0 phase=1 aud=0 sat=-1 bugs=0 q=-1.0 appetite=closed streak=0/3 profit_streak=0
[HRSystem] Daily tick — 0 employees (0 izinde)
[SalesSystem] Daily tick — MRR $0
[TimeManager] Daily tick — Day 11 (Δ 5 ms)
PROBE STATE day=11 cash=7700 mrr=0 brand=50 burn=50 runway=5.13 cust=0 emp=0 promises=0 phase=1 aud=0 sat=-1 bugs=0 q=-1.0 appetite=closed streak=0/3 profit_streak=0
[HRSystem] Daily tick — 0 employees (0 izinde)
[SalesSystem] Daily tick — MRR $0
[TimeManager] Daily tick — Day 12 (Δ 5 ms)
PROBE STATE day=12 cash=7650 mrr=0 brand=50 burn=50 runway=5.10 cust=0 emp=0 promises=0 phase=1 aud=0 sat=-1 bugs=0 q=-1.0 appetite=closed streak=0/3 profit_streak=0
[HRSystem] Daily tick — 0 employees (0 izinde)
[SalesSystem] Daily tick — MRR $0
[TimeManager] Daily tick — Day 13 (Δ 7 ms)
PROBE STATE day=13 cash=7600 mrr=0 brand=50 burn=50 runway=5.07 cust=0 emp=0 promises=0 phase=1 aud=0 sat=-1 bugs=0 q=-1.0 appetite=closed streak=0/3 profit_streak=0
[HRSystem] Daily tick — 0 employees (0 izinde)
[SalesSystem] Daily tick — MRR $0
[TimeManager] Daily tick — Day 14 (Δ 5 ms)
PROBE STATE day=14 cash=7550 mrr=0 brand=50 burn=50 runway=5.03 cust=0 emp=0 promises=0 phase=1 aud=0 sat=-1 bugs=0 q=-1.0 appetite=closed streak=0/3 profit_streak=0
PROBE FIRE day=14 hour=3 id=ev_mvp_dev_001_integration_broken src=pool
[EventManager] Eligible: ev_mvp_dev_001_integration_broken
[EventManager] Modal requested: ev_mvp_dev_001_integration_broken
PROBE PICK day=14 id=ev_mvp_dev_001_integration_broken choice=0 label=Gece boyu uğraş, doğru yap
[EventManager] Resolved: ev_mvp_dev_001_integration_broken choice 0
[HRSystem] Daily tick — 0 employees (0 izinde)
[SalesSystem] Daily tick — MRR $0
[TimeManager] Daily tick — Day 15 (Δ 8 ms)
PROBE STATE day=15 cash=7500 mrr=0 brand=50 burn=50 runway=5.00 cust=0 emp=0 promises=0 phase=1 aud=0 sat=-1 bugs=0 q=-1.0 appetite=closed streak=0/3 profit_streak=0
[HRSystem] Daily tick — 0 employees (0 izinde)
[SalesSystem] Daily tick — MRR $0
[TimeManager] Daily tick — Day 16 (Δ 6 ms)
PROBE STATE day=16 cash=7450 mrr=0 brand=50 burn=50 runway=4.97 cust=0 emp=0 promises=0 phase=1 aud=0 sat=-1 bugs=0 q=-1.0 appetite=closed streak=0/3 profit_streak=0
PROBE FIRE day=16 hour=7 id=ev_mvp_dev_003_solo_dev_fatigue src=pool
[EventManager] Eligible: ev_mvp_dev_003_solo_dev_fatigue
[EventManager] Modal requested: ev_mvp_dev_003_solo_dev_fatigue
PROBE PICK day=16 id=ev_mvp_dev_003_solo_dev_fatigue choice=0 label=Bugün kendine ver, yarın taze başla
[EventManager] Resolved: ev_mvp_dev_003_solo_dev_fatigue choice 0
[HRSystem] Daily tick — 0 employees (0 izinde)
[SalesSystem] Daily tick — MRR $0
[TimeManager] Daily tick — Day 17 (Δ 6 ms)
PROBE STATE day=17 cash=7400 mrr=0 brand=50 burn=50 runway=4.93 cust=0 emp=0 promises=0 phase=1 aud=0 sat=-1 bugs=0 q=-1.0 appetite=closed streak=0/3 profit_streak=0
[HRSystem] Daily tick — 0 employees (0 izinde)
[SalesSystem] Daily tick — MRR $0
[TimeManager] Daily tick — Day 18 (Δ 4 ms)
[ProductSystem] Development band complete → BETA. hidden_bugs=28
PROBE PLAY day=18 enter_beta
PROBE STATE day=18 cash=7350 mrr=0 brand=50 burn=50 runway=4.90 cust=0 emp=0 promises=0 phase=1 aud=0 sat=-1 bugs=0 q=-1.0 appetite=closed streak=0/3 profit_streak=0
PROBE FIRE day=18 hour=0 id=ev_mvp_bugfix_003_final_polish src=pool
[EventManager] Eligible: ev_mvp_bugfix_003_final_polish
[EventManager] Modal requested: ev_mvp_bugfix_003_final_polish
PROBE PICK day=18 id=ev_mvp_bugfix_003_final_polish choice=0 label=Vakit harca, cila çek
[EventManager] Resolved: ev_mvp_bugfix_003_final_polish choice 0
[HRSystem] Daily tick — 0 employees (0 izinde)
[SalesSystem] Daily tick — MRR $0
[TimeManager] Daily tick — Day 19 (Δ 8 ms)
PROBE STATE day=19 cash=7220 mrr=0 brand=50 burn=50 runway=4.81 cust=0 emp=0 promises=0 phase=1 aud=0 sat=-1 bugs=0 q=-1.0 appetite=closed streak=0/3 profit_streak=0
[HRSystem] Daily tick — 0 employees (0 izinde)
[SalesSystem] Daily tick — MRR $0
[TimeManager] Daily tick — Day 20 (Δ 3 ms)
PROBE STATE day=20 cash=7170 mrr=0 brand=50 burn=50 runway=4.78 cust=0 emp=0 promises=0 phase=1 aud=0 sat=-1 bugs=0 q=-1.0 appetite=closed streak=0/3 profit_streak=0
[HRSystem] Daily tick — 0 employees (0 izinde)
[SalesSystem] Daily tick — MRR $0
[TimeManager] Daily tick — Day 21 (Δ 7 ms)
PROBE STATE day=21 cash=7120 mrr=0 brand=50 burn=50 runway=4.75 cust=0 emp=0 promises=0 phase=1 aud=0 sat=-1 bugs=0 q=-1.0 appetite=closed streak=0/3 profit_streak=0
PROBE FIRE day=21 hour=9 id=ev_mvp_bugfix_002_early_launch_pressure src=pool
[EventManager] Eligible: ev_mvp_bugfix_002_early_launch_pressure
[EventManager] Modal requested: ev_mvp_bugfix_002_early_launch_pressure
PROBE PICK day=21 id=ev_mvp_bugfix_002_early_launch_pressure choice=0 label=Bir tur daha temizlik — gönder olmadı
[EventManager] Resolved: ev_mvp_bugfix_002_early_launch_pressure choice 0
[HRSystem] Daily tick — 0 employees (0 izinde)
[SalesSystem] Daily tick — MRR $0
[TimeManager] Daily tick — Day 22 (Δ 5 ms)
PROBE STATE day=22 cash=6970 mrr=0 brand=50 burn=50 runway=4.65 cust=0 emp=0 promises=0 phase=1 aud=0 sat=-1 bugs=0 q=-1.0 appetite=closed streak=0/3 profit_streak=0
[HRSystem] Daily tick — 0 employees (0 izinde)
[SalesSystem] Daily tick — MRR $0
[TimeManager] Daily tick — Day 23 (Δ 3 ms)
PROBE STATE day=23 cash=6920 mrr=0 brand=50 burn=50 runway=4.61 cust=0 emp=0 promises=0 phase=1 aud=0 sat=-1 bugs=0 q=-1.0 appetite=closed streak=0/3 profit_streak=0
[HRSystem] Daily tick — 0 employees (0 izinde)
[SalesSystem] Daily tick — MRR $0
[TimeManager] Daily tick — Day 24 (Δ 3 ms)
PROBE PLAY day=24 launch build=["saas_ops_integration", "saas_ops_field", "saas_ops_scheduling"] bugs=1
PROBE FIRE day=24 hour=0 id=ev_mvp_ship_moment src=factory:product_system:1266 (ship)
[EventManager] Modal requested: ev_mvp_ship_moment
PROBE PICK day=24 id=ev_mvp_ship_moment choice=0 label=Yayınla
PROBE SHIP day=24 version=1 stability=27.0 innovation=9.0 experience=10.0 bugs=1 components=["saas_ops_integration", "saas_ops_field", "saas_ops_scheduling"]
[ProductSystem] Build shipped. mvp_shipped flag set.
[EventManager] Resolved: ev_mvp_ship_moment choice 0
PROBE STATE day=24 cash=6870 mrr=0 brand=50 burn=50 runway=4.58 cust=0 emp=0 promises=0 phase=1 aud=0 sat=-1 bugs=1 q=38.0 appetite=closed streak=0/3 profit_streak=0
[HRSystem] Daily tick — 0 employees (0 izinde)
[SalesSystem] Daily tick — MRR $0
PROBE FIRE day=25 hour=0 id=ev_ps_frank_intro_b2b src=pool
[EventManager] Eligible: ev_ps_frank_intro_b2b
[EventManager] Modal requested: ev_ps_frank_intro_b2b
[TimeManager] Daily tick — Day 25 (Δ 9 ms)
PROBE PICK day=25 id=ev_ps_frank_intro_b2b choice=0 label=Satış'a git
[EventManager] Resolved: ev_ps_frank_intro_b2b choice 0
PROBE PLAY day=25 pitch Kuzey İnşaat -> LOST (mrr 0 -> 0)
PROBE STATE day=25 cash=6820 mrr=0 brand=50 burn=50 runway=4.55 cust=0 emp=0 promises=0 phase=1 aud=0 sat=-1 bugs=1 q=37.9 appetite=closed streak=0/3 profit_streak=0
[HRSystem] Daily tick — 0 employees (0 izinde)
[SalesSystem] Daily tick — MRR $0
[TimeManager] Daily tick — Day 26 (Δ 7 ms)
PROBE PLAY day=26 find_prospects (+2)
PROBE STATE day=26 cash=6770 mrr=0 brand=50 burn=50 runway=4.51 cust=0 emp=0 promises=0 phase=1 aud=0 sat=-1 bugs=1 q=37.8 appetite=closed streak=0/3 profit_streak=0
[HRSystem] Daily tick — 0 employees (0 izinde)
[SalesSystem] Daily tick — MRR $0
[TimeManager] Daily tick — Day 27 (Δ 7 ms)
PROBE PLAY day=27 pitch Bosphorus Sağlık -> LOST (mrr 0 -> 0)
PROBE STATE day=27 cash=6720 mrr=0 brand=50 burn=50 runway=4.48 cust=0 emp=0 promises=0 phase=1 aud=0 sat=-1 bugs=2 q=37.2 appetite=closed streak=0/3 profit_streak=0
[HRSystem] Daily tick — 0 employees (0 izinde)
[SalesSystem] Daily tick — MRR $0
[TimeManager] Daily tick — Day 28 (Δ 5 ms)
PROBE STATE day=28 cash=6670 mrr=0 brand=50 burn=50 runway=4.45 cust=0 emp=0 promises=0 phase=1 aud=0 sat=-1 bugs=2 q=37.1 appetite=closed streak=0/3 profit_streak=0
[HRSystem] Daily tick — 0 employees (0 izinde)
[SalesSystem] Daily tick — MRR $0
[TimeManager] Daily tick — Day 29 (Δ 6 ms)
PROBE PLAY day=29 pitch Kuzey İnşaat -> LOST (mrr 0 -> 0)
PROBE STATE day=29 cash=6620 mrr=0 brand=50 burn=50 runway=4.41 cust=0 emp=0 promises=0 phase=1 aud=0 sat=-1 bugs=2 q=37.0 appetite=closed streak=0/3 profit_streak=0
[HRSystem] Daily tick — 0 employees (0 izinde)
[SalesSystem] Daily tick — MRR $0
[TimeManager] Daily tick — Day 30 (Δ 6 ms)
PROBE STATE day=30 cash=6570 mrr=0 brand=50 burn=50 runway=4.38 cust=0 emp=0 promises=0 phase=1 aud=0 sat=-1 bugs=3 q=36.4 appetite=closed streak=0/3 profit_streak=0
[HRSystem] Daily tick — 0 employees (0 izinde)
[SalesSystem] Daily tick — MRR $0
[TimeManager] Daily tick — Day 31 (Δ 6 ms)
PROBE PLAY day=31 find_prospects (+2)
PROBE STATE day=31 cash=6520 mrr=0 brand=50 burn=50 runway=4.35 cust=0 emp=0 promises=0 phase=1 aud=0 sat=-1 bugs=3 q=36.3 appetite=closed streak=0/3 profit_streak=0
[HRSystem] Daily tick — 0 employees (0 izinde)
[SalesSystem] Daily tick — MRR $0
PROBE MONTH day=32 n=1 mrr_close=0 income=0 expense=3350 net=-3350 red=0 growth_pct=n/a streak=0 profit_streak=0
[TimeManager] Daily tick — Day 32 (Δ 6 ms)
PROBE PLAY day=32 pitch Bosphorus Sağlık -> SIGNED (mrr 0 -> 425)
PROBE STATE day=32 cash=6470 mrr=425 brand=50 burn=50 runway=5.99 cust=1 emp=0 promises=0 phase=1 aud=0 sat=-1 bugs=3 q=36.2 appetite=closed streak=0/3 profit_streak=0
PROBE CUST day=32 id=co_lead_31_4 sat=39 tol=47 target=50 trust=0.0 phase=onboarding streak=0 cd=-1 mrr=425 bugs=3
PROBE SAT day=32 satisfied=0/1 target=50
PROBE FIRE day=32 hour=13 id=ev_ps_referral_b2b src=pool
[EventManager] Eligible: ev_ps_referral_b2b
[EventManager] Modal requested: ev_ps_referral_b2b
PROBE PICK day=32 id=ev_ps_referral_b2b choice=0 label=Kabul et — özellik sözü ver
[EventManager] Resolved: ev_ps_referral_b2b choice 0
[HRSystem] Daily tick — 0 employees (0 izinde)
[SalesSystem] Daily tick — MRR $425
[PhaseGateSystem] Gate open: phase 1 → 2
PROBE FIRE day=33 hour=0 id=ev_phase_gate_traction src=factory:phase_gate_system:130 (gate)
[EventManager] Modal requested: ev_phase_gate_traction
[TimeManager] Daily tick — Day 33 (Δ 8 ms)
PROBE PICK day=33 id=ev_phase_gate_traction choice=0 label=Tamam
[EventManager] Resolved: ev_phase_gate_traction choice 0
PROBE STATE day=33 cash=6034 mrr=425 brand=50 burn=50 runway=5.59 cust=1 emp=0 promises=0 phase=2 aud=0 sat=-1 bugs=4 q=35.5 appetite=closed streak=0/3 profit_streak=0
PROBE CUST day=33 id=co_lead_31_4 sat=44 tol=47 target=49 trust=0.0 phase=onboarding streak=1 cd=-1 mrr=425 bugs=4
PROBE SAT day=33 satisfied=0/1 target=49
[HRSystem] Daily tick — 0 employees (0 izinde)
[SalesSystem] Daily tick — MRR $425
[TimeManager] Daily tick — Day 34 (Δ 7 ms)
PROBE PLAY day=34 pitch Kuzey İnşaat -> SIGNED (mrr 425 -> 925)
PROBE STATE day=34 cash=5998 mrr=925 brand=50 burn=50 runway=10.52 cust=2 emp=0 promises=0 phase=2 aud=0 sat=-1 bugs=4 q=35.4 appetite=closed streak=0/3 profit_streak=0
PROBE CUST day=34 id=co_lead_31_4 sat=49 tol=47 target=49 trust=0.0 phase=onboarding streak=0 cd=-1 mrr=425 bugs=4
PROBE CUST day=34 id=co_lead_31_5 sat=39 tol=47 target=49 trust=0.0 phase=onboarding streak=0 cd=-1 mrr=500 bugs=4
PROBE SAT day=34 satisfied=1/2 target=49
[HRSystem] Daily tick — 0 employees (0 izinde)
[SalesSystem] Daily tick — MRR $925
[TimeManager] Daily tick — Day 35 (Δ 7 ms)
PROBE STATE day=35 cash=5979 mrr=925 brand=50 burn=50 runway=10.49 cust=2 emp=0 promises=0 phase=2 aud=0 sat=-1 bugs=5 q=34.8 appetite=closed streak=0/3 profit_streak=0
PROBE CUST day=35 id=co_lead_31_4 sat=48 tol=47 target=48 trust=0.0 phase=onboarding streak=0 cd=-1 mrr=425 bugs=5
PROBE CUST day=35 id=co_lead_31_5 sat=44 tol=47 target=48 trust=0.0 phase=onboarding streak=1 cd=-1 mrr=500 bugs=5
PROBE SAT day=35 satisfied=1/2 target=48
[HRSystem] Daily tick — 0 employees (0 izinde)
[SalesSystem] Daily tick — MRR $925
[TimeManager] Daily tick — Day 36 (Δ 7 ms)
PROBE PLAY day=36 pitch Marmara Klinik -> LOST (mrr 925 -> 925)
PROBE STATE day=36 cash=5960 mrr=925 brand=50 burn=50 runway=10.46 cust=2 emp=0 promises=0 phase=2 aud=0 sat=-1 bugs=5 q=34.7 appetite=closed streak=0/3 profit_streak=0
PROBE CUST day=36 id=co_lead_31_4 sat=48 tol=47 target=48 trust=0.0 phase=onboarding streak=0 cd=-1 mrr=425 bugs=5
PROBE CUST day=36 id=co_lead_31_5 sat=48 tol=47 target=48 trust=0.0 phase=onboarding streak=0 cd=-1 mrr=500 bugs=5
PROBE SAT day=36 satisfied=2/2 target=48
[HRSystem] Daily tick — 0 employees (0 izinde)
[SalesSystem] Daily tick — MRR $925
[TimeManager] Daily tick — Day 37 (Δ 8 ms)
PROBE PLAY day=37 find_prospects (+2)
PROBE STATE day=37 cash=5941 mrr=925 brand=50 burn=50 runway=10.42 cust=2 emp=0 promises=0 phase=2 aud=0 sat=-1 bugs=5 q=34.6 appetite=closed streak=0/3 profit_streak=0
PROBE CUST day=37 id=co_lead_31_4 sat=48 tol=47 target=48 trust=0.0 phase=onboarding streak=0 cd=-1 mrr=425 bugs=5
PROBE CUST day=37 id=co_lead_31_5 sat=48 tol=47 target=48 trust=0.0 phase=onboarding streak=0 cd=-1 mrr=500 bugs=5
PROBE SAT day=37 satisfied=2/2 target=48
[HRSystem] Daily tick — 0 employees (0 izinde)
[SalesSystem] Daily tick — MRR $925
[TimeManager] Daily tick — Day 38 (Δ 6 ms)
PROBE PLAY day=38 pitch Ferrum Endüstri -> SIGNED (mrr 925 -> 1425)
[ProductSystem] Bug sprint started: 6 bugs, 2 days
PROBE PLAY day=38 bug_sprint bugs=6
PROBE STATE day=38 cash=5922 mrr=1425 brand=50 burn=50 runway=98.70 cust=3 emp=0 promises=0 phase=2 aud=0 sat=-1 bugs=6 q=34.0 appetite=closed streak=0/3 profit_streak=0
PROBE CUST day=38 id=co_lead_31_4 sat=47 tol=47 target=47 trust=0.0 phase=onboarding streak=0 cd=-1 mrr=425 bugs=6
PROBE CUST day=38 id=co_lead_31_5 sat=47 tol=47 target=47 trust=0.0 phase=onboarding streak=0 cd=-1 mrr=500 bugs=6
PROBE CUST day=38 id=co_lead_37_7 sat=38 tol=42 target=47 trust=0.0 phase=onboarding streak=0 cd=-1 mrr=500 bugs=6
PROBE SAT day=38 satisfied=2/3 target=47
[HRSystem] Daily tick — 0 employees (0 izinde)
[SalesSystem] Daily tick — MRR $1425
[TimeManager] Daily tick — Day 39 (Δ 7 ms)
PROBE STATE day=39 cash=5920 mrr=1425 brand=50 burn=50 runway=98.67 cust=3 emp=0 promises=0 phase=2 aud=0 sat=-1 bugs=3 q=35.4 appetite=closed streak=0/3 profit_streak=0
PROBE CUST day=39 id=co_lead_31_4 sat=50 tol=47 target=50 trust=0.0 phase=onboarding streak=0 cd=-1 mrr=425 bugs=3
PROBE CUST day=39 id=co_lead_31_5 sat=50 tol=47 target=50 trust=0.0 phase=onboarding streak=0 cd=-1 mrr=500 bugs=3
PROBE CUST day=39 id=co_lead_37_7 sat=43 tol=42 target=50 trust=0.0 phase=onboarding streak=0 cd=-1 mrr=500 bugs=3
PROBE SAT day=39 satisfied=3/3 target=50
[ProductSystem] Bug sprint complete. live_bug now 0
[HRSystem] Daily tick — 0 employees (0 izinde)
[SalesSystem] Daily tick — MRR $1425
[TimeManager] Daily tick — Day 40 (Δ 5 ms)
PROBE PLAY day=40 pitch Aras Klinik -> LOST (mrr 1425 -> 1425)
PROBE STATE day=40 cash=5918 mrr=1425 brand=50 burn=50 runway=98.63 cust=3 emp=0 promises=0 phase=2 aud=0 sat=-1 bugs=0 q=36.8 appetite=closed streak=0/3 profit_streak=0
PROBE CUST day=40 id=co_lead_31_4 sat=52 tol=47 target=52 trust=0.0 phase=onboarding streak=0 cd=-1 mrr=425 bugs=0
PROBE CUST day=40 id=co_lead_31_5 sat=52 tol=47 target=52 trust=0.0 phase=onboarding streak=0 cd=-1 mrr=500 bugs=0
PROBE CUST day=40 id=co_lead_37_7 sat=48 tol=42 target=52 trust=0.0 phase=onboarding streak=0 cd=-1 mrr=500 bugs=0
PROBE SAT day=40 satisfied=3/3 target=52
[HRSystem] Daily tick — 0 employees (0 izinde)
[SalesSystem] Daily tick — MRR $1425
[TimeManager] Daily tick — Day 41 (Δ 9 ms)
PROBE STATE day=41 cash=5916 mrr=1425 brand=50 burn=50 runway=98.60 cust=3 emp=0 promises=0 phase=2 aud=0 sat=-1 bugs=0 q=36.7 appetite=closed streak=0/3 profit_streak=0
PROBE CUST day=41 id=co_lead_31_4 sat=52 tol=47 target=52 trust=0.0 phase=onboarding streak=0 cd=-1 mrr=425 bugs=0
PROBE CUST day=41 id=co_lead_31_5 sat=52 tol=47 target=52 trust=0.0 phase=onboarding streak=0 cd=-1 mrr=500 bugs=0
PROBE CUST day=41 id=co_lead_37_7 sat=52 tol=42 target=52 trust=0.0 phase=onboarding streak=0 cd=-1 mrr=500 bugs=0
PROBE SAT day=41 satisfied=3/3 target=52
[HRSystem] Daily tick — 0 employees (0 izinde)
[SalesSystem] Daily tick — MRR $1425
[TimeManager] Daily tick — Day 42 (Δ 7 ms)
PROBE PLAY day=42 find_prospects (+2)
PROBE STATE day=42 cash=5914 mrr=1425 brand=50 burn=50 runway=98.57 cust=3 emp=0 promises=0 phase=2 aud=0 sat=-1 bugs=0 q=36.6 appetite=closed streak=0/3 profit_streak=0
PROBE CUST day=42 id=co_lead_31_4 sat=52 tol=47 target=52 trust=0.0 phase=onboarding streak=0 cd=-1 mrr=425 bugs=0
PROBE CUST day=42 id=co_lead_31_5 sat=52 tol=47 target=52 trust=0.0 phase=onboarding streak=0 cd=-1 mrr=500 bugs=0
PROBE CUST day=42 id=co_lead_37_7 sat=52 tol=42 target=52 trust=0.0 phase=onboarding streak=0 cd=-1 mrr=500 bugs=0
PROBE SAT day=42 satisfied=3/3 target=52
[HRSystem] Daily tick — 0 employees (0 izinde)
[SalesSystem] Daily tick — MRR $1425
[TimeManager] Daily tick — Day 43 (Δ 6 ms)
PROBE PLAY day=43 pitch Ege Metal -> LOST (mrr 1425 -> 1425)
PROBE STATE day=43 cash=5912 mrr=1425 brand=50 burn=50 runway=98.53 cust=3 emp=0 promises=0 phase=2 aud=0 sat=-1 bugs=1 q=36.1 appetite=closed streak=0/3 profit_streak=0
PROBE CUST day=43 id=co_lead_31_4 sat=51 tol=47 target=51 trust=0.0 phase=onboarding streak=0 cd=-1 mrr=425 bugs=1
PROBE CUST day=43 id=co_lead_31_5 sat=51 tol=47 target=51 trust=0.0 phase=onboarding streak=0 cd=-1 mrr=500 bugs=1
PROBE CUST day=43 id=co_lead_37_7 sat=51 tol=42 target=51 trust=0.0 phase=onboarding streak=0 cd=-1 mrr=500 bugs=1
PROBE SAT day=43 satisfied=3/3 target=51
[HRSystem] Daily tick — 0 employees (0 izinde)
[SalesSystem] Daily tick — MRR $1425
[TimeManager] Daily tick — Day 44 (Δ 6 ms)
PROBE STATE day=44 cash=5910 mrr=1425 brand=50 burn=50 runway=98.50 cust=3 emp=0 promises=0 phase=2 aud=0 sat=-1 bugs=1 q=36.0 appetite=closed streak=0/3 profit_streak=0
PROBE CUST day=44 id=co_lead_31_4 sat=51 tol=47 target=51 trust=0.0 phase=onboarding streak=0 cd=-1 mrr=425 bugs=1
PROBE CUST day=44 id=co_lead_31_5 sat=51 tol=47 target=51 trust=0.0 phase=onboarding streak=0 cd=-1 mrr=500 bugs=1
PROBE CUST day=44 id=co_lead_37_7 sat=51 tol=42 target=51 trust=0.0 phase=onboarding streak=0 cd=-1 mrr=500 bugs=1
PROBE SAT day=44 satisfied=3/3 target=51
[HRSystem] Daily tick — 0 employees (0 izinde)
[SalesSystem] Daily tick — MRR $1425
[TimeManager] Daily tick — Day 45 (Δ 6 ms)
PROBE PLAY day=45 pitch Medisa Grup -> LOST (mrr 1425 -> 1425)
PROBE STATE day=45 cash=5908 mrr=1425 brand=50 burn=50 runway=98.47 cust=3 emp=0 promises=0 phase=2 aud=0 sat=-1 bugs=1 q=35.9 appetite=closed streak=0/3 profit_streak=0
PROBE CUST day=45 id=co_lead_31_4 sat=51 tol=47 target=51 trust=0.0 phase=onboarding streak=0 cd=-1 mrr=425 bugs=1
PROBE CUST day=45 id=co_lead_31_5 sat=51 tol=47 target=51 trust=0.0 phase=onboarding streak=0 cd=-1 mrr=500 bugs=1
PROBE CUST day=45 id=co_lead_37_7 sat=51 tol=42 target=51 trust=0.0 phase=onboarding streak=0 cd=-1 mrr=500 bugs=1
PROBE SAT day=45 satisfied=3/3 target=51
[HRSystem] Daily tick — 0 employees (0 izinde)
[SalesSystem] Daily tick — MRR $1425
[TimeManager] Daily tick — Day 46 (Δ 9 ms)
PROBE STATE day=46 cash=5906 mrr=1425 brand=50 burn=50 runway=98.43 cust=3 emp=0 promises=0 phase=2 aud=0 sat=-1 bugs=2 q=35.3 appetite=closed streak=0/3 profit_streak=0
PROBE CUST day=46 id=co_lead_31_4 sat=50 tol=47 target=50 trust=0.0 phase=onboarding streak=0 cd=-1 mrr=425 bugs=2
PROBE CUST day=46 id=co_lead_31_5 sat=50 tol=47 target=50 trust=0.0 phase=onboarding streak=0 cd=-1 mrr=500 bugs=2
PROBE CUST day=46 id=co_lead_37_7 sat=50 tol=42 target=50 trust=0.0 phase=onboarding streak=0 cd=-1 mrr=500 bugs=2
PROBE SAT day=46 satisfied=3/3 target=50
[HRSystem] Daily tick — 0 employees (0 izinde)
[SalesSystem] Daily tick — MRR $1425
[TimeManager] Daily tick — Day 47 (Δ 8 ms)
PROBE PLAY day=47 find_prospects (+2)
PROBE STATE day=47 cash=5904 mrr=1425 brand=50 burn=50 runway=98.40 cust=3 emp=0 promises=0 phase=2 aud=0 sat=-1 bugs=2 q=35.2 appetite=closed streak=0/3 profit_streak=0
PROBE CUST day=47 id=co_lead_31_4 sat=50 tol=47 target=50 trust=0.0 phase=onboarding streak=0 cd=-1 mrr=425 bugs=2
PROBE CUST day=47 id=co_lead_31_5 sat=50 tol=47 target=50 trust=0.0 phase=onboarding streak=0 cd=-1 mrr=500 bugs=2
PROBE CUST day=47 id=co_lead_37_7 sat=50 tol=42 target=50 trust=0.0 phase=onboarding streak=0 cd=-1 mrr=500 bugs=2
PROBE SAT day=47 satisfied=3/3 target=50
[HRSystem] Daily tick — 0 employees (0 izinde)
[SalesSystem] Daily tick — MRR $1425
[TimeManager] Daily tick — Day 48 (Δ 7 ms)
PROBE PLAY day=48 pitch Trakya Fabrika -> LOST (mrr 1425 -> 1425)
PROBE STATE day=48 cash=5902 mrr=1425 brand=50 burn=50 runway=98.37 cust=3 emp=0 promises=0 phase=2 aud=0 sat=-1 bugs=2 q=35.1 appetite=closed streak=0/3 profit_streak=0
PROBE CUST day=48 id=co_lead_31_4 sat=50 tol=47 target=50 trust=0.0 phase=onboarding streak=0 cd=-1 mrr=425 bugs=2
PROBE CUST day=48 id=co_lead_31_5 sat=50 tol=47 target=50 trust=0.0 phase=onboarding streak=0 cd=-1 mrr=500 bugs=2
PROBE CUST day=48 id=co_lead_37_7 sat=50 tol=42 target=50 trust=0.0 phase=onboarding streak=0 cd=-1 mrr=500 bugs=2
PROBE SAT day=48 satisfied=3/3 target=50
[HRSystem] Daily tick — 0 employees (0 izinde)
[SalesSystem] Daily tick — MRR $1425
[TimeManager] Daily tick — Day 49 (Δ 6 ms)
PROBE STATE day=49 cash=5900 mrr=1425 brand=50 burn=50 runway=98.33 cust=3 emp=0 promises=0 phase=2 aud=0 sat=-1 bugs=3 q=34.5 appetite=closed streak=0/3 profit_streak=0
PROBE CUST day=49 id=co_lead_31_4 sat=50 tol=47 target=50 trust=0.0 phase=onboarding streak=0 cd=-1 mrr=425 bugs=3
PROBE CUST day=49 id=co_lead_31_5 sat=50 tol=47 target=50 trust=0.0 phase=onboarding streak=0 cd=-1 mrr=500 bugs=3
PROBE CUST day=49 id=co_lead_37_7 sat=50 tol=42 target=50 trust=0.0 phase=onboarding streak=0 cd=-1 mrr=500 bugs=3
PROBE SAT day=49 satisfied=3/3 target=50
[HRSystem] Daily tick — 0 employees (0 izinde)
[SalesSystem] Daily tick — MRR $1425
[TimeManager] Daily tick — Day 50 (Δ 6 ms)
PROBE PLAY day=50 pitch Vita Medikal -> LOST (mrr 1425 -> 1425)
PROBE STATE day=50 cash=5898 mrr=1425 brand=50 burn=50 runway=98.30 cust=3 emp=0 promises=0 phase=2 aud=0 sat=-1 bugs=3 q=34.4 appetite=closed streak=0/3 profit_streak=0
PROBE CUST day=50 id=co_lead_31_4 sat=50 tol=47 target=50 trust=0.0 phase=onboarding streak=0 cd=-1 mrr=425 bugs=3
PROBE CUST day=50 id=co_lead_31_5 sat=50 tol=47 target=50 trust=0.0 phase=onboarding streak=0 cd=-1 mrr=500 bugs=3
PROBE CUST day=50 id=co_lead_37_7 sat=50 tol=42 target=50 trust=0.0 phase=onboarding streak=0 cd=-1 mrr=500 bugs=3
PROBE SAT day=50 satisfied=3/3 target=50
[HRSystem] Daily tick — 0 employees (0 izinde)
[SalesSystem] Daily tick — MRR $1425
[TimeManager] Daily tick — Day 51 (Δ 7 ms)
PROBE STATE day=51 cash=5896 mrr=1425 brand=50 burn=50 runway=98.27 cust=3 emp=0 promises=0 phase=2 aud=0 sat=-1 bugs=4 q=33.8 appetite=closed streak=0/3 profit_streak=0
PROBE CUST day=51 id=co_lead_31_4 sat=49 tol=47 target=49 trust=0.0 phase=onboarding streak=0 cd=-1 mrr=425 bugs=4
PROBE CUST day=51 id=co_lead_31_5 sat=49 tol=47 target=49 trust=0.0 phase=onboarding streak=0 cd=-1 mrr=500 bugs=4
PROBE CUST day=51 id=co_lead_37_7 sat=49 tol=42 target=49 trust=0.0 phase=onboarding streak=0 cd=-1 mrr=500 bugs=4
PROBE SAT day=51 satisfied=3/3 target=49
PROBE FIRE day=51 hour=15 id=ev_ps_referral_b2b src=pool
[EventManager] Eligible: ev_ps_referral_b2b
[EventManager] Modal requested: ev_ps_referral_b2b
PROBE PICK day=51 id=ev_ps_referral_b2b choice=0 label=Kabul et — özellik sözü ver
[EventManager] Resolved: ev_ps_referral_b2b choice 0
[HRSystem] Daily tick — 0 employees (0 izinde)
[SalesSystem] Daily tick — MRR $1425
[TimeManager] Daily tick — Day 52 (Δ 8 ms)
PROBE PLAY day=52 pitch Marmara Klinik -> SIGNED (mrr 1425 -> 3125)
PROBE STATE day=52 cash=5494 mrr=3125 brand=50 burn=50 runway=INF cust=4 emp=0 promises=0 phase=2 aud=0 sat=-1 bugs=4 q=33.7 appetite=closed streak=0/3 profit_streak=0
PROBE CUST day=52 id=co_lead_31_4 sat=49 tol=47 target=49 trust=0.0 phase=onboarding streak=0 cd=-1 mrr=425 bugs=4
PROBE CUST day=52 id=co_lead_31_5 sat=49 tol=47 target=49 trust=0.0 phase=onboarding streak=0 cd=-1 mrr=500 bugs=4
PROBE CUST day=52 id=co_lead_37_7 sat=49 tol=42 target=49 trust=0.0 phase=onboarding streak=0 cd=-1 mrr=500 bugs=4
PROBE CUST day=52 id=co_lead_51_13 sat=39 tol=56 target=49 trust=0.0 phase=onboarding streak=0 cd=-1 mrr=1700 bugs=4
PROBE SAT day=52 satisfied=3/4 target=49
[HRSystem] Daily tick — 0 employees (0 izinde)
[SalesSystem] Daily tick — MRR $3125
[AngelRoundSystem] Frank seed offered at MRR $3125 (day 53)
PROBE FIRE day=53 hour=0 id=ev_angel_frank_seed src=factory:angel_round_system (seed offer)
[EventManager] Modal requested: ev_angel_frank_seed
[TimeManager] Daily tick — Day 53 (Δ 11 ms)
PROBE PICK day=53 id=ev_angel_frank_seed choice=0 label=Kabul et
[FinanceSystem] one-time income $25000 (angel_seed)
[AngelRoundSystem] seed taken: +$25000 for 4% (day 53)
[EventManager] Resolved: ev_angel_frank_seed choice 0
PROBE PLAY day=53 find_prospects (+2)
[FinanceSystem] one-time cost $600 (hire)
PROBE PLAY day=53 start_search developer/junior
PROBE STATE day=53 cash=29948 mrr=3125 brand=50 burn=50 runway=INF cust=4 emp=0 promises=0 phase=2 aud=0 sat=-1 bugs=4 q=33.6 appetite=closed streak=0/3 profit_streak=0
PROBE CUST day=53 id=co_lead_31_4 sat=49 tol=47 target=49 trust=0.0 phase=onboarding streak=0 cd=-1 mrr=425 bugs=4
PROBE CUST day=53 id=co_lead_31_5 sat=49 tol=47 target=49 trust=0.0 phase=onboarding streak=0 cd=-1 mrr=500 bugs=4
PROBE CUST day=53 id=co_lead_37_7 sat=49 tol=42 target=49 trust=0.0 phase=onboarding streak=0 cd=-1 mrr=500 bugs=4
PROBE CUST day=53 id=co_lead_51_13 sat=44 tol=56 target=49 trust=0.0 phase=onboarding streak=1 cd=-1 mrr=1700 bugs=4
PROBE SAT day=53 satisfied=3/4 target=49
[HRSystem] Daily tick — 0 employees (0 izinde)
[SalesSystem] Daily tick — MRR $3125
[TimeManager] Daily tick — Day 54 (Δ 9 ms)
PROBE PLAY day=54 pitch Nordica Lojistik -> LOST (mrr 3125 -> 3125)
PROBE STATE day=54 cash=30002 mrr=3125 brand=50 burn=50 runway=INF cust=4 emp=0 promises=0 phase=2 aud=0 sat=-1 bugs=5 q=33.0 appetite=closed streak=0/3 profit_streak=0
PROBE CUST day=54 id=co_lead_31_4 sat=48 tol=47 target=48 trust=0.0 phase=onboarding streak=0 cd=-1 mrr=425 bugs=5
PROBE CUST day=54 id=co_lead_31_5 sat=48 tol=47 target=48 trust=0.0 phase=onboarding streak=0 cd=-1 mrr=500 bugs=5
PROBE CUST day=54 id=co_lead_37_7 sat=48 tol=42 target=48 trust=0.0 phase=onboarding streak=0 cd=-1 mrr=500 bugs=5
PROBE CUST day=54 id=co_lead_51_13 sat=48 tol=56 target=48 trust=0.0 phase=onboarding streak=2 cd=-1 mrr=1700 bugs=5
PROBE SAT day=54 satisfied=3/4 target=48
[HRSearchSystem] 3 aday dosyası hazır (developer / junior, seed 691)
[HRSystem] Daily tick — 0 employees (0 izinde)
PROBE FIRE day=55 hour=0 id=ev_b2b_retain_co_lead_51_13 src=factory:b2b_sales_system:203 (retention)
[EventManager] Modal requested: ev_b2b_retain_co_lead_51_13
[SalesSystem] Daily tick — MRR $3125
PROBE FIRE day=55 hour=0 id=ev_angel_hire_nudge src=factory:angel_round_system (hire nudge)
[TimeManager] Daily tick — Day 55 (Δ 9 ms)
PROBE PICK day=55 id=ev_b2b_retain_co_lead_51_13 choice=0 label=Söz ver: 'mobil uygulama'
PROBE PROMISE day=55 stage=created id=promise_co_lead_51_13_saas_ops_mobile_55 status=open feature=saas_ops_mobile deadline=69 cust=co_lead_51_13 sat=48 tol=56 countdown=7 phase=risk
[EventManager] Resolved: ev_b2b_retain_co_lead_51_13 choice 0
[EventManager] Modal requested: ev_angel_hire_nudge
PROBE PICK day=55 id=ev_angel_hire_nudge choice=0 label=İK'ya git
[EventManager] Resolved: ev_angel_hire_nudge choice 0
[FinanceSystem] one-time cost $945 (hire)
[HRSearchSystem] hire: Baran Erdem (developer) $6300/mo, komisyon $945
PROBE PLAY day=55 hire developer salary=6300 burn=50
[ProductSystem] v2 build started: 4 features (union), total_efor=8, seeded I12/S27/E16 bugs=10
PROBE PLAY day=55 start_version_build feature=saas_ops_mobile (promise promise_co_lead_51_13_saas_ops_mobile_55 deadline=69)
PROBE STATE day=55 cash=29111 mrr=3125 brand=50 burn=50 runway=INF cust=4 emp=1 promises=1 phase=2 aud=0 sat=-1 bugs=5 q=32.9 appetite=closed streak=0/3 profit_streak=0
PROBE CUST day=55 id=co_lead_31_4 sat=48 tol=47 target=48 trust=0.0 phase=onboarding streak=0 cd=-1 mrr=425 bugs=5
PROBE CUST day=55 id=co_lead_31_5 sat=48 tol=47 target=48 trust=0.0 phase=onboarding streak=0 cd=-1 mrr=500 bugs=5
PROBE CUST day=55 id=co_lead_37_7 sat=48 tol=42 target=48 trust=0.0 phase=onboarding streak=0 cd=-1 mrr=500 bugs=5
PROBE CUST day=55 id=co_lead_51_13 sat=56 tol=56 target=48 trust=0.0 phase=onboarding streak=0 cd=-1 mrr=1700 bugs=5
PROBE SAT day=55 satisfied=4/4 target=48
PROBE FIRE day=55 hour=22 id=ev_mvp_iter_001_scope_creep src=pool
[EventManager] Eligible: ev_mvp_iter_001_scope_creep
[EventManager] Modal requested: ev_mvp_iter_001_scope_creep
PROBE PICK day=55 id=ev_mvp_iter_001_scope_creep choice=0 label=Düzgün yap — birkaç gün daha gerek
[EventManager] Resolved: ev_mvp_iter_001_scope_creep choice 0
[HRSystem] Daily tick — 1 employees (0 izinde)
[SalesSystem] Daily tick — MRR $3125
[TimeManager] Daily tick — Day 56 (Δ 12 ms)
PROBE PLAY day=56 pitch Beykoz Üretim -> LOST (mrr 3125 -> 3125)
PROBE STATE day=56 cash=28955 mrr=3125 brand=50 burn=260 runway=6.19 cust=4 emp=1 promises=1 phase=2 aud=0 sat=-1 bugs=5 q=32.9 appetite=closed streak=0/3 profit_streak=0
PROBE CUST day=56 id=co_lead_31_4 sat=48 tol=47 target=48 trust=0.0 phase=onboarding streak=0 cd=-1 mrr=425 bugs=5
PROBE CUST day=56 id=co_lead_31_5 sat=48 tol=47 target=48 trust=0.0 phase=onboarding streak=0 cd=-1 mrr=500 bugs=5
PROBE CUST day=56 id=co_lead_37_7 sat=48 tol=42 target=48 trust=0.0 phase=onboarding streak=0 cd=-1 mrr=500 bugs=5
PROBE CUST day=56 id=co_lead_51_13 sat=51 tol=56 target=48 trust=0.0 phase=onboarding streak=1 cd=-1 mrr=1700 bugs=5
PROBE SAT day=56 satisfied=3/4 target=48
[ProductSystem] Iteration round 2 started (4 days)
[HRSystem] Daily tick — 1 employees (0 izinde)
[SalesSystem] Daily tick — MRR $3125
[TimeManager] Daily tick — Day 57 (Δ 9 ms)
[ProductSystem] Bug sprint started: 6 bugs, 2 days
PROBE PLAY day=57 bug_sprint bugs=6
PROBE STATE day=57 cash=28799 mrr=3125 brand=50 burn=260 runway=6.15 cust=4 emp=1 promises=1 phase=2 aud=0 sat=-1 bugs=6 q=32.2 appetite=closed streak=0/3 profit_streak=0
PROBE CUST day=57 id=co_lead_31_4 sat=47 tol=47 target=47 trust=0.0 phase=onboarding streak=0 cd=-1 mrr=425 bugs=6
PROBE CUST day=57 id=co_lead_31_5 sat=47 tol=47 target=47 trust=0.0 phase=onboarding streak=0 cd=-1 mrr=500 bugs=6
PROBE CUST day=57 id=co_lead_37_7 sat=47 tol=42 target=47 trust=0.0 phase=onboarding streak=0 cd=-1 mrr=500 bugs=6
PROBE CUST day=57 id=co_lead_51_13 sat=47 tol=56 target=47 trust=0.0 phase=onboarding streak=2 cd=-1 mrr=1700 bugs=6
PROBE SAT day=57 satisfied=3/4 target=47
[HRSystem] Daily tick — 1 employees (0 izinde)
[SalesSystem] Daily tick — MRR $3125
[TimeManager] Daily tick — Day 58 (Δ 7 ms)
PROBE PLAY day=58 find_prospects (+2)
PROBE PLAY day=58 enter_development
PROBE STATE day=58 cash=28643 mrr=3125 brand=50 burn=260 runway=6.12 cust=4 emp=1 promises=1 phase=2 aud=0 sat=-1 bugs=3 q=33.7 appetite=closed streak=0/3 profit_streak=0
PROBE CUST day=58 id=co_lead_31_4 sat=50 tol=47 target=50 trust=0.0 phase=onboarding streak=0 cd=-1 mrr=425 bugs=3
PROBE CUST day=58 id=co_lead_31_5 sat=50 tol=47 target=50 trust=0.0 phase=onboarding streak=0 cd=-1 mrr=500 bugs=3
PROBE CUST day=58 id=co_lead_37_7 sat=50 tol=42 target=50 trust=0.0 phase=onboarding streak=0 cd=-1 mrr=500 bugs=3
PROBE CUST day=58 id=co_lead_51_13 sat=50 tol=56 target=50 trust=0.0 phase=onboarding streak=3 cd=-1 mrr=1700 bugs=3
PROBE SAT day=58 satisfied=3/4 target=50
[ProductSystem] Bug sprint complete. live_bug now 0
[HRSystem] Daily tick — 1 employees (0 izinde)
[SalesSystem] Daily tick — MRR $3125
[TimeManager] Daily tick — Day 59 (Δ 9 ms)
PROBE PLAY day=59 pitch Nordica Lojistik -> SIGNED (mrr 3125 -> 3550)
PROBE STATE day=59 cash=28487 mrr=3550 brand=50 burn=260 runway=6.69 cust=5 emp=1 promises=1 phase=2 aud=0 sat=-1 bugs=0 q=35.1 appetite=closed streak=0/3 profit_streak=0
PROBE CUST day=59 id=co_lead_31_4 sat=52 tol=47 target=52 trust=0.0 phase=onboarding streak=0 cd=-1 mrr=425 bugs=0
PROBE CUST day=59 id=co_lead_31_5 sat=52 tol=47 target=52 trust=0.0 phase=onboarding streak=0 cd=-1 mrr=500 bugs=0
PROBE CUST day=59 id=co_lead_37_7 sat=52 tol=42 target=52 trust=0.0 phase=onboarding streak=0 cd=-1 mrr=500 bugs=0
PROBE CUST day=59 id=co_lead_51_13 sat=52 tol=56 target=52 trust=0.0 phase=onboarding streak=4 cd=-1 mrr=1700 bugs=0
PROBE CUST day=59 id=co_lead_58_16 sat=40 tol=42 target=52 trust=0.0 phase=onboarding streak=0 cd=-1 mrr=425 bugs=0
PROBE SAT day=59 satisfied=3/5 target=52
[HRSystem] Daily tick — 1 employees (0 izinde)
[SalesSystem] Daily tick — MRR $3550
PROBE MONTH day=60 n=2 mrr_close=3550 income=1670 expense=3995 net=-2325 red=0 growth_pct=n/a streak=0 profit_streak=0
[TimeManager] Daily tick — Day 60 (Δ 10 ms)
PROBE STATE day=60 cash=28345 mrr=3550 brand=50 burn=260 runway=6.65 cust=5 emp=1 promises=1 phase=2 aud=0 sat=-1 bugs=0 q=35.0 appetite=closed streak=0/3 profit_streak=0
PROBE CUST day=60 id=co_lead_31_4 sat=52 tol=47 target=52 trust=0.0 phase=onboarding streak=0 cd=-1 mrr=425 bugs=0
PROBE CUST day=60 id=co_lead_31_5 sat=52 tol=47 target=52 trust=0.0 phase=onboarding streak=0 cd=-1 mrr=500 bugs=0
PROBE CUST day=60 id=co_lead_37_7 sat=52 tol=42 target=52 trust=0.0 phase=onboarding streak=0 cd=-1 mrr=500 bugs=0
PROBE CUST day=60 id=co_lead_51_13 sat=52 tol=56 target=52 trust=0.0 phase=onboarding streak=5 cd=-1 mrr=1700 bugs=0
PROBE CUST day=60 id=co_lead_58_16 sat=45 tol=42 target=52 trust=0.0 phase=onboarding streak=0 cd=-1 mrr=425 bugs=0
PROBE SAT day=60 satisfied=4/5 target=52
[HRSystem] Daily tick — 1 employees (0 izinde)
[SalesSystem] Daily tick — MRR $3550
[TimeManager] Daily tick — Day 61 (Δ 9 ms)
PROBE PLAY day=61 pitch Vulkan Döküm -> CALLBACK (mrr 3550 -> 3550)
[ProductSystem] Development band complete → BETA. hidden_bugs=14
PROBE PLAY day=61 enter_beta
PROBE STATE day=61 cash=28203 mrr=3550 brand=50 burn=260 runway=6.62 cust=5 emp=1 promises=1 phase=2 aud=0 sat=-1 bugs=0 q=35.0 appetite=closed streak=0/3 profit_streak=0
PROBE CUST day=61 id=co_lead_31_4 sat=52 tol=47 target=52 trust=0.0 phase=onboarding streak=0 cd=-1 mrr=425 bugs=0
PROBE CUST day=61 id=co_lead_31_5 sat=52 tol=47 target=52 trust=0.0 phase=onboarding streak=0 cd=-1 mrr=500 bugs=0
PROBE CUST day=61 id=co_lead_37_7 sat=52 tol=42 target=52 trust=0.0 phase=onboarding streak=0 cd=-1 mrr=500 bugs=0
PROBE CUST day=61 id=co_lead_51_13 sat=52 tol=56 target=52 trust=0.0 phase=onboarding streak=6 cd=-1 mrr=1700 bugs=0
PROBE CUST day=61 id=co_lead_58_16 sat=50 tol=42 target=52 trust=0.0 phase=onboarding streak=0 cd=-1 mrr=425 bugs=0
PROBE SAT day=61 satisfied=4/5 target=52
PROBE FIRE day=61 hour=22 id=ev_mvp_bugfix_001_critical_bug src=pool
[EventManager] Eligible: ev_mvp_bugfix_001_critical_bug
[EventManager] Modal requested: ev_mvp_bugfix_001_critical_bug
PROBE PICK day=61 id=ev_mvp_bugfix_001_critical_bug choice=0 label=Çıkışı ertele, çöz
[EventManager] Resolved: ev_mvp_bugfix_001_critical_bug choice 0
[HRSystem] Daily tick — 1 employees (0 izinde)
[SalesSystem] Daily tick — MRR $3550
[TimeManager] Daily tick — Day 62 (Δ 14 ms)
PROBE STATE day=62 cash=27911 mrr=3550 brand=50 burn=260 runway=6.55 cust=5 emp=1 promises=1 phase=2 aud=0 sat=-1 bugs=1 q=34.4 appetite=closed streak=0/3 profit_streak=0
PROBE CUST day=62 id=co_lead_31_4 sat=51 tol=47 target=51 trust=0.0 phase=active streak=0 cd=-1 mrr=425 bugs=1
PROBE CUST day=62 id=co_lead_31_5 sat=51 tol=47 target=51 trust=0.0 phase=onboarding streak=0 cd=-1 mrr=500 bugs=1
PROBE CUST day=62 id=co_lead_37_7 sat=51 tol=42 target=51 trust=0.0 phase=onboarding streak=0 cd=-1 mrr=500 bugs=1
PROBE CUST day=62 id=co_lead_51_13 sat=51 tol=56 target=51 trust=0.0 phase=onboarding streak=7 cd=-1 mrr=1700 bugs=1
PROBE CUST day=62 id=co_lead_58_16 sat=51 tol=42 target=51 trust=0.0 phase=onboarding streak=0 cd=-1 mrr=425 bugs=1
PROBE SAT day=62 satisfied=4/5 target=51
[HRSystem] Daily tick — 1 employees (0 izinde)
[SalesSystem] Daily tick — MRR $3550
[TimeManager] Daily tick — Day 63 (Δ 7 ms)
PROBE PLAY day=63 pitch Vulkan Döküm -> LOST (mrr 3550 -> 3550)
PROBE PLAY day=63 launch build=["saas_ops_integration", "saas_ops_field", "saas_ops_scheduling", "saas_ops_mobile"] bugs=1
PROBE FIRE day=63 hour=0 id=ev_mvp_version_ship_moment src=factory:product_system:1266 (version_ship)
[EventManager] Modal requested: ev_mvp_version_ship_moment
PROBE PICK day=63 id=ev_mvp_version_ship_moment choice=0 label=Yayına devam
PROBE PROMISE day=63 stage=resolved id=promise_co_lead_51_13_saas_ops_mobile_55 status=kept feature=saas_ops_mobile deadline=69 cust=co_lead_51_13 sat=51 tol=56 countdown=-1 phase=onboarding
PROBE SHIP day=63 version=2 stability=31.0 innovation=12.0 experience=22.0 bugs=1 components=["saas_ops_integration", "saas_ops_field", "saas_ops_scheduling", "saas_ops_mobile"]
[ProductSystem] Build shipped. mvp_shipped flag set.
[EventManager] Resolved: ev_mvp_version_ship_moment choice 0
PROBE STATE day=63 cash=27769 mrr=3550 brand=50 burn=260 runway=6.52 cust=5 emp=1 promises=1 phase=2 aud=0 sat=-1 bugs=1 q=42.1 appetite=closed streak=0/3 profit_streak=0
PROBE CUST day=63 id=co_lead_31_4 sat=51 tol=47 target=55 trust=0.0 phase=active streak=0 cd=-1 mrr=425 bugs=1
PROBE CUST day=63 id=co_lead_31_5 sat=51 tol=47 target=55 trust=0.0 phase=onboarding streak=0 cd=-1 mrr=500 bugs=1
PROBE CUST day=63 id=co_lead_37_7 sat=51 tol=42 target=55 trust=0.0 phase=onboarding streak=0 cd=-1 mrr=500 bugs=1
PROBE CUST day=63 id=co_lead_51_13 sat=66 tol=51 target=61 trust=6.0 phase=onboarding streak=0 cd=-1 mrr=1700 bugs=1
PROBE CUST day=63 id=co_lead_58_16 sat=51 tol=42 target=55 trust=0.0 phase=onboarding streak=0 cd=-1 mrr=425 bugs=1
PROBE SAT day=63 satisfied=5/5 target=55
[HRSystem] Daily tick — 1 employees (0 izinde)
[SalesSystem] Daily tick — MRR $3550
[TimeManager] Daily tick — Day 64 (Δ 11 ms)
PROBE PLAY day=64 find_prospects (+2)
PROBE STATE day=64 cash=27627 mrr=3550 brand=50 burn=260 runway=6.49 cust=5 emp=1 promises=1 phase=2 aud=0 sat=-1 bugs=1 q=42.1 appetite=closed streak=0/3 profit_streak=0
PROBE CUST day=64 id=co_lead_31_4 sat=54 tol=47 target=55 trust=0.0 phase=active streak=0 cd=-1 mrr=425 bugs=1
PROBE CUST day=64 id=co_lead_31_5 sat=54 tol=47 target=55 trust=0.0 phase=active streak=0 cd=-1 mrr=500 bugs=1
PROBE CUST day=64 id=co_lead_37_7 sat=55 tol=42 target=55 trust=0.0 phase=onboarding streak=0 cd=-1 mrr=500 bugs=1
PROBE CUST day=64 id=co_lead_51_13 sat=61 tol=51 target=60 trust=5.6 phase=onboarding streak=0 cd=-1 mrr=1700 bugs=1
PROBE CUST day=64 id=co_lead_58_16 sat=55 tol=42 target=55 trust=0.0 phase=onboarding streak=0 cd=-1 mrr=425 bugs=1
PROBE SAT day=64 satisfied=5/5 target=55
[HRSystem] Daily tick — 1 employees (0 izinde)
[SalesSystem] Daily tick — MRR $3550
[TimeManager] Daily tick — Day 65 (Δ 7 ms)
PROBE PLAY day=65 pitch Adriatic Assurance -> LOST (mrr 3550 -> 3550)
PROBE STATE day=65 cash=27485 mrr=3550 brand=50 burn=260 runway=6.45 cust=5 emp=1 promises=1 phase=2 aud=0 sat=-1 bugs=1 q=42.0 appetite=closed streak=0/3 profit_streak=0
PROBE CUST day=65 id=co_lead_31_4 sat=55 tol=47 target=55 trust=0.0 phase=active streak=0 cd=-1 mrr=425 bugs=1
PROBE CUST day=65 id=co_lead_31_5 sat=55 tol=47 target=55 trust=0.0 phase=active streak=0 cd=-1 mrr=500 bugs=1
PROBE CUST day=65 id=co_lead_37_7 sat=55 tol=42 target=55 trust=0.0 phase=onboarding streak=0 cd=-1 mrr=500 bugs=1
PROBE CUST day=65 id=co_lead_51_13 sat=60 tol=51 target=60 trust=5.2 phase=onboarding streak=0 cd=-1 mrr=1700 bugs=1
PROBE CUST day=65 id=co_lead_58_16 sat=55 tol=42 target=55 trust=0.0 phase=onboarding streak=0 cd=-1 mrr=425 bugs=1
PROBE SAT day=65 satisfied=5/5 target=55
[HRSystem] Daily tick — 1 employees (0 izinde)
[SalesSystem] Daily tick — MRR $3550
[TimeManager] Daily tick — Day 66 (Δ 9 ms)
PROBE STATE day=66 cash=27343 mrr=3550 brand=50 burn=260 runway=6.42 cust=5 emp=1 promises=1 phase=2 aud=0 sat=-1 bugs=2 q=41.5 appetite=closed streak=0/3 profit_streak=0
PROBE CUST day=66 id=co_lead_31_4 sat=54 tol=47 target=54 trust=0.0 phase=active streak=0 cd=-1 mrr=425 bugs=2
PROBE CUST day=66 id=co_lead_31_5 sat=54 tol=47 target=54 trust=0.0 phase=active streak=0 cd=-1 mrr=500 bugs=2
PROBE CUST day=66 id=co_lead_37_7 sat=54 tol=42 target=54 trust=0.0 phase=onboarding streak=0 cd=-1 mrr=500 bugs=2
PROBE CUST day=66 id=co_lead_51_13 sat=59 tol=51 target=59 trust=4.8 phase=onboarding streak=0 cd=-1 mrr=1700 bugs=2
PROBE CUST day=66 id=co_lead_58_16 sat=54 tol=42 target=54 trust=0.0 phase=onboarding streak=0 cd=-1 mrr=425 bugs=2
PROBE SAT day=66 satisfied=5/5 target=54
[HRSystem] Daily tick — 1 employees (0 izinde)
[SalesSystem] Daily tick — MRR $3550
[TimeManager] Daily tick — Day 67 (Δ 10 ms)
PROBE PLAY day=67 pitch Ege Kargo -> SIGNED (mrr 3550 -> 3975)
PROBE STATE day=67 cash=27201 mrr=3975 brand=50 burn=260 runway=7.14 cust=6 emp=1 promises=1 phase=2 aud=0 sat=-1 bugs=2 q=41.5 appetite=closed streak=0/3 profit_streak=0
PROBE CUST day=67 id=co_lead_31_4 sat=54 tol=47 target=54 trust=0.0 phase=active streak=0 cd=-1 mrr=425 bugs=2
PROBE CUST day=67 id=co_lead_31_5 sat=54 tol=47 target=54 trust=0.0 phase=active streak=0 cd=-1 mrr=500 bugs=2
PROBE CUST day=67 id=co_lead_37_7 sat=54 tol=42 target=54 trust=0.0 phase=onboarding streak=0 cd=-1 mrr=500 bugs=2
PROBE CUST day=67 id=co_lead_51_13 sat=58 tol=51 target=58 trust=4.4 phase=onboarding streak=0 cd=-1 mrr=1700 bugs=2
PROBE CUST day=67 id=co_lead_58_16 sat=54 tol=42 target=54 trust=0.0 phase=onboarding streak=0 cd=-1 mrr=425 bugs=2
PROBE CUST day=67 id=co_lead_64_19 sat=50 tol=42 target=54 trust=0.0 phase=onboarding streak=0 cd=-1 mrr=425 bugs=2
PROBE SAT day=67 satisfied=6/6 target=54
PROBE FIRE day=67 hour=12 id=ev_ps_referral_b2b src=pool
[EventManager] Eligible: ev_ps_referral_b2b
[EventManager] Modal requested: ev_ps_referral_b2b
PROBE PICK day=67 id=ev_ps_referral_b2b choice=0 label=Kabul et — özellik sözü ver
[EventManager] Resolved: ev_ps_referral_b2b choice 0
[HRSystem] Daily tick — 1 employees (0 izinde)
[SalesSystem] Daily tick — MRR $3975
[TimeManager] Daily tick — Day 68 (Δ 9 ms)
PROBE STATE day=68 cash=26674 mrr=3975 brand=50 burn=260 runway=7.00 cust=6 emp=1 promises=1 phase=2 aud=0 sat=-1 bugs=3 q=41.0 appetite=closed streak=0/3 profit_streak=0
PROBE CUST day=68 id=co_lead_31_4 sat=53 tol=47 target=53 trust=0.0 phase=active streak=0 cd=-1 mrr=425 bugs=3
PROBE CUST day=68 id=co_lead_31_5 sat=53 tol=47 target=53 trust=0.0 phase=active streak=0 cd=-1 mrr=500 bugs=3
PROBE CUST day=68 id=co_lead_37_7 sat=53 tol=42 target=53 trust=0.0 phase=active streak=0 cd=-1 mrr=500 bugs=3
PROBE CUST day=68 id=co_lead_51_13 sat=57 tol=51 target=57 trust=4.0 phase=onboarding streak=0 cd=-1 mrr=1700 bugs=3
PROBE CUST day=68 id=co_lead_58_16 sat=53 tol=42 target=53 trust=0.0 phase=onboarding streak=0 cd=-1 mrr=425 bugs=3
PROBE CUST day=68 id=co_lead_64_19 sat=53 tol=42 target=53 trust=0.0 phase=onboarding streak=0 cd=-1 mrr=425 bugs=3
PROBE SAT day=68 satisfied=6/6 target=53
[HRSystem] Daily tick — 1 employees (0 izinde)
[SalesSystem] Daily tick — MRR $3975
[TimeManager] Daily tick — Day 69 (Δ 8 ms)
PROBE PLAY day=69 pitch Trakya Fabrika -> LOST (mrr 3975 -> 3975)
PROBE STATE day=69 cash=26547 mrr=3975 brand=50 burn=260 runway=6.97 cust=6 emp=1 promises=1 phase=2 aud=0 sat=-1 bugs=3 q=40.9 appetite=closed streak=0/3 profit_streak=0
PROBE CUST day=69 id=co_lead_31_4 sat=53 tol=47 target=53 trust=0.0 phase=active streak=0 cd=-1 mrr=425 bugs=3
PROBE CUST day=69 id=co_lead_31_5 sat=53 tol=47 target=53 trust=0.0 phase=active streak=0 cd=-1 mrr=500 bugs=3
PROBE CUST day=69 id=co_lead_37_7 sat=53 tol=42 target=53 trust=0.0 phase=active streak=0 cd=-1 mrr=500 bugs=3
PROBE CUST day=69 id=co_lead_51_13 sat=57 tol=51 target=57 trust=3.6 phase=onboarding streak=0 cd=-1 mrr=1700 bugs=3
PROBE CUST day=69 id=co_lead_58_16 sat=53 tol=42 target=53 trust=0.0 phase=onboarding streak=0 cd=-1 mrr=425 bugs=3
PROBE CUST day=69 id=co_lead_64_19 sat=53 tol=42 target=53 trust=0.0 phase=onboarding streak=0 cd=-1 mrr=425 bugs=3
PROBE SAT day=69 satisfied=6/6 target=53
[HRSystem] Daily tick — 1 employees (0 izinde)
[SalesSystem] Daily tick — MRR $3975
[TimeManager] Daily tick — Day 70 (Δ 7 ms)
PROBE PLAY day=70 find_prospects (+2)
PROBE STATE day=70 cash=26420 mrr=3975 brand=50 burn=260 runway=6.93 cust=6 emp=1 promises=1 phase=2 aud=0 sat=-1 bugs=4 q=40.5 appetite=closed streak=0/3 profit_streak=0
PROBE CUST day=70 id=co_lead_31_4 sat=53 tol=47 target=53 trust=0.0 phase=active streak=0 cd=-1 mrr=425 bugs=4
PROBE CUST day=70 id=co_lead_31_5 sat=53 tol=47 target=53 trust=0.0 phase=active streak=0 cd=-1 mrr=500 bugs=4
PROBE CUST day=70 id=co_lead_37_7 sat=53 tol=42 target=53 trust=0.0 phase=active streak=0 cd=-1 mrr=500 bugs=4
PROBE CUST day=70 id=co_lead_51_13 sat=56 tol=51 target=56 trust=3.2 phase=onboarding streak=0 cd=-1 mrr=1700 bugs=4
PROBE CUST day=70 id=co_lead_58_16 sat=53 tol=42 target=53 trust=0.0 phase=onboarding streak=0 cd=-1 mrr=425 bugs=4
PROBE CUST day=70 id=co_lead_64_19 sat=53 tol=42 target=53 trust=0.0 phase=onboarding streak=0 cd=-1 mrr=425 bugs=4
PROBE SAT day=70 satisfied=6/6 target=53
[HRSystem] Daily tick — 1 employees (0 izinde)
[SalesSystem] Daily tick — MRR $3975
[TimeManager] Daily tick — Day 71 (Δ 9 ms)
PROBE PLAY day=71 pitch Terra Yapı -> SIGNED (mrr 3975 -> 4400)
PROBE STATE day=71 cash=26293 mrr=4400 brand=50 burn=260 runway=7.76 cust=7 emp=1 promises=1 phase=2 aud=0 sat=-1 bugs=4 q=40.4 appetite=closed streak=0/3 profit_streak=0
PROBE CUST day=71 id=co_lead_31_4 sat=53 tol=47 target=53 trust=0.0 phase=active streak=0 cd=-1 mrr=425 bugs=4
PROBE CUST day=71 id=co_lead_31_5 sat=53 tol=47 target=53 trust=0.0 phase=active streak=0 cd=-1 mrr=500 bugs=4
PROBE CUST day=71 id=co_lead_37_7 sat=53 tol=42 target=53 trust=0.0 phase=active streak=0 cd=-1 mrr=500 bugs=4
PROBE CUST day=71 id=co_lead_51_13 sat=55 tol=51 target=55 trust=2.8 phase=onboarding streak=0 cd=-1 mrr=1700 bugs=4
PROBE CUST day=71 id=co_lead_58_16 sat=53 tol=42 target=53 trust=0.0 phase=onboarding streak=0 cd=-1 mrr=425 bugs=4
PROBE CUST day=71 id=co_lead_64_19 sat=53 tol=42 target=53 trust=0.0 phase=onboarding streak=0 cd=-1 mrr=425 bugs=4
PROBE CUST day=71 id=co_lead_70_21 sat=50 tol=47 target=53 trust=0.0 phase=onboarding streak=0 cd=-1 mrr=425 bugs=4
PROBE SAT day=71 satisfied=7/7 target=53
[HRSystem] Daily tick — 1 employees (0 izinde)
[SalesSystem] Daily tick — MRR $4400
[TimeManager] Daily tick — Day 72 (Δ 9 ms)
PROBE STATE day=72 cash=26180 mrr=4400 brand=50 burn=260 runway=7.72 cust=7 emp=1 promises=1 phase=2 aud=0 sat=-1 bugs=5 q=39.9 appetite=closed streak=0/3 profit_streak=0
PROBE CUST day=72 id=co_lead_31_4 sat=52 tol=47 target=52 trust=0.0 phase=active streak=0 cd=-1 mrr=425 bugs=5
PROBE CUST day=72 id=co_lead_31_5 sat=52 tol=47 target=52 trust=0.0 phase=active streak=0 cd=-1 mrr=500 bugs=5
PROBE CUST day=72 id=co_lead_37_7 sat=52 tol=42 target=52 trust=0.0 phase=active streak=0 cd=-1 mrr=500 bugs=5
PROBE CUST day=72 id=co_lead_51_13 sat=54 tol=51 target=54 trust=2.4 phase=onboarding streak=0 cd=-1 mrr=1700 bugs=5
PROBE CUST day=72 id=co_lead_58_16 sat=52 tol=42 target=52 trust=0.0 phase=onboarding streak=0 cd=-1 mrr=425 bugs=5
PROBE CUST day=72 id=co_lead_64_19 sat=52 tol=42 target=52 trust=0.0 phase=onboarding streak=0 cd=-1 mrr=425 bugs=5
PROBE CUST day=72 id=co_lead_70_21 sat=52 tol=47 target=52 trust=0.0 phase=onboarding streak=0 cd=-1 mrr=425 bugs=5
PROBE SAT day=72 satisfied=7/7 target=52
[HRSystem] Daily tick — 1 employees (0 izinde)
[SalesSystem] Daily tick — MRR $4400
[TimeManager] Daily tick — Day 73 (Δ 8 ms)
PROBE PLAY day=73 pitch Adriatic Assurance -> SIGNED (mrr 4400 -> 4900)
PROBE STATE day=73 cash=26067 mrr=4900 brand=50 burn=260 runway=8.96 cust=8 emp=1 promises=1 phase=2 aud=0 sat=-1 bugs=5 q=39.9 appetite=closed streak=0/3 profit_streak=0
PROBE CUST day=73 id=co_lead_31_4 sat=52 tol=47 target=52 trust=0.0 phase=active streak=0 cd=-1 mrr=425 bugs=5
PROBE CUST day=73 id=co_lead_31_5 sat=52 tol=47 target=52 trust=0.0 phase=active streak=0 cd=-1 mrr=500 bugs=5
PROBE CUST day=73 id=co_lead_37_7 sat=52 tol=42 target=52 trust=0.0 phase=active streak=0 cd=-1 mrr=500 bugs=5
PROBE CUST day=73 id=co_lead_51_13 sat=54 tol=51 target=54 trust=2.0 phase=onboarding streak=0 cd=-1 mrr=1700 bugs=5
PROBE CUST day=73 id=co_lead_58_16 sat=52 tol=42 target=52 trust=0.0 phase=onboarding streak=0 cd=-1 mrr=425 bugs=5
PROBE CUST day=73 id=co_lead_64_19 sat=52 tol=42 target=52 trust=0.0 phase=onboarding streak=0 cd=-1 mrr=425 bugs=5
PROBE CUST day=73 id=co_lead_70_21 sat=52 tol=47 target=52 trust=0.0 phase=onboarding streak=0 cd=-1 mrr=425 bugs=5
PROBE CUST day=73 id=co_lead_70_22 sat=54 tol=45 target=52 trust=0.0 phase=onboarding streak=0 cd=-1 mrr=500 bugs=5
PROBE SAT day=73 satisfied=8/8 target=52
[HRSystem] Daily tick — 1 employees (0 izinde)
[SalesSystem] Daily tick — MRR $4900
[TimeManager] Daily tick — Day 74 (Δ 9 ms)
[ProductSystem] Bug sprint started: 6 bugs, 2 days
PROBE PLAY day=74 bug_sprint bugs=6
PROBE STATE day=74 cash=25970 mrr=4900 brand=50 burn=260 runway=8.92 cust=8 emp=1 promises=1 phase=2 aud=0 sat=-1 bugs=6 q=39.4 appetite=closed streak=0/3 profit_streak=0
PROBE CUST day=74 id=co_lead_31_4 sat=51 tol=47 target=51 trust=0.0 phase=active streak=0 cd=-1 mrr=425 bugs=6
PROBE CUST day=74 id=co_lead_31_5 sat=51 tol=47 target=51 trust=0.0 phase=active streak=0 cd=-1 mrr=500 bugs=6
PROBE CUST day=74 id=co_lead_37_7 sat=51 tol=42 target=51 trust=0.0 phase=active streak=0 cd=-1 mrr=500 bugs=6
PROBE CUST day=74 id=co_lead_51_13 sat=53 tol=51 target=53 trust=1.6 phase=onboarding streak=0 cd=-1 mrr=1700 bugs=6
PROBE CUST day=74 id=co_lead_58_16 sat=51 tol=42 target=51 trust=0.0 phase=onboarding streak=0 cd=-1 mrr=425 bugs=6
PROBE CUST day=74 id=co_lead_64_19 sat=51 tol=42 target=51 trust=0.0 phase=onboarding streak=0 cd=-1 mrr=425 bugs=6
PROBE CUST day=74 id=co_lead_70_21 sat=51 tol=47 target=51 trust=0.0 phase=onboarding streak=0 cd=-1 mrr=425 bugs=6
PROBE CUST day=74 id=co_lead_70_22 sat=51 tol=45 target=51 trust=0.0 phase=onboarding streak=0 cd=-1 mrr=500 bugs=6
PROBE SAT day=74 satisfied=8/8 target=51
[HRSystem] Daily tick — 1 employees (0 izinde)
[SalesSystem] Daily tick — MRR $4900
[TimeManager] Daily tick — Day 75 (Δ 9 ms)
PROBE PLAY day=75 find_prospects (+2)
PROBE STATE day=75 cash=25873 mrr=4900 brand=50 burn=260 runway=8.89 cust=8 emp=1 promises=1 phase=2 aud=0 sat=-1 bugs=3 q=40.5 appetite=closed streak=0/3 profit_streak=0
PROBE CUST day=75 id=co_lead_31_4 sat=53 tol=47 target=53 trust=0.0 phase=active streak=0 cd=-1 mrr=425 bugs=3
PROBE CUST day=75 id=co_lead_31_5 sat=53 tol=47 target=53 trust=0.0 phase=active streak=0 cd=-1 mrr=500 bugs=3
PROBE CUST day=75 id=co_lead_37_7 sat=53 tol=42 target=53 trust=0.0 phase=active streak=0 cd=-1 mrr=500 bugs=3
PROBE CUST day=75 id=co_lead_51_13 sat=55 tol=51 target=55 trust=1.2 phase=onboarding streak=0 cd=-1 mrr=1700 bugs=3
PROBE CUST day=75 id=co_lead_58_16 sat=53 tol=42 target=53 trust=0.0 phase=onboarding streak=0 cd=-1 mrr=425 bugs=3
PROBE CUST day=75 id=co_lead_64_19 sat=53 tol=42 target=53 trust=0.0 phase=onboarding streak=0 cd=-1 mrr=425 bugs=3
PROBE CUST day=75 id=co_lead_70_21 sat=53 tol=47 target=53 trust=0.0 phase=onboarding streak=0 cd=-1 mrr=425 bugs=3
PROBE CUST day=75 id=co_lead_70_22 sat=53 tol=45 target=53 trust=0.0 phase=onboarding streak=0 cd=-1 mrr=500 bugs=3
PROBE SAT day=75 satisfied=8/8 target=53
[ProductSystem] Bug sprint complete. live_bug now 0
[HRSystem] Daily tick — 1 employees (0 izinde)
[SalesSystem] Daily tick — MRR $4900
[TimeManager] Daily tick — Day 76 (Δ 9 ms)
PROBE PLAY day=76 pitch Anadolu Yapı -> LOST (mrr 4900 -> 4900)
PROBE STATE day=76 cash=25776 mrr=4900 brand=50 burn=260 runway=8.86 cust=8 emp=1 promises=1 phase=2 aud=0 sat=-1 bugs=0 q=41.6 appetite=closed streak=0/3 profit_streak=0
PROBE CUST day=76 id=co_lead_31_4 sat=55 tol=47 target=55 trust=0.0 phase=active streak=0 cd=-1 mrr=425 bugs=0
PROBE CUST day=76 id=co_lead_31_5 sat=55 tol=47 target=55 trust=0.0 phase=active streak=0 cd=-1 mrr=500 bugs=0
PROBE CUST day=76 id=co_lead_37_7 sat=55 tol=42 target=55 trust=0.0 phase=active streak=0 cd=-1 mrr=500 bugs=0
PROBE CUST day=76 id=co_lead_51_13 sat=56 tol=51 target=56 trust=0.8 phase=onboarding streak=0 cd=-1 mrr=1700 bugs=0
PROBE CUST day=76 id=co_lead_58_16 sat=55 tol=42 target=55 trust=0.0 phase=onboarding streak=0 cd=-1 mrr=425 bugs=0
PROBE CUST day=76 id=co_lead_64_19 sat=55 tol=42 target=55 trust=0.0 phase=onboarding streak=0 cd=-1 mrr=425 bugs=0
PROBE CUST day=76 id=co_lead_70_21 sat=55 tol=47 target=55 trust=0.0 phase=onboarding streak=0 cd=-1 mrr=425 bugs=0
PROBE CUST day=76 id=co_lead_70_22 sat=55 tol=45 target=55 trust=0.0 phase=onboarding streak=0 cd=-1 mrr=500 bugs=0
PROBE SAT day=76 satisfied=8/8 target=55
[HRSystem] Daily tick — 1 employees (0 izinde)
PROBE FIRE day=77 hour=0 id=ev_b2b_expand_co_lead_31_4 src=factory:b2b_sales_system:242 (expansion)
[EventManager] Modal requested: ev_b2b_expand_co_lead_31_4
[SalesSystem] Daily tick — MRR $4900
[TimeManager] Daily tick — Day 77 (Δ 10 ms)
PROBE PICK day=77 id=ev_b2b_expand_co_lead_31_4 choice=0 label=Büyüt
[EventManager] Resolved: ev_b2b_expand_co_lead_31_4 choice 0
PROBE STATE day=77 cash=25679 mrr=5260 brand=50 burn=260 runway=10.07 cust=8 emp=1 promises=1 phase=2 aud=0 sat=-1 bugs=0 q=41.5 appetite=closed streak=0/3 profit_streak=0
PROBE CUST day=77 id=co_lead_31_4 sat=55 tol=47 target=55 trust=0.0 phase=active streak=0 cd=-1 mrr=785 bugs=0
PROBE CUST day=77 id=co_lead_31_5 sat=55 tol=47 target=55 trust=0.0 phase=active streak=0 cd=-1 mrr=500 bugs=0
PROBE CUST day=77 id=co_lead_37_7 sat=55 tol=42 target=55 trust=0.0 phase=active streak=0 cd=-1 mrr=500 bugs=0
PROBE CUST day=77 id=co_lead_51_13 sat=56 tol=51 target=56 trust=0.4 phase=onboarding streak=0 cd=-1 mrr=1700 bugs=0
PROBE CUST day=77 id=co_lead_58_16 sat=55 tol=42 target=55 trust=0.0 phase=onboarding streak=0 cd=-1 mrr=425 bugs=0
PROBE CUST day=77 id=co_lead_64_19 sat=55 tol=42 target=55 trust=0.0 phase=onboarding streak=0 cd=-1 mrr=425 bugs=0
PROBE CUST day=77 id=co_lead_70_21 sat=55 tol=47 target=55 trust=0.0 phase=onboarding streak=0 cd=-1 mrr=425 bugs=0
PROBE CUST day=77 id=co_lead_70_22 sat=55 tol=45 target=55 trust=0.0 phase=onboarding streak=0 cd=-1 mrr=500 bugs=0
PROBE SAT day=77 satisfied=8/8 target=55
[HRSystem] Daily tick — 1 employees (0 izinde)
[SalesSystem] Daily tick — MRR $5260
[TimeManager] Daily tick — Day 78 (Δ 9 ms)
PROBE PLAY day=78 pitch Deniz Sigorta -> SIGNED (mrr 5260 -> 5685)
PROBE STATE day=78 cash=25594 mrr=5685 brand=50 burn=260 runway=12.19 cust=9 emp=1 promises=1 phase=2 aud=0 sat=-1 bugs=0 q=41.4 appetite=closed streak=0/3 profit_streak=0
PROBE CUST day=78 id=co_lead_31_4 sat=55 tol=47 target=55 trust=0.0 phase=active streak=0 cd=-1 mrr=785 bugs=0
PROBE CUST day=78 id=co_lead_31_5 sat=55 tol=47 target=55 trust=0.0 phase=active streak=0 cd=-1 mrr=500 bugs=0
PROBE CUST day=78 id=co_lead_37_7 sat=55 tol=42 target=55 trust=0.0 phase=active streak=0 cd=-1 mrr=500 bugs=0
PROBE CUST day=78 id=co_lead_51_13 sat=55 tol=51 target=55 trust=0.0 phase=onboarding streak=0 cd=-1 mrr=1700 bugs=0
PROBE CUST day=78 id=co_lead_58_16 sat=55 tol=42 target=55 trust=0.0 phase=onboarding streak=0 cd=-1 mrr=425 bugs=0
PROBE CUST day=78 id=co_lead_64_19 sat=55 tol=42 target=55 trust=0.0 phase=onboarding streak=0 cd=-1 mrr=425 bugs=0
PROBE CUST day=78 id=co_lead_70_21 sat=55 tol=47 target=55 trust=0.0 phase=onboarding streak=0 cd=-1 mrr=425 bugs=0
PROBE CUST day=78 id=co_lead_70_22 sat=55 tol=45 target=55 trust=0.0 phase=onboarding streak=0 cd=-1 mrr=500 bugs=0
PROBE CUST day=78 id=co_lead_75_24 sat=51 tol=45 target=55 trust=0.0 phase=onboarding streak=0 cd=-1 mrr=425 bugs=0
PROBE SAT day=78 satisfied=9/9 target=55
[HRSystem] Daily tick — 1 employees (0 izinde)
PROBE FIRE day=79 hour=0 id=ev_b2b_expand_co_lead_31_5 src=factory:b2b_sales_system:242 (expansion)
[EventManager] Modal requested: ev_b2b_expand_co_lead_31_5
[SalesSystem] Daily tick — MRR $5685
[TimeManager] Daily tick — Day 79 (Δ 9 ms)
PROBE PICK day=79 id=ev_b2b_expand_co_lead_31_5 choice=0 label=Büyüt
[EventManager] Resolved: ev_b2b_expand_co_lead_31_5 choice 0
PROBE STATE day=79 cash=25524 mrr=6045 brand=50 burn=260 runway=14.67 cust=9 emp=1 promises=1 phase=2 aud=0 sat=-1 bugs=1 q=41.0 appetite=closed streak=0/3 profit_streak=0
PROBE CUST day=79 id=co_lead_31_4 sat=55 tol=47 target=55 trust=0.0 phase=active streak=0 cd=-1 mrr=785 bugs=1
PROBE CUST day=79 id=co_lead_31_5 sat=55 tol=47 target=55 trust=0.0 phase=active streak=0 cd=-1 mrr=860 bugs=1
PROBE CUST day=79 id=co_lead_37_7 sat=55 tol=42 target=55 trust=0.0 phase=active streak=0 cd=-1 mrr=500 bugs=1
PROBE CUST day=79 id=co_lead_51_13 sat=55 tol=51 target=55 trust=0.0 phase=onboarding streak=0 cd=-1 mrr=1700 bugs=1
PROBE CUST day=79 id=co_lead_58_16 sat=55 tol=42 target=55 trust=0.0 phase=onboarding streak=0 cd=-1 mrr=425 bugs=1
PROBE CUST day=79 id=co_lead_64_19 sat=55 tol=42 target=55 trust=0.0 phase=onboarding streak=0 cd=-1 mrr=425 bugs=1
PROBE CUST day=79 id=co_lead_70_21 sat=55 tol=47 target=55 trust=0.0 phase=onboarding streak=0 cd=-1 mrr=425 bugs=1
PROBE CUST day=79 id=co_lead_70_22 sat=55 tol=45 target=55 trust=0.0 phase=onboarding streak=0 cd=-1 mrr=500 bugs=1
PROBE CUST day=79 id=co_lead_75_24 sat=55 tol=45 target=55 trust=0.0 phase=onboarding streak=0 cd=-1 mrr=425 bugs=1
PROBE SAT day=79 satisfied=9/9 target=55
[HRSystem] Daily tick — 1 employees (0 izinde)
[SalesSystem] Daily tick — MRR $6045
[TimeManager] Daily tick — Day 80 (Δ 12 ms)
PROBE PLAY day=80 find_prospects (+2)
PROBE STATE day=80 cash=25466 mrr=6045 brand=50 burn=260 runway=14.64 cust=9 emp=1 promises=1 phase=2 aud=0 sat=-1 bugs=1 q=40.9 appetite=closed streak=0/3 profit_streak=0
PROBE CUST day=80 id=co_lead_31_4 sat=55 tol=47 target=55 trust=0.0 phase=active streak=0 cd=-1 mrr=785 bugs=1
PROBE CUST day=80 id=co_lead_31_5 sat=55 tol=47 target=55 trust=0.0 phase=active streak=0 cd=-1 mrr=860 bugs=1
PROBE CUST day=80 id=co_lead_37_7 sat=55 tol=42 target=55 trust=0.0 phase=active streak=0 cd=-1 mrr=500 bugs=1
PROBE CUST day=80 id=co_lead_51_13 sat=55 tol=51 target=55 trust=0.0 phase=onboarding streak=0 cd=-1 mrr=1700 bugs=1
PROBE CUST day=80 id=co_lead_58_16 sat=55 tol=42 target=55 trust=0.0 phase=onboarding streak=0 cd=-1 mrr=425 bugs=1
PROBE CUST day=80 id=co_lead_64_19 sat=55 tol=42 target=55 trust=0.0 phase=onboarding streak=0 cd=-1 mrr=425 bugs=1
PROBE CUST day=80 id=co_lead_70_21 sat=55 tol=47 target=55 trust=0.0 phase=onboarding streak=0 cd=-1 mrr=425 bugs=1
PROBE CUST day=80 id=co_lead_70_22 sat=55 tol=45 target=55 trust=0.0 phase=onboarding streak=0 cd=-1 mrr=500 bugs=1
PROBE CUST day=80 id=co_lead_75_24 sat=55 tol=45 target=55 trust=0.0 phase=onboarding streak=0 cd=-1 mrr=425 bugs=1
PROBE SAT day=80 satisfied=9/9 target=55
[HRSystem] Daily tick — 1 employees (0 izinde)
[SalesSystem] Daily tick — MRR $6045
[TimeManager] Daily tick — Day 81 (Δ 12 ms)
PROBE PLAY day=81 pitch Donau Bau -> LOST (mrr 6045 -> 6045)
PROBE STATE day=81 cash=25408 mrr=6045 brand=50 burn=260 runway=14.60 cust=9 emp=1 promises=1 phase=2 aud=0 sat=-1 bugs=2 q=40.5 appetite=closed streak=0/3 profit_streak=0
PROBE CUST day=81 id=co_lead_31_4 sat=54 tol=47 target=54 trust=0.0 phase=active streak=0 cd=-1 mrr=785 bugs=2
PROBE CUST day=81 id=co_lead_31_5 sat=54 tol=47 target=54 trust=0.0 phase=active streak=0 cd=-1 mrr=860 bugs=2
PROBE CUST day=81 id=co_lead_37_7 sat=54 tol=42 target=54 trust=0.0 phase=active streak=0 cd=-1 mrr=500 bugs=2
PROBE CUST day=81 id=co_lead_51_13 sat=54 tol=51 target=54 trust=0.0 phase=onboarding streak=0 cd=-1 mrr=1700 bugs=2
PROBE CUST day=81 id=co_lead_58_16 sat=54 tol=42 target=54 trust=0.0 phase=onboarding streak=0 cd=-1 mrr=425 bugs=2
PROBE CUST day=81 id=co_lead_64_19 sat=54 tol=42 target=54 trust=0.0 phase=onboarding streak=0 cd=-1 mrr=425 bugs=2
PROBE CUST day=81 id=co_lead_70_21 sat=54 tol=47 target=54 trust=0.0 phase=onboarding streak=0 cd=-1 mrr=425 bugs=2
PROBE CUST day=81 id=co_lead_70_22 sat=54 tol=45 target=54 trust=0.0 phase=onboarding streak=0 cd=-1 mrr=500 bugs=2
PROBE CUST day=81 id=co_lead_75_24 sat=54 tol=45 target=54 trust=0.0 phase=onboarding streak=0 cd=-1 mrr=425 bugs=2
PROBE SAT day=81 satisfied=9/9 target=54
PROBE FIRE day=81 hour=10 id=ev_ps_referral_b2b src=pool
[EventManager] Eligible: ev_ps_referral_b2b
[EventManager] Modal requested: ev_ps_referral_b2b
PROBE PICK day=81 id=ev_ps_referral_b2b choice=0 label=Kabul et — özellik sözü ver
[EventManager] Resolved: ev_ps_referral_b2b choice 0
[HRSystem] Daily tick — 1 employees (0 izinde)
[SalesSystem] Daily tick — MRR $6045
[TimeManager] Daily tick — Day 82 (Δ 11 ms)
PROBE STATE day=82 cash=24950 mrr=6045 brand=50 burn=260 runway=14.34 cust=9 emp=1 promises=1 phase=2 aud=0 sat=-1 bugs=2 q=40.4 appetite=closed streak=0/3 profit_streak=0
PROBE CUST day=82 id=co_lead_31_4 sat=54 tol=47 target=54 trust=0.0 phase=active streak=0 cd=-1 mrr=785 bugs=2
PROBE CUST day=82 id=co_lead_31_5 sat=54 tol=47 target=54 trust=0.0 phase=active streak=0 cd=-1 mrr=860 bugs=2
PROBE CUST day=82 id=co_lead_37_7 sat=54 tol=42 target=54 trust=0.0 phase=active streak=0 cd=-1 mrr=500 bugs=2
PROBE CUST day=82 id=co_lead_51_13 sat=54 tol=51 target=54 trust=0.0 phase=active streak=0 cd=-1 mrr=1700 bugs=2
PROBE CUST day=82 id=co_lead_58_16 sat=54 tol=42 target=54 trust=0.0 phase=onboarding streak=0 cd=-1 mrr=425 bugs=2
PROBE CUST day=82 id=co_lead_64_19 sat=54 tol=42 target=54 trust=0.0 phase=onboarding streak=0 cd=-1 mrr=425 bugs=2
PROBE CUST day=82 id=co_lead_70_21 sat=54 tol=47 target=54 trust=0.0 phase=onboarding streak=0 cd=-1 mrr=425 bugs=2
PROBE CUST day=82 id=co_lead_70_22 sat=54 tol=45 target=54 trust=0.0 phase=onboarding streak=0 cd=-1 mrr=500 bugs=2
PROBE CUST day=82 id=co_lead_75_24 sat=54 tol=45 target=54 trust=0.0 phase=onboarding streak=0 cd=-1 mrr=425 bugs=2
PROBE SAT day=82 satisfied=9/9 target=54
[HRSystem] Daily tick — 1 employees (0 izinde)
PROBE FIRE day=83 hour=0 id=ev_b2b_expand_co_lead_37_7 src=factory:b2b_sales_system:242 (expansion)
[EventManager] Modal requested: ev_b2b_expand_co_lead_37_7
[SalesSystem] Daily tick — MRR $6045
[TimeManager] Daily tick — Day 83 (Δ 9 ms)
PROBE PICK day=83 id=ev_b2b_expand_co_lead_37_7 choice=0 label=Büyüt
[EventManager] Resolved: ev_b2b_expand_co_lead_37_7 choice 0
PROBE PLAY day=83 pitch Ege Sigorta -> LOST (mrr 6405 -> 6405)
PROBE STATE day=83 cash=24892 mrr=6405 brand=50 burn=260 runway=18.04 cust=9 emp=1 promises=1 phase=2 aud=0 sat=-1 bugs=3 q=39.9 appetite=closed streak=0/3 profit_streak=0
PROBE CUST day=83 id=co_lead_31_4 sat=53 tol=47 target=53 trust=0.0 phase=active streak=0 cd=-1 mrr=785 bugs=3
PROBE CUST day=83 id=co_lead_31_5 sat=53 tol=47 target=53 trust=0.0 phase=active streak=0 cd=-1 mrr=860 bugs=3
PROBE CUST day=83 id=co_lead_37_7 sat=53 tol=42 target=53 trust=0.0 phase=active streak=0 cd=-1 mrr=860 bugs=3
PROBE CUST day=83 id=co_lead_51_13 sat=53 tol=51 target=53 trust=0.0 phase=active streak=0 cd=-1 mrr=1700 bugs=3
PROBE CUST day=83 id=co_lead_58_16 sat=53 tol=42 target=53 trust=0.0 phase=onboarding streak=0 cd=-1 mrr=425 bugs=3
PROBE CUST day=83 id=co_lead_64_19 sat=53 tol=42 target=53 trust=0.0 phase=onboarding streak=0 cd=-1 mrr=425 bugs=3
PROBE CUST day=83 id=co_lead_70_21 sat=53 tol=47 target=53 trust=0.0 phase=onboarding streak=0 cd=-1 mrr=425 bugs=3
PROBE CUST day=83 id=co_lead_70_22 sat=53 tol=45 target=53 trust=0.0 phase=onboarding streak=0 cd=-1 mrr=500 bugs=3
PROBE CUST day=83 id=co_lead_75_24 sat=53 tol=45 target=53 trust=0.0 phase=onboarding streak=0 cd=-1 mrr=425 bugs=3
PROBE SAT day=83 satisfied=9/9 target=53
[HRSystem] Daily tick — 1 employees (0 izinde)
[SalesSystem] Daily tick — MRR $6405
[TimeManager] Daily tick — Day 84 (Δ 12 ms)
PROBE STATE day=84 cash=24846 mrr=6405 brand=50 burn=260 runway=18.00 cust=9 emp=1 promises=1 phase=2 aud=0 sat=-1 bugs=3 q=39.9 appetite=closed streak=0/3 profit_streak=0
PROBE CUST day=84 id=co_lead_31_4 sat=53 tol=47 target=53 trust=0.0 phase=active streak=0 cd=-1 mrr=785 bugs=3
PROBE CUST day=84 id=co_lead_31_5 sat=53 tol=47 target=53 trust=0.0 phase=active streak=0 cd=-1 mrr=860 bugs=3
PROBE CUST day=84 id=co_lead_37_7 sat=53 tol=42 target=53 trust=0.0 phase=active streak=0 cd=-1 mrr=860 bugs=3
PROBE CUST day=84 id=co_lead_51_13 sat=53 tol=51 target=53 trust=0.0 phase=active streak=0 cd=-1 mrr=1700 bugs=3
PROBE CUST day=84 id=co_lead_58_16 sat=53 tol=42 target=53 trust=0.0 phase=onboarding streak=0 cd=-1 mrr=425 bugs=3
PROBE CUST day=84 id=co_lead_64_19 sat=53 tol=42 target=53 trust=0.0 phase=onboarding streak=0 cd=-1 mrr=425 bugs=3
PROBE CUST day=84 id=co_lead_70_21 sat=53 tol=47 target=53 trust=0.0 phase=onboarding streak=0 cd=-1 mrr=425 bugs=3
PROBE CUST day=84 id=co_lead_70_22 sat=53 tol=45 target=53 trust=0.0 phase=onboarding streak=0 cd=-1 mrr=500 bugs=3
PROBE CUST day=84 id=co_lead_75_24 sat=53 tol=45 target=53 trust=0.0 phase=onboarding streak=0 cd=-1 mrr=425 bugs=3
PROBE SAT day=84 satisfied=9/9 target=53
[HRSystem] Daily tick — 1 employees (0 izinde)
[SalesSystem] Daily tick — MRR $6405
[TimeManager] Daily tick — Day 85 (Δ 9 ms)
PROBE PLAY day=85 pitch Marmara İnşaat -> SIGNED (mrr 6405 -> 8405)
PROBE STATE day=85 cash=24800 mrr=8405 brand=50 burn=260 runway=INF cust=10 emp=1 promises=1 phase=2 aud=0 sat=-1 bugs=4 q=39.4 appetite=closed streak=0/3 profit_streak=0
PROBE CUST day=85 id=co_lead_31_4 sat=53 tol=47 target=53 trust=0.0 phase=active streak=0 cd=-1 mrr=785 bugs=4
PROBE CUST day=85 id=co_lead_31_5 sat=53 tol=47 target=53 trust=0.0 phase=active streak=0 cd=-1 mrr=860 bugs=4
PROBE CUST day=85 id=co_lead_37_7 sat=53 tol=42 target=53 trust=0.0 phase=active streak=0 cd=-1 mrr=860 bugs=4
PROBE CUST day=85 id=co_lead_51_13 sat=53 tol=51 target=53 trust=0.0 phase=active streak=0 cd=-1 mrr=1700 bugs=4
PROBE CUST day=85 id=co_lead_58_16 sat=53 tol=42 target=53 trust=0.0 phase=onboarding streak=0 cd=-1 mrr=425 bugs=4
PROBE CUST day=85 id=co_lead_64_19 sat=53 tol=42 target=53 trust=0.0 phase=onboarding streak=0 cd=-1 mrr=425 bugs=4
PROBE CUST day=85 id=co_lead_70_21 sat=53 tol=47 target=53 trust=0.0 phase=onboarding streak=0 cd=-1 mrr=425 bugs=4
PROBE CUST day=85 id=co_lead_70_22 sat=53 tol=45 target=53 trust=0.0 phase=onboarding streak=0 cd=-1 mrr=500 bugs=4
PROBE CUST day=85 id=co_lead_75_24 sat=53 tol=45 target=53 trust=0.0 phase=onboarding streak=0 cd=-1 mrr=425 bugs=4
PROBE CUST day=85 id=co_lead_81_27 sat=50 tol=56 target=53 trust=0.0 phase=onboarding streak=0 cd=-1 mrr=2000 bugs=4
PROBE SAT day=85 satisfied=9/10 target=53
[HRSystem] Daily tick — 1 employees (0 izinde)
[SalesSystem] Daily tick — MRR $8405
[TimeManager] Daily tick — Day 86 (Δ 10 ms)
PROBE PLAY day=86 find_prospects (+2)
PROBE STATE day=86 cash=24820 mrr=8405 brand=50 burn=260 runway=INF cust=10 emp=1 promises=1 phase=2 aud=0 sat=-1 bugs=4 q=39.4 appetite=closed streak=0/3 profit_streak=0
PROBE CUST day=86 id=co_lead_31_4 sat=53 tol=47 target=53 trust=0.0 phase=active streak=0 cd=-1 mrr=785 bugs=4
PROBE CUST day=86 id=co_lead_31_5 sat=53 tol=47 target=53 trust=0.0 phase=active streak=0 cd=-1 mrr=860 bugs=4
PROBE CUST day=86 id=co_lead_37_7 sat=53 tol=42 target=53 trust=0.0 phase=active streak=0 cd=-1 mrr=860 bugs=4
PROBE CUST day=86 id=co_lead_51_13 sat=53 tol=51 target=53 trust=0.0 phase=active streak=0 cd=-1 mrr=1700 bugs=4
PROBE CUST day=86 id=co_lead_58_16 sat=53 tol=42 target=53 trust=0.0 phase=onboarding streak=0 cd=-1 mrr=425 bugs=4
PROBE CUST day=86 id=co_lead_64_19 sat=53 tol=42 target=53 trust=0.0 phase=onboarding streak=0 cd=-1 mrr=425 bugs=4
PROBE CUST day=86 id=co_lead_70_21 sat=53 tol=47 target=53 trust=0.0 phase=onboarding streak=0 cd=-1 mrr=425 bugs=4
PROBE CUST day=86 id=co_lead_70_22 sat=53 tol=45 target=53 trust=0.0 phase=onboarding streak=0 cd=-1 mrr=500 bugs=4
PROBE CUST day=86 id=co_lead_75_24 sat=53 tol=45 target=53 trust=0.0 phase=onboarding streak=0 cd=-1 mrr=425 bugs=4
PROBE CUST day=86 id=co_lead_81_27 sat=53 tol=56 target=53 trust=0.0 phase=onboarding streak=1 cd=-1 mrr=2000 bugs=4
PROBE SAT day=86 satisfied=9/10 target=53
[HRSystem] Daily tick — 1 employees (0 izinde)
[SalesSystem] Daily tick — MRR $8405
[TimeManager] Daily tick — Day 87 (Δ 12 ms)
PROBE PLAY day=87 pitch Medisa Grup -> SIGNED (mrr 8405 -> 8905)
PROBE STATE day=87 cash=24840 mrr=8905 brand=50 burn=260 runway=INF cust=11 emp=1 promises=1 phase=2 aud=0 sat=-1 bugs=5 q=38.9 appetite=closed streak=0/3 profit_streak=0
PROBE CUST day=87 id=co_lead_31_4 sat=52 tol=47 target=52 trust=0.0 phase=active streak=0 cd=-1 mrr=785 bugs=5
PROBE CUST day=87 id=co_lead_31_5 sat=52 tol=47 target=52 trust=0.0 phase=active streak=0 cd=-1 mrr=860 bugs=5
PROBE CUST day=87 id=co_lead_37_7 sat=52 tol=42 target=52 trust=0.0 phase=active streak=0 cd=-1 mrr=860 bugs=5
PROBE CUST day=87 id=co_lead_51_13 sat=52 tol=51 target=52 trust=0.0 phase=active streak=0 cd=-1 mrr=1700 bugs=5
PROBE CUST day=87 id=co_lead_58_16 sat=52 tol=42 target=52 trust=0.0 phase=onboarding streak=0 cd=-1 mrr=425 bugs=5
PROBE CUST day=87 id=co_lead_64_19 sat=52 tol=42 target=52 trust=0.0 phase=onboarding streak=0 cd=-1 mrr=425 bugs=5
PROBE CUST day=87 id=co_lead_70_21 sat=52 tol=47 target=52 trust=0.0 phase=onboarding streak=0 cd=-1 mrr=425 bugs=5
PROBE CUST day=87 id=co_lead_70_22 sat=52 tol=45 target=52 trust=0.0 phase=onboarding streak=0 cd=-1 mrr=500 bugs=5
PROBE CUST day=87 id=co_lead_75_24 sat=52 tol=45 target=52 trust=0.0 phase=onboarding streak=0 cd=-1 mrr=425 bugs=5
PROBE CUST day=87 id=co_lead_81_27 sat=52 tol=56 target=52 trust=0.0 phase=onboarding streak=2 cd=-1 mrr=2000 bugs=5
PROBE CUST day=87 id=co_lead_86_28 sat=54 tol=47 target=52 trust=0.0 phase=onboarding streak=0 cd=-1 mrr=500 bugs=5
PROBE SAT day=87 satisfied=10/11 target=52
[HRSystem] Daily tick — 1 employees (0 izinde)
PROBE FIRE day=88 hour=0 id=ev_b2b_retain_co_lead_81_27 src=factory:b2b_sales_system:203 (retention)
[EventManager] Modal requested: ev_b2b_retain_co_lead_81_27
[SalesSystem] Daily tick — MRR $8905
[TimeManager] Daily tick — Day 88 (Δ 11 ms)
PROBE PICK day=88 id=ev_b2b_retain_co_lead_81_27 choice=0 label=Söz ver: 'süreç otomasyonu'
PROBE PROMISE day=88 stage=created id=promise_co_lead_81_27_saas_ops_workflow_88 status=open feature=saas_ops_workflow deadline=102 cust=co_lead_81_27 sat=52 tol=56 countdown=7 phase=risk
[EventManager] Resolved: ev_b2b_retain_co_lead_81_27 choice 0
[ProductSystem] v3 build started: 5 features (union), total_efor=8, seeded I18/S31/E25 bugs=10
PROBE PLAY day=88 start_version_build feature=saas_ops_workflow (promise promise_co_lead_81_27_saas_ops_workflow_88 deadline=102)
PROBE STATE day=88 cash=24877 mrr=8905 brand=50 burn=260 runway=INF cust=11 emp=1 promises=2 phase=2 aud=0 sat=-1 bugs=5 q=38.8 appetite=closed streak=0/3 profit_streak=0
PROBE CUST day=88 id=co_lead_31_4 sat=52 tol=47 target=52 trust=0.0 phase=active streak=0 cd=-1 mrr=785 bugs=5
PROBE CUST day=88 id=co_lead_31_5 sat=52 tol=47 target=52 trust=0.0 phase=active streak=0 cd=-1 mrr=860 bugs=5
PROBE CUST day=88 id=co_lead_37_7 sat=52 tol=42 target=52 trust=0.0 phase=active streak=0 cd=-1 mrr=860 bugs=5
PROBE CUST day=88 id=co_lead_51_13 sat=52 tol=51 target=52 trust=0.0 phase=active streak=0 cd=-1 mrr=1700 bugs=5
PROBE CUST day=88 id=co_lead_58_16 sat=52 tol=42 target=52 trust=0.0 phase=onboarding streak=0 cd=-1 mrr=425 bugs=5
PROBE CUST day=88 id=co_lead_64_19 sat=52 tol=42 target=52 trust=0.0 phase=onboarding streak=0 cd=-1 mrr=425 bugs=5
PROBE CUST day=88 id=co_lead_70_21 sat=52 tol=47 target=52 trust=0.0 phase=onboarding streak=0 cd=-1 mrr=425 bugs=5
PROBE CUST day=88 id=co_lead_70_22 sat=52 tol=45 target=52 trust=0.0 phase=onboarding streak=0 cd=-1 mrr=500 bugs=5
PROBE CUST day=88 id=co_lead_75_24 sat=52 tol=45 target=52 trust=0.0 phase=onboarding streak=0 cd=-1 mrr=425 bugs=5
PROBE CUST day=88 id=co_lead_81_27 sat=60 tol=56 target=52 trust=0.0 phase=onboarding streak=0 cd=-1 mrr=2000 bugs=5
PROBE CUST day=88 id=co_lead_86_28 sat=52 tol=47 target=52 trust=0.0 phase=onboarding streak=0 cd=-1 mrr=500 bugs=5
PROBE SAT day=88 satisfied=11/11 target=52
[HRSystem] Daily tick — 1 employees (0 izinde)
[SalesSystem] Daily tick — MRR $8905
[TimeManager] Daily tick — Day 89 (Δ 12 ms)
PROBE PLAY day=89 pitch Donau Bau -> LOST (mrr 8905 -> 8905)
[ProductSystem] Bug sprint started: 6 bugs, 2 days
PROBE PLAY day=89 bug_sprint bugs=6
PROBE STATE day=89 cash=24914 mrr=8905 brand=50 burn=260 runway=INF cust=11 emp=1 promises=2 phase=2 aud=0 sat=-1 bugs=6 q=38.4 appetite=closed streak=0/3 profit_streak=0
PROBE CUST day=89 id=co_lead_31_4 sat=51 tol=47 target=51 trust=0.0 phase=active streak=0 cd=-1 mrr=785 bugs=6
PROBE CUST day=89 id=co_lead_31_5 sat=51 tol=47 target=51 trust=0.0 phase=active streak=0 cd=-1 mrr=860 bugs=6
PROBE CUST day=89 id=co_lead_37_7 sat=51 tol=42 target=51 trust=0.0 phase=active streak=0 cd=-1 mrr=860 bugs=6
PROBE CUST day=89 id=co_lead_51_13 sat=51 tol=51 target=51 trust=0.0 phase=active streak=0 cd=-1 mrr=1700 bugs=6
PROBE CUST day=89 id=co_lead_58_16 sat=51 tol=42 target=51 trust=0.0 phase=active streak=0 cd=-1 mrr=425 bugs=6
PROBE CUST day=89 id=co_lead_64_19 sat=51 tol=42 target=51 trust=0.0 phase=onboarding streak=0 cd=-1 mrr=425 bugs=6
PROBE CUST day=89 id=co_lead_70_21 sat=51 tol=47 target=51 trust=0.0 phase=onboarding streak=0 cd=-1 mrr=425 bugs=6
PROBE CUST day=89 id=co_lead_70_22 sat=51 tol=45 target=51 trust=0.0 phase=onboarding streak=0 cd=-1 mrr=500 bugs=6
PROBE CUST day=89 id=co_lead_75_24 sat=51 tol=45 target=51 trust=0.0 phase=onboarding streak=0 cd=-1 mrr=425 bugs=6
PROBE CUST day=89 id=co_lead_81_27 sat=55 tol=56 target=51 trust=0.0 phase=onboarding streak=1 cd=-1 mrr=2000 bugs=6
PROBE CUST day=89 id=co_lead_86_28 sat=51 tol=47 target=51 trust=0.0 phase=onboarding streak=0 cd=-1 mrr=500 bugs=6
PROBE SAT day=89 satisfied=10/11 target=51
[ProductSystem] Iteration round 2 started (4 days)
PROBE FIRE day=89 hour=18 id=ev_mvp_iter_003_early_user_feedback src=pool
[EventManager] Eligible: ev_mvp_iter_003_early_user_feedback
[EventManager] Modal requested: ev_mvp_iter_003_early_user_feedback
PROBE PICK day=89 id=ev_mvp_iter_003_early_user_feedback choice=0 label=Önerilerini ciddiye al, tasarımı tekrar düşün
[EventManager] Resolved: ev_mvp_iter_003_early_user_feedback choice 0
[HRSystem] Daily tick — 1 employees (0 izinde)
[SalesSystem] Daily tick — MRR $8905
[TimeManager] Daily tick — Day 90 (Δ 15 ms)
PROBE PLAY day=90 enter_development
PROBE STATE day=90 cash=24851 mrr=8905 brand=50 burn=260 runway=INF cust=11 emp=1 promises=2 phase=2 aud=0 sat=-1 bugs=3 q=39.5 appetite=closed streak=0/3 profit_streak=0
PROBE CUST day=90 id=co_lead_31_4 sat=53 tol=47 target=53 trust=0.0 phase=active streak=0 cd=-1 mrr=785 bugs=3
PROBE CUST day=90 id=co_lead_31_5 sat=53 tol=47 target=53 trust=0.0 phase=active streak=0 cd=-1 mrr=860 bugs=3
PROBE CUST day=90 id=co_lead_37_7 sat=53 tol=42 target=53 trust=0.0 phase=active streak=0 cd=-1 mrr=860 bugs=3
PROBE CUST day=90 id=co_lead_51_13 sat=53 tol=51 target=53 trust=0.0 phase=active streak=0 cd=-1 mrr=1700 bugs=3
PROBE CUST day=90 id=co_lead_58_16 sat=53 tol=42 target=53 trust=0.0 phase=active streak=0 cd=-1 mrr=425 bugs=3
PROBE CUST day=90 id=co_lead_64_19 sat=53 tol=42 target=53 trust=0.0 phase=onboarding streak=0 cd=-1 mrr=425 bugs=3
PROBE CUST day=90 id=co_lead_70_21 sat=53 tol=47 target=53 trust=0.0 phase=onboarding streak=0 cd=-1 mrr=425 bugs=3
PROBE CUST day=90 id=co_lead_70_22 sat=53 tol=45 target=53 trust=0.0 phase=onboarding streak=0 cd=-1 mrr=500 bugs=3
PROBE CUST day=90 id=co_lead_75_24 sat=53 tol=45 target=53 trust=0.0 phase=onboarding streak=0 cd=-1 mrr=425 bugs=3
PROBE CUST day=90 id=co_lead_81_27 sat=53 tol=56 target=53 trust=0.0 phase=onboarding streak=2 cd=-1 mrr=2000 bugs=3
PROBE CUST day=90 id=co_lead_86_28 sat=53 tol=47 target=53 trust=0.0 phase=onboarding streak=0 cd=-1 mrr=500 bugs=3
PROBE SAT day=90 satisfied=10/11 target=53
[ProductSystem] Bug sprint complete. live_bug now 0
[HRSystem] Daily tick — 1 employees (1 izinde)
[SalesSystem] Daily tick — MRR $8905
PROBE MONTH day=91 n=3 mrr_close=8905 income=5653 expense=8060 net=-2407 red=0 growth_pct=150.8 streak=1 profit_streak=0
[TimeManager] Daily tick — Day 91 (Δ 11 ms)
PROBE PLAY day=91 find_prospects (+2)
PROBE STATE day=91 cash=24888 mrr=8905 brand=50 burn=260 runway=INF cust=11 emp=1 promises=2 phase=2 aud=0 sat=-1 bugs=0 q=40.6 appetite=warming streak=1/3 profit_streak=0
PROBE SIGNAL day=91 appetite=closed->warming mrr=8905 streak=1
PROBE CUST day=91 id=co_lead_31_4 sat=55 tol=47 target=55 trust=0.0 phase=active streak=0 cd=-1 mrr=785 bugs=0
PROBE CUST day=91 id=co_lead_31_5 sat=55 tol=47 target=55 trust=0.0 phase=active streak=0 cd=-1 mrr=860 bugs=0
PROBE CUST day=91 id=co_lead_37_7 sat=55 tol=42 target=55 trust=0.0 phase=active streak=0 cd=-1 mrr=860 bugs=0
PROBE CUST day=91 id=co_lead_51_13 sat=55 tol=51 target=55 trust=0.0 phase=active streak=0 cd=-1 mrr=1700 bugs=0
PROBE CUST day=91 id=co_lead_58_16 sat=55 tol=42 target=55 trust=0.0 phase=active streak=0 cd=-1 mrr=425 bugs=0
PROBE CUST day=91 id=co_lead_64_19 sat=55 tol=42 target=55 trust=0.0 phase=onboarding streak=0 cd=-1 mrr=425 bugs=0
PROBE CUST day=91 id=co_lead_70_21 sat=55 tol=47 target=55 trust=0.0 phase=onboarding streak=0 cd=-1 mrr=425 bugs=0
PROBE CUST day=91 id=co_lead_70_22 sat=55 tol=45 target=55 trust=0.0 phase=onboarding streak=0 cd=-1 mrr=500 bugs=0
PROBE CUST day=91 id=co_lead_75_24 sat=55 tol=45 target=55 trust=0.0 phase=onboarding streak=0 cd=-1 mrr=425 bugs=0
PROBE CUST day=91 id=co_lead_81_27 sat=55 tol=56 target=55 trust=0.0 phase=onboarding streak=3 cd=-1 mrr=2000 bugs=0
PROBE CUST day=91 id=co_lead_86_28 sat=55 tol=47 target=55 trust=0.0 phase=onboarding streak=0 cd=-1 mrr=500 bugs=0
PROBE SAT day=91 satisfied=10/11 target=55
[HRSystem] Daily tick — 1 employees (1 izinde)
[SalesSystem] Daily tick — MRR $8905
[TimeManager] Daily tick — Day 92 (Δ 13 ms)
PROBE PLAY day=92 pitch Vita Medikal -> SIGNED (mrr 8905 -> 9405)
[ProductSystem] Development band complete → BETA. hidden_bugs=15
PROBE PLAY day=92 enter_beta
PROBE STATE day=92 cash=24925 mrr=9405 brand=50 burn=260 runway=INF cust=12 emp=1 promises=2 phase=2 aud=0 sat=-1 bugs=0 q=40.5 appetite=warming streak=1/3 profit_streak=0
PROBE CUST day=92 id=co_lead_31_4 sat=55 tol=47 target=55 trust=0.0 phase=active streak=0 cd=-1 mrr=785 bugs=0
PROBE CUST day=92 id=co_lead_31_5 sat=55 tol=47 target=55 trust=0.0 phase=active streak=0 cd=-1 mrr=860 bugs=0
PROBE CUST day=92 id=co_lead_37_7 sat=55 tol=42 target=55 trust=0.0 phase=active streak=0 cd=-1 mrr=860 bugs=0
PROBE CUST day=92 id=co_lead_51_13 sat=55 tol=51 target=55 trust=0.0 phase=active streak=0 cd=-1 mrr=1700 bugs=0
PROBE CUST day=92 id=co_lead_58_16 sat=55 tol=42 target=55 trust=0.0 phase=active streak=0 cd=-1 mrr=425 bugs=0
PROBE CUST day=92 id=co_lead_64_19 sat=55 tol=42 target=55 trust=0.0 phase=onboarding streak=0 cd=-1 mrr=425 bugs=0
PROBE CUST day=92 id=co_lead_70_21 sat=55 tol=47 target=55 trust=0.0 phase=onboarding streak=0 cd=-1 mrr=425 bugs=0
PROBE CUST day=92 id=co_lead_70_22 sat=55 tol=45 target=55 trust=0.0 phase=onboarding streak=0 cd=-1 mrr=500 bugs=0
PROBE CUST day=92 id=co_lead_75_24 sat=55 tol=45 target=55 trust=0.0 phase=onboarding streak=0 cd=-1 mrr=425 bugs=0
PROBE CUST day=92 id=co_lead_81_27 sat=55 tol=56 target=55 trust=0.0 phase=onboarding streak=4 cd=-1 mrr=2000 bugs=0
PROBE CUST day=92 id=co_lead_86_28 sat=55 tol=47 target=55 trust=0.0 phase=onboarding streak=0 cd=-1 mrr=500 bugs=0
PROBE CUST day=92 id=co_lead_91_30 sat=51 tol=47 target=55 trust=0.0 phase=onboarding streak=0 cd=-1 mrr=500 bugs=0
PROBE SAT day=92 satisfied=11/12 target=55
[HRSystem] Daily tick — 1 employees (1 izinde)
[SalesSystem] Daily tick — MRR $9405
[TimeManager] Daily tick — Day 93 (Δ 12 ms)
PROBE STATE day=93 cash=24979 mrr=9405 brand=50 burn=260 runway=INF cust=12 emp=1 promises=2 phase=2 aud=0 sat=-1 bugs=0 q=40.4 appetite=warming streak=1/3 profit_streak=0
PROBE CUST day=93 id=co_lead_31_4 sat=55 tol=47 target=55 trust=0.0 phase=active streak=0 cd=-1 mrr=785 bugs=0
PROBE CUST day=93 id=co_lead_31_5 sat=55 tol=47 target=55 trust=0.0 phase=active streak=0 cd=-1 mrr=860 bugs=0
PROBE CUST day=93 id=co_lead_37_7 sat=55 tol=42 target=55 trust=0.0 phase=active streak=0 cd=-1 mrr=860 bugs=0
PROBE CUST day=93 id=co_lead_51_13 sat=55 tol=51 target=55 trust=0.0 phase=active streak=0 cd=-1 mrr=1700 bugs=0
PROBE CUST day=93 id=co_lead_58_16 sat=55 tol=42 target=55 trust=0.0 phase=active streak=0 cd=-1 mrr=425 bugs=0
PROBE CUST day=93 id=co_lead_64_19 sat=55 tol=42 target=55 trust=0.0 phase=onboarding streak=0 cd=-1 mrr=425 bugs=0
PROBE CUST day=93 id=co_lead_70_21 sat=55 tol=47 target=55 trust=0.0 phase=onboarding streak=0 cd=-1 mrr=425 bugs=0
PROBE CUST day=93 id=co_lead_70_22 sat=55 tol=45 target=55 trust=0.0 phase=onboarding streak=0 cd=-1 mrr=500 bugs=0
PROBE CUST day=93 id=co_lead_75_24 sat=55 tol=45 target=55 trust=0.0 phase=onboarding streak=0 cd=-1 mrr=425 bugs=0
PROBE CUST day=93 id=co_lead_81_27 sat=55 tol=56 target=55 trust=0.0 phase=onboarding streak=5 cd=-1 mrr=2000 bugs=0
PROBE CUST day=93 id=co_lead_86_28 sat=55 tol=47 target=55 trust=0.0 phase=onboarding streak=0 cd=-1 mrr=500 bugs=0
PROBE CUST day=93 id=co_lead_91_30 sat=55 tol=47 target=55 trust=0.0 phase=onboarding streak=0 cd=-1 mrr=500 bugs=0
PROBE SAT day=93 satisfied=11/12 target=55
[HRSystem] Daily tick — 1 employees (1 izinde)
[SalesSystem] Daily tick — MRR $9405
[TimeManager] Daily tick — Day 94 (Δ 13 ms)
PROBE PLAY day=94 pitch Anadolu Yapı -> LOST (mrr 9405 -> 9405)
PROBE STATE day=94 cash=25033 mrr=9405 brand=50 burn=260 runway=INF cust=12 emp=1 promises=2 phase=2 aud=0 sat=-1 bugs=1 q=40.0 appetite=warming streak=1/3 profit_streak=0
PROBE CUST day=94 id=co_lead_31_4 sat=55 tol=47 target=55 trust=0.0 phase=active streak=0 cd=-1 mrr=785 bugs=1
PROBE CUST day=94 id=co_lead_31_5 sat=55 tol=47 target=55 trust=0.0 phase=active streak=0 cd=-1 mrr=860 bugs=1
PROBE CUST day=94 id=co_lead_37_7 sat=55 tol=42 target=55 trust=0.0 phase=active streak=0 cd=-1 mrr=860 bugs=1
PROBE CUST day=94 id=co_lead_51_13 sat=55 tol=51 target=55 trust=0.0 phase=active streak=0 cd=-1 mrr=1700 bugs=1
PROBE CUST day=94 id=co_lead_58_16 sat=55 tol=42 target=55 trust=0.0 phase=active streak=0 cd=-1 mrr=425 bugs=1
PROBE CUST day=94 id=co_lead_64_19 sat=55 tol=42 target=55 trust=0.0 phase=onboarding streak=0 cd=-1 mrr=425 bugs=1
PROBE CUST day=94 id=co_lead_70_21 sat=55 tol=47 target=55 trust=0.0 phase=onboarding streak=0 cd=-1 mrr=425 bugs=1
PROBE CUST day=94 id=co_lead_70_22 sat=55 tol=45 target=55 trust=0.0 phase=onboarding streak=0 cd=-1 mrr=500 bugs=1
PROBE CUST day=94 id=co_lead_75_24 sat=55 tol=45 target=55 trust=0.0 phase=onboarding streak=0 cd=-1 mrr=425 bugs=1
PROBE CUST day=94 id=co_lead_81_27 sat=55 tol=56 target=55 trust=0.0 phase=onboarding streak=6 cd=-1 mrr=2000 bugs=1
PROBE CUST day=94 id=co_lead_86_28 sat=55 tol=47 target=55 trust=0.0 phase=onboarding streak=0 cd=-1 mrr=500 bugs=1
PROBE CUST day=94 id=co_lead_91_30 sat=55 tol=47 target=55 trust=0.0 phase=onboarding streak=0 cd=-1 mrr=500 bugs=1
PROBE SAT day=94 satisfied=11/12 target=55
[HRSystem] Daily tick — 1 employees (1 izinde)
[SalesSystem] Daily tick — MRR $9405
[TimeManager] Daily tick — Day 95 (Δ 11 ms)
PROBE STATE day=95 cash=25087 mrr=9405 brand=50 burn=260 runway=INF cust=12 emp=1 promises=2 phase=2 aud=0 sat=-1 bugs=1 q=39.9 appetite=warming streak=1/3 profit_streak=0
PROBE CUST day=95 id=co_lead_31_4 sat=55 tol=47 target=55 trust=0.0 phase=active streak=0 cd=-1 mrr=785 bugs=1
PROBE CUST day=95 id=co_lead_31_5 sat=55 tol=47 target=55 trust=0.0 phase=active streak=0 cd=-1 mrr=860 bugs=1
PROBE CUST day=95 id=co_lead_37_7 sat=55 tol=42 target=55 trust=0.0 phase=active streak=0 cd=-1 mrr=860 bugs=1
PROBE CUST day=95 id=co_lead_51_13 sat=55 tol=51 target=55 trust=0.0 phase=active streak=0 cd=-1 mrr=1700 bugs=1
PROBE CUST day=95 id=co_lead_58_16 sat=55 tol=42 target=55 trust=0.0 phase=active streak=0 cd=-1 mrr=425 bugs=1
PROBE CUST day=95 id=co_lead_64_19 sat=55 tol=42 target=55 trust=0.0 phase=onboarding streak=0 cd=-1 mrr=425 bugs=1
PROBE CUST day=95 id=co_lead_70_21 sat=55 tol=47 target=55 trust=0.0 phase=onboarding streak=0 cd=-1 mrr=425 bugs=1
PROBE CUST day=95 id=co_lead_70_22 sat=55 tol=45 target=55 trust=0.0 phase=onboarding streak=0 cd=-1 mrr=500 bugs=1
PROBE CUST day=95 id=co_lead_75_24 sat=55 tol=45 target=55 trust=0.0 phase=onboarding streak=0 cd=-1 mrr=425 bugs=1
PROBE CUST day=95 id=co_lead_81_27 sat=55 tol=56 target=55 trust=0.0 phase=onboarding streak=7 cd=-1 mrr=2000 bugs=1
PROBE CUST day=95 id=co_lead_86_28 sat=55 tol=47 target=55 trust=0.0 phase=onboarding streak=0 cd=-1 mrr=500 bugs=1
PROBE CUST day=95 id=co_lead_91_30 sat=55 tol=47 target=55 trust=0.0 phase=onboarding streak=0 cd=-1 mrr=500 bugs=1
PROBE SAT day=95 satisfied=11/12 target=55
PROBE FIRE day=95 hour=16 id=ev_ps_referral_b2b src=pool
[EventManager] Eligible: ev_ps_referral_b2b
[EventManager] Modal requested: ev_ps_referral_b2b
PROBE PICK day=95 id=ev_ps_referral_b2b choice=0 label=Kabul et — özellik sözü ver
[EventManager] Resolved: ev_ps_referral_b2b choice 0
[HRSystem] Daily tick — 1 employees (1 izinde)
[SalesSystem] Daily tick — MRR $9405
[TimeManager] Daily tick — Day 96 (Δ 12 ms)
PROBE PLAY day=96 pitch Donau Bau -> LOST (mrr 9405 -> 9405)
PROBE PLAY day=96 launch build=["saas_ops_integration", "saas_ops_field", "saas_ops_scheduling", "saas_ops_mobile", "saas_ops_workflow"] bugs=0
PROBE FIRE day=96 hour=0 id=ev_mvp_version_ship_moment src=factory:product_system:1266 (version_ship)
[EventManager] Modal requested: ev_mvp_version_ship_moment
PROBE PICK day=96 id=ev_mvp_version_ship_moment choice=0 label=Yayına devam
PROBE PROMISE day=96 stage=resolved id=promise_co_lead_81_27_saas_ops_workflow_88 status=kept feature=saas_ops_workflow deadline=102 cust=co_lead_81_27 sat=54 tol=56 countdown=-1 phase=onboarding
PROBE SHIP day=96 version=3 stability=31.0 innovation=18.0 experience=31.0 bugs=0 components=["saas_ops_integration", "saas_ops_field", "saas_ops_scheduling", "saas_ops_mobile", "saas_ops_workflow"]
[ProductSystem] Build shipped. mvp_shipped flag set.
[EventManager] Resolved: ev_mvp_version_ship_moment choice 0
PROBE STATE day=96 cash=24741 mrr=9405 brand=50 burn=260 runway=INF cust=12 emp=1 promises=2 phase=2 aud=0 sat=-1 bugs=0 q=44.6 appetite=warming streak=1/3 profit_streak=0
PROBE CUST day=96 id=co_lead_31_4 sat=54 tol=47 target=55 trust=0.0 phase=active streak=0 cd=-1 mrr=785 bugs=0
PROBE CUST day=96 id=co_lead_31_5 sat=54 tol=47 target=55 trust=0.0 phase=active streak=0 cd=-1 mrr=860 bugs=0
PROBE CUST day=96 id=co_lead_37_7 sat=54 tol=42 target=55 trust=0.0 phase=active streak=0 cd=-1 mrr=860 bugs=0
PROBE CUST day=96 id=co_lead_51_13 sat=54 tol=51 target=55 trust=0.0 phase=active streak=0 cd=-1 mrr=1700 bugs=0
PROBE CUST day=96 id=co_lead_58_16 sat=54 tol=42 target=55 trust=0.0 phase=active streak=0 cd=-1 mrr=425 bugs=0
PROBE CUST day=96 id=co_lead_64_19 sat=54 tol=42 target=55 trust=0.0 phase=onboarding streak=0 cd=-1 mrr=425 bugs=0
PROBE CUST day=96 id=co_lead_70_21 sat=54 tol=47 target=55 trust=0.0 phase=onboarding streak=0 cd=-1 mrr=425 bugs=0
PROBE CUST day=96 id=co_lead_70_22 sat=54 tol=45 target=55 trust=0.0 phase=onboarding streak=0 cd=-1 mrr=500 bugs=0
PROBE CUST day=96 id=co_lead_75_24 sat=54 tol=45 target=55 trust=0.0 phase=onboarding streak=0 cd=-1 mrr=425 bugs=0
PROBE CUST day=96 id=co_lead_81_27 sat=69 tol=51 target=61 trust=6.0 phase=onboarding streak=0 cd=-1 mrr=2000 bugs=0
PROBE CUST day=96 id=co_lead_86_28 sat=54 tol=47 target=55 trust=0.0 phase=onboarding streak=0 cd=-1 mrr=500 bugs=0
PROBE CUST day=96 id=co_lead_91_30 sat=54 tol=47 target=55 trust=0.0 phase=onboarding streak=0 cd=-1 mrr=500 bugs=0
PROBE SAT day=96 satisfied=12/12 target=55
[HRSystem] Daily tick — 1 employees (1 izinde)
PROBE FIRE day=97 hour=0 id=ev_b2b_expand_co_lead_51_13 src=factory:b2b_sales_system:242 (expansion)
[EventManager] Modal requested: ev_b2b_expand_co_lead_51_13
[SalesSystem] Daily tick — MRR $9405
[TimeManager] Daily tick — Day 97 (Δ 15 ms)
PROBE PICK day=97 id=ev_b2b_expand_co_lead_51_13 choice=0 label=Büyüt
[EventManager] Resolved: ev_b2b_expand_co_lead_51_13 choice 0
PROBE PLAY day=97 find_prospects (+2)
PROBE STATE day=97 cash=24795 mrr=10125 brand=50 burn=260 runway=INF cust=12 emp=1 promises=2 phase=2 aud=0 sat=-1 bugs=0 q=44.5 appetite=warming streak=1/3 profit_streak=0
PROBE CUST day=97 id=co_lead_31_4 sat=55 tol=47 target=55 trust=0.0 phase=active streak=0 cd=-1 mrr=785 bugs=0
PROBE CUST day=97 id=co_lead_31_5 sat=55 tol=47 target=55 trust=0.0 phase=active streak=0 cd=-1 mrr=860 bugs=0
PROBE CUST day=97 id=co_lead_37_7 sat=55 tol=42 target=55 trust=0.0 phase=active streak=0 cd=-1 mrr=860 bugs=0
PROBE CUST day=97 id=co_lead_51_13 sat=55 tol=51 target=55 trust=0.0 phase=active streak=0 cd=-1 mrr=2420 bugs=0
PROBE CUST day=97 id=co_lead_58_16 sat=55 tol=42 target=55 trust=0.0 phase=active streak=0 cd=-1 mrr=425 bugs=0
PROBE CUST day=97 id=co_lead_64_19 sat=55 tol=42 target=55 trust=0.0 phase=active streak=0 cd=-1 mrr=425 bugs=0
PROBE CUST day=97 id=co_lead_70_21 sat=55 tol=47 target=55 trust=0.0 phase=onboarding streak=0 cd=-1 mrr=425 bugs=0
PROBE CUST day=97 id=co_lead_70_22 sat=55 tol=45 target=55 trust=0.0 phase=onboarding streak=0 cd=-1 mrr=500 bugs=0
PROBE CUST day=97 id=co_lead_75_24 sat=55 tol=45 target=55 trust=0.0 phase=onboarding streak=0 cd=-1 mrr=425 bugs=0
PROBE CUST day=97 id=co_lead_81_27 sat=64 tol=51 target=61 trust=5.6 phase=onboarding streak=0 cd=-1 mrr=2000 bugs=0
PROBE CUST day=97 id=co_lead_86_28 sat=55 tol=47 target=55 trust=0.0 phase=onboarding streak=0 cd=-1 mrr=500 bugs=0
PROBE CUST day=97 id=co_lead_91_30 sat=55 tol=47 target=55 trust=0.0 phase=onboarding streak=0 cd=-1 mrr=500 bugs=0
PROBE SAT day=97 satisfied=12/12 target=55
[HRMoraleSystem] char_emp_55_0 moral 75 → 85 (leave_return)
[HRSystem] Daily tick — 1 employees (0 izinde)
[SalesSystem] Daily tick — MRR $10125
[TimeManager] Daily tick — Day 98 (Δ 14 ms)
PROBE PLAY day=98 pitch Vulkan Döküm -> SIGNED (mrr 10125 -> 10625)
PROBE STATE day=98 cash=24873 mrr=10625 brand=50 burn=260 runway=INF cust=13 emp=1 promises=2 phase=2 aud=0 sat=-1 bugs=1 q=44.1 appetite=warming streak=1/3 profit_streak=0
PROBE CUST day=98 id=co_lead_31_4 sat=55 tol=47 target=55 trust=0.0 phase=active streak=0 cd=-1 mrr=785 bugs=1
PROBE CUST day=98 id=co_lead_31_5 sat=55 tol=47 target=55 trust=0.0 phase=active streak=0 cd=-1 mrr=860 bugs=1
PROBE CUST day=98 id=co_lead_37_7 sat=55 tol=42 target=55 trust=0.0 phase=active streak=0 cd=-1 mrr=860 bugs=1
PROBE CUST day=98 id=co_lead_51_13 sat=55 tol=51 target=55 trust=0.0 phase=active streak=0 cd=-1 mrr=2420 bugs=1
PROBE CUST day=98 id=co_lead_58_16 sat=55 tol=42 target=55 trust=0.0 phase=active streak=0 cd=-1 mrr=425 bugs=1
PROBE CUST day=98 id=co_lead_64_19 sat=55 tol=42 target=55 trust=0.0 phase=active streak=0 cd=-1 mrr=425 bugs=1
PROBE CUST day=98 id=co_lead_70_21 sat=55 tol=47 target=55 trust=0.0 phase=onboarding streak=0 cd=-1 mrr=425 bugs=1
PROBE CUST day=98 id=co_lead_70_22 sat=55 tol=45 target=55 trust=0.0 phase=onboarding streak=0 cd=-1 mrr=500 bugs=1
PROBE CUST day=98 id=co_lead_75_24 sat=55 tol=45 target=55 trust=0.0 phase=onboarding streak=0 cd=-1 mrr=425 bugs=1
PROBE CUST day=98 id=co_lead_81_27 sat=60 tol=51 target=60 trust=5.2 phase=onboarding streak=0 cd=-1 mrr=2000 bugs=1
PROBE CUST day=98 id=co_lead_86_28 sat=55 tol=47 target=55 trust=0.0 phase=onboarding streak=0 cd=-1 mrr=500 bugs=1
PROBE CUST day=98 id=co_lead_91_30 sat=55 tol=47 target=55 trust=0.0 phase=onboarding streak=0 cd=-1 mrr=500 bugs=1
PROBE CUST day=98 id=co_lead_97_33 sat=55 tol=42 target=55 trust=0.0 phase=onboarding streak=0 cd=-1 mrr=500 bugs=1
PROBE SAT day=98 satisfied=13/13 target=55
[HRSystem] Daily tick — 1 employees (0 izinde)
[SalesSystem] Daily tick — MRR $10625
[TimeManager] Daily tick — Day 99 (Δ 11 ms)
PROBE STATE day=99 cash=24967 mrr=10625 brand=50 burn=260 runway=INF cust=13 emp=1 promises=2 phase=2 aud=0 sat=-1 bugs=1 q=44.1 appetite=warming streak=1/3 profit_streak=0
PROBE CUST day=99 id=co_lead_31_4 sat=55 tol=47 target=55 trust=0.0 phase=active streak=0 cd=-1 mrr=785 bugs=1
PROBE CUST day=99 id=co_lead_31_5 sat=55 tol=47 target=55 trust=0.0 phase=active streak=0 cd=-1 mrr=860 bugs=1
PROBE CUST day=99 id=co_lead_37_7 sat=55 tol=42 target=55 trust=0.0 phase=active streak=0 cd=-1 mrr=860 bugs=1
PROBE CUST day=99 id=co_lead_51_13 sat=55 tol=51 target=55 trust=0.0 phase=active streak=0 cd=-1 mrr=2420 bugs=1
PROBE CUST day=99 id=co_lead_58_16 sat=55 tol=42 target=55 trust=0.0 phase=active streak=0 cd=-1 mrr=425 bugs=1
PROBE CUST day=99 id=co_lead_64_19 sat=55 tol=42 target=55 trust=0.0 phase=active streak=0 cd=-1 mrr=425 bugs=1
PROBE CUST day=99 id=co_lead_70_21 sat=55 tol=47 target=55 trust=0.0 phase=onboarding streak=0 cd=-1 mrr=425 bugs=1
PROBE CUST day=99 id=co_lead_70_22 sat=55 tol=45 target=55 trust=0.0 phase=onboarding streak=0 cd=-1 mrr=500 bugs=1
PROBE CUST day=99 id=co_lead_75_24 sat=55 tol=45 target=55 trust=0.0 phase=onboarding streak=0 cd=-1 mrr=425 bugs=1
PROBE CUST day=99 id=co_lead_81_27 sat=60 tol=51 target=60 trust=4.8 phase=onboarding streak=0 cd=-1 mrr=2000 bugs=1
PROBE CUST day=99 id=co_lead_86_28 sat=55 tol=47 target=55 trust=0.0 phase=onboarding streak=0 cd=-1 mrr=500 bugs=1
PROBE CUST day=99 id=co_lead_91_30 sat=55 tol=47 target=55 trust=0.0 phase=onboarding streak=0 cd=-1 mrr=500 bugs=1
PROBE CUST day=99 id=co_lead_97_33 sat=55 tol=42 target=55 trust=0.0 phase=onboarding streak=0 cd=-1 mrr=500 bugs=1
PROBE SAT day=99 satisfied=13/13 target=55
[HRSystem] Daily tick — 1 employees (0 izinde)
[SalesSystem] Daily tick — MRR $10625
[TimeManager] Daily tick — Day 100 (Δ 11 ms)
PROBE PLAY day=100 pitch Aras Klinik -> LOST (mrr 10625 -> 10625)
PROBE STATE day=100 cash=25061 mrr=10625 brand=50 burn=260 runway=INF cust=13 emp=1 promises=2 phase=2 aud=0 sat=-1 bugs=2 q=43.7 appetite=warming streak=1/3 profit_streak=0
PROBE CUST day=100 id=co_lead_31_4 sat=54 tol=47 target=54 trust=0.0 phase=active streak=0 cd=-1 mrr=785 bugs=2
PROBE CUST day=100 id=co_lead_31_5 sat=54 tol=47 target=54 trust=0.0 phase=active streak=0 cd=-1 mrr=860 bugs=2
PROBE CUST day=100 id=co_lead_37_7 sat=54 tol=42 target=54 trust=0.0 phase=active streak=0 cd=-1 mrr=860 bugs=2
PROBE CUST day=100 id=co_lead_51_13 sat=54 tol=51 target=54 trust=0.0 phase=active streak=0 cd=-1 mrr=2420 bugs=2
PROBE CUST day=100 id=co_lead_58_16 sat=54 tol=42 target=54 trust=0.0 phase=active streak=0 cd=-1 mrr=425 bugs=2
PROBE CUST day=100 id=co_lead_64_19 sat=54 tol=42 target=54 trust=0.0 phase=active streak=0 cd=-1 mrr=425 bugs=2
PROBE CUST day=100 id=co_lead_70_21 sat=54 tol=47 target=54 trust=0.0 phase=onboarding streak=0 cd=-1 mrr=425 bugs=2
PROBE CUST day=100 id=co_lead_70_22 sat=54 tol=45 target=54 trust=0.0 phase=onboarding streak=0 cd=-1 mrr=500 bugs=2
PROBE CUST day=100 id=co_lead_75_24 sat=54 tol=45 target=54 trust=0.0 phase=onboarding streak=0 cd=-1 mrr=425 bugs=2
PROBE CUST day=100 id=co_lead_81_27 sat=58 tol=51 target=58 trust=4.4 phase=onboarding streak=0 cd=-1 mrr=2000 bugs=2
PROBE CUST day=100 id=co_lead_86_28 sat=54 tol=47 target=54 trust=0.0 phase=onboarding streak=0 cd=-1 mrr=500 bugs=2
PROBE CUST day=100 id=co_lead_91_30 sat=54 tol=47 target=54 trust=0.0 phase=onboarding streak=0 cd=-1 mrr=500 bugs=2
PROBE CUST day=100 id=co_lead_97_33 sat=54 tol=42 target=54 trust=0.0 phase=onboarding streak=0 cd=-1 mrr=500 bugs=2
PROBE SAT day=100 satisfied=13/13 target=54
[HRSystem] Daily tick — 1 employees (0 izinde)
[SalesSystem] Daily tick — MRR $10625
[TimeManager] Daily tick — Day 101 (Δ 12 ms)
PROBE STATE day=101 cash=25155 mrr=10625 brand=50 burn=260 runway=INF cust=13 emp=1 promises=2 phase=2 aud=0 sat=-1 bugs=3 q=43.3 appetite=warming streak=1/3 profit_streak=0
PROBE CUST day=101 id=co_lead_31_4 sat=53 tol=47 target=53 trust=0.0 phase=active streak=0 cd=-1 mrr=785 bugs=3
PROBE CUST day=101 id=co_lead_31_5 sat=53 tol=47 target=53 trust=0.0 phase=active streak=0 cd=-1 mrr=860 bugs=3
PROBE CUST day=101 id=co_lead_37_7 sat=53 tol=42 target=53 trust=0.0 phase=active streak=0 cd=-1 mrr=860 bugs=3
PROBE CUST day=101 id=co_lead_51_13 sat=53 tol=51 target=53 trust=0.0 phase=active streak=0 cd=-1 mrr=2420 bugs=3
PROBE CUST day=101 id=co_lead_58_16 sat=53 tol=42 target=53 trust=0.0 phase=active streak=0 cd=-1 mrr=425 bugs=3
PROBE CUST day=101 id=co_lead_64_19 sat=53 tol=42 target=53 trust=0.0 phase=active streak=0 cd=-1 mrr=425 bugs=3
PROBE CUST day=101 id=co_lead_70_21 sat=53 tol=47 target=53 trust=0.0 phase=active streak=0 cd=-1 mrr=425 bugs=3
PROBE CUST day=101 id=co_lead_70_22 sat=53 tol=45 target=53 trust=0.0 phase=onboarding streak=0 cd=-1 mrr=500 bugs=3
PROBE CUST day=101 id=co_lead_75_24 sat=53 tol=45 target=53 trust=0.0 phase=onboarding streak=0 cd=-1 mrr=425 bugs=3
PROBE CUST day=101 id=co_lead_81_27 sat=57 tol=51 target=57 trust=4.0 phase=onboarding streak=0 cd=-1 mrr=2000 bugs=3
PROBE CUST day=101 id=co_lead_86_28 sat=53 tol=47 target=53 trust=0.0 phase=onboarding streak=0 cd=-1 mrr=500 bugs=3
PROBE CUST day=101 id=co_lead_91_30 sat=53 tol=47 target=53 trust=0.0 phase=onboarding streak=0 cd=-1 mrr=500 bugs=3
PROBE CUST day=101 id=co_lead_97_33 sat=53 tol=42 target=53 trust=0.0 phase=onboarding streak=0 cd=-1 mrr=500 bugs=3
PROBE SAT day=101 satisfied=13/13 target=53
[HRSystem] Daily tick — 1 employees (0 izinde)
[SalesSystem] Daily tick — MRR $10625
[TimeManager] Daily tick — Day 102 (Δ 12 ms)
PROBE PLAY day=102 find_prospects (+2)
PROBE STATE day=102 cash=25249 mrr=10625 brand=50 burn=260 runway=INF cust=13 emp=1 promises=2 phase=2 aud=0 sat=-1 bugs=3 q=43.3 appetite=warming streak=1/3 profit_streak=0
PROBE CUST day=102 id=co_lead_31_4 sat=53 tol=47 target=53 trust=0.0 phase=active streak=0 cd=-1 mrr=785 bugs=3
PROBE CUST day=102 id=co_lead_31_5 sat=53 tol=47 target=53 trust=0.0 phase=active streak=0 cd=-1 mrr=860 bugs=3
PROBE CUST day=102 id=co_lead_37_7 sat=53 tol=42 target=53 trust=0.0 phase=active streak=0 cd=-1 mrr=860 bugs=3
PROBE CUST day=102 id=co_lead_51_13 sat=53 tol=51 target=53 trust=0.0 phase=active streak=0 cd=-1 mrr=2420 bugs=3
PROBE CUST day=102 id=co_lead_58_16 sat=53 tol=42 target=53 trust=0.0 phase=active streak=0 cd=-1 mrr=425 bugs=3
PROBE CUST day=102 id=co_lead_64_19 sat=53 tol=42 target=53 trust=0.0 phase=active streak=0 cd=-1 mrr=425 bugs=3
PROBE CUST day=102 id=co_lead_70_21 sat=53 tol=47 target=53 trust=0.0 phase=active streak=0 cd=-1 mrr=425 bugs=3
PROBE CUST day=102 id=co_lead_70_22 sat=53 tol=45 target=53 trust=0.0 phase=onboarding streak=0 cd=-1 mrr=500 bugs=3
PROBE CUST day=102 id=co_lead_75_24 sat=53 tol=45 target=53 trust=0.0 phase=onboarding streak=0 cd=-1 mrr=425 bugs=3
PROBE CUST day=102 id=co_lead_81_27 sat=57 tol=51 target=57 trust=3.6 phase=onboarding streak=0 cd=-1 mrr=2000 bugs=3
PROBE CUST day=102 id=co_lead_86_28 sat=53 tol=47 target=53 trust=0.0 phase=onboarding streak=0 cd=-1 mrr=500 bugs=3
PROBE CUST day=102 id=co_lead_91_30 sat=53 tol=47 target=53 trust=0.0 phase=onboarding streak=0 cd=-1 mrr=500 bugs=3
PROBE CUST day=102 id=co_lead_97_33 sat=53 tol=42 target=53 trust=0.0 phase=onboarding streak=0 cd=-1 mrr=500 bugs=3
PROBE SAT day=102 satisfied=13/13 target=53
[HRSystem] Daily tick — 1 employees (0 izinde)
[SalesSystem] Daily tick — MRR $10625
[TimeManager] Daily tick — Day 103 (Δ 11 ms)
PROBE PLAY day=103 pitch Beykoz Üretim -> LOST (mrr 10625 -> 10625)
PROBE STATE day=103 cash=25343 mrr=10625 brand=50 burn=260 runway=INF cust=13 emp=1 promises=2 phase=2 aud=0 sat=-1 bugs=4 q=42.9 appetite=warming streak=1/3 profit_streak=0
PROBE CUST day=103 id=co_lead_31_4 sat=53 tol=47 target=53 trust=0.0 phase=active streak=0 cd=-1 mrr=785 bugs=4
PROBE CUST day=103 id=co_lead_31_5 sat=53 tol=47 target=53 trust=0.0 phase=active streak=0 cd=-1 mrr=860 bugs=4
PROBE CUST day=103 id=co_lead_37_7 sat=53 tol=42 target=53 trust=0.0 phase=active streak=0 cd=-1 mrr=860 bugs=4
PROBE CUST day=103 id=co_lead_51_13 sat=53 tol=51 target=53 trust=0.0 phase=active streak=0 cd=-1 mrr=2420 bugs=4
PROBE CUST day=103 id=co_lead_58_16 sat=53 tol=42 target=53 trust=0.0 phase=active streak=0 cd=-1 mrr=425 bugs=4
PROBE CUST day=103 id=co_lead_64_19 sat=53 tol=42 target=53 trust=0.0 phase=active streak=0 cd=-1 mrr=425 bugs=4
PROBE CUST day=103 id=co_lead_70_21 sat=53 tol=47 target=53 trust=0.0 phase=active streak=0 cd=-1 mrr=425 bugs=4
PROBE CUST day=103 id=co_lead_70_22 sat=53 tol=45 target=53 trust=0.0 phase=active streak=0 cd=-1 mrr=500 bugs=4
PROBE CUST day=103 id=co_lead_75_24 sat=53 tol=45 target=53 trust=0.0 phase=onboarding streak=0 cd=-1 mrr=425 bugs=4
PROBE CUST day=103 id=co_lead_81_27 sat=56 tol=51 target=56 trust=3.2 phase=onboarding streak=0 cd=-1 mrr=2000 bugs=4
PROBE CUST day=103 id=co_lead_86_28 sat=53 tol=47 target=53 trust=0.0 phase=onboarding streak=0 cd=-1 mrr=500 bugs=4
PROBE CUST day=103 id=co_lead_91_30 sat=53 tol=47 target=53 trust=0.0 phase=onboarding streak=0 cd=-1 mrr=500 bugs=4
PROBE CUST day=103 id=co_lead_97_33 sat=53 tol=42 target=53 trust=0.0 phase=onboarding streak=0 cd=-1 mrr=500 bugs=4
PROBE SAT day=103 satisfied=13/13 target=53
[HRSystem] Daily tick — 1 employees (0 izinde)
PROBE FIRE day=104 hour=0 id=ev_b2b_expand_co_lead_58_16 src=factory:b2b_sales_system:242 (expansion)
[EventManager] Modal requested: ev_b2b_expand_co_lead_58_16
[SalesSystem] Daily tick — MRR $10625
[TimeManager] Daily tick — Day 104 (Δ 13 ms)
PROBE PICK day=104 id=ev_b2b_expand_co_lead_58_16 choice=0 label=Büyüt
[EventManager] Resolved: ev_b2b_expand_co_lead_58_16 choice 0
PROBE STATE day=104 cash=25437 mrr=10985 brand=50 burn=260 runway=INF cust=13 emp=1 promises=2 phase=2 aud=0 sat=-1 bugs=4 q=42.8 appetite=warming streak=1/3 profit_streak=0
PROBE CUST day=104 id=co_lead_31_4 sat=53 tol=47 target=53 trust=0.0 phase=active streak=0 cd=-1 mrr=785 bugs=4
PROBE CUST day=104 id=co_lead_31_5 sat=53 tol=47 target=53 trust=0.0 phase=active streak=0 cd=-1 mrr=860 bugs=4
PROBE CUST day=104 id=co_lead_37_7 sat=53 tol=42 target=53 trust=0.0 phase=active streak=0 cd=-1 mrr=860 bugs=4
PROBE CUST day=104 id=co_lead_51_13 sat=53 tol=51 target=53 trust=0.0 phase=active streak=0 cd=-1 mrr=2420 bugs=4
PROBE CUST day=104 id=co_lead_58_16 sat=53 tol=42 target=53 trust=0.0 phase=active streak=0 cd=-1 mrr=785 bugs=4
PROBE CUST day=104 id=co_lead_64_19 sat=53 tol=42 target=53 trust=0.0 phase=active streak=0 cd=-1 mrr=425 bugs=4
PROBE CUST day=104 id=co_lead_70_21 sat=53 tol=47 target=53 trust=0.0 phase=active streak=0 cd=-1 mrr=425 bugs=4
PROBE CUST day=104 id=co_lead_70_22 sat=53 tol=45 target=53 trust=0.0 phase=active streak=0 cd=-1 mrr=500 bugs=4
PROBE CUST day=104 id=co_lead_75_24 sat=53 tol=45 target=53 trust=0.0 phase=onboarding streak=0 cd=-1 mrr=425 bugs=4
PROBE CUST day=104 id=co_lead_81_27 sat=55 tol=51 target=55 trust=2.8 phase=onboarding streak=0 cd=-1 mrr=2000 bugs=4
PROBE CUST day=104 id=co_lead_86_28 sat=53 tol=47 target=53 trust=0.0 phase=onboarding streak=0 cd=-1 mrr=500 bugs=4
PROBE CUST day=104 id=co_lead_91_30 sat=53 tol=47 target=53 trust=0.0 phase=onboarding streak=0 cd=-1 mrr=500 bugs=4
PROBE CUST day=104 id=co_lead_97_33 sat=53 tol=42 target=53 trust=0.0 phase=onboarding streak=0 cd=-1 mrr=500 bugs=4
PROBE SAT day=104 satisfied=13/13 target=53
[HRSystem] Daily tick — 1 employees (0 izinde)
[SalesSystem] Daily tick — MRR $10985
[TimeManager] Daily tick — Day 105 (Δ 11 ms)
PROBE PLAY day=105 pitch Aras Klinik -> LOST (mrr 10985 -> 10985)
PROBE STATE day=105 cash=25543 mrr=10985 brand=50 burn=260 runway=INF cust=13 emp=1 promises=2 phase=2 aud=0 sat=-1 bugs=5 q=42.4 appetite=warming streak=1/3 profit_streak=0
PROBE CUST day=105 id=co_lead_31_4 sat=52 tol=47 target=52 trust=0.0 phase=active streak=0 cd=-1 mrr=785 bugs=5
PROBE CUST day=105 id=co_lead_31_5 sat=52 tol=47 target=52 trust=0.0 phase=active streak=0 cd=-1 mrr=860 bugs=5
PROBE CUST day=105 id=co_lead_37_7 sat=52 tol=42 target=52 trust=0.0 phase=active streak=0 cd=-1 mrr=860 bugs=5
PROBE CUST day=105 id=co_lead_51_13 sat=52 tol=51 target=52 trust=0.0 phase=active streak=0 cd=-1 mrr=2420 bugs=5
PROBE CUST day=105 id=co_lead_58_16 sat=52 tol=42 target=52 trust=0.0 phase=active streak=0 cd=-1 mrr=785 bugs=5
PROBE CUST day=105 id=co_lead_64_19 sat=52 tol=42 target=52 trust=0.0 phase=active streak=0 cd=-1 mrr=425 bugs=5
PROBE CUST day=105 id=co_lead_70_21 sat=52 tol=47 target=52 trust=0.0 phase=active streak=0 cd=-1 mrr=425 bugs=5
PROBE CUST day=105 id=co_lead_70_22 sat=52 tol=45 target=52 trust=0.0 phase=active streak=0 cd=-1 mrr=500 bugs=5
PROBE CUST day=105 id=co_lead_75_24 sat=52 tol=45 target=52 trust=0.0 phase=onboarding streak=0 cd=-1 mrr=425 bugs=5
PROBE CUST day=105 id=co_lead_81_27 sat=54 tol=51 target=54 trust=2.4 phase=onboarding streak=0 cd=-1 mrr=2000 bugs=5
PROBE CUST day=105 id=co_lead_86_28 sat=52 tol=47 target=52 trust=0.0 phase=onboarding streak=0 cd=-1 mrr=500 bugs=5
PROBE CUST day=105 id=co_lead_91_30 sat=52 tol=47 target=52 trust=0.0 phase=onboarding streak=0 cd=-1 mrr=500 bugs=5
PROBE CUST day=105 id=co_lead_97_33 sat=52 tol=42 target=52 trust=0.0 phase=onboarding streak=0 cd=-1 mrr=500 bugs=5
PROBE SAT day=105 satisfied=13/13 target=52
[HRSystem] Daily tick — 1 employees (0 izinde)
[SalesSystem] Daily tick — MRR $10985
[TimeManager] Daily tick — Day 106 (Δ 11 ms)
[ProductSystem] Bug sprint started: 6 bugs, 2 days
PROBE PLAY day=106 bug_sprint bugs=6
PROBE STATE day=106 cash=25649 mrr=10985 brand=50 burn=260 runway=INF cust=13 emp=1 promises=2 phase=2 aud=0 sat=-1 bugs=6 q=42.1 appetite=warming streak=1/3 profit_streak=0
PROBE CUST day=106 id=co_lead_31_4 sat=51 tol=47 target=51 trust=0.0 phase=active streak=0 cd=-1 mrr=785 bugs=6
PROBE CUST day=106 id=co_lead_31_5 sat=51 tol=47 target=51 trust=0.0 phase=active streak=0 cd=-1 mrr=860 bugs=6
PROBE CUST day=106 id=co_lead_37_7 sat=51 tol=42 target=51 trust=0.0 phase=active streak=0 cd=-1 mrr=860 bugs=6
PROBE CUST day=106 id=co_lead_51_13 sat=51 tol=51 target=51 trust=0.0 phase=active streak=0 cd=-1 mrr=2420 bugs=6
PROBE CUST day=106 id=co_lead_58_16 sat=51 tol=42 target=51 trust=0.0 phase=active streak=0 cd=-1 mrr=785 bugs=6
PROBE CUST day=106 id=co_lead_64_19 sat=51 tol=42 target=51 trust=0.0 phase=active streak=0 cd=-1 mrr=425 bugs=6
PROBE CUST day=106 id=co_lead_70_21 sat=51 tol=47 target=51 trust=0.0 phase=active streak=0 cd=-1 mrr=425 bugs=6
PROBE CUST day=106 id=co_lead_70_22 sat=51 tol=45 target=51 trust=0.0 phase=active streak=0 cd=-1 mrr=500 bugs=6
PROBE CUST day=106 id=co_lead_75_24 sat=51 tol=45 target=51 trust=0.0 phase=onboarding streak=0 cd=-1 mrr=425 bugs=6
PROBE CUST day=106 id=co_lead_81_27 sat=53 tol=51 target=53 trust=2.0 phase=onboarding streak=0 cd=-1 mrr=2000 bugs=6
PROBE CUST day=106 id=co_lead_86_28 sat=51 tol=47 target=51 trust=0.0 phase=onboarding streak=0 cd=-1 mrr=500 bugs=6
PROBE CUST day=106 id=co_lead_91_30 sat=51 tol=47 target=51 trust=0.0 phase=onboarding streak=0 cd=-1 mrr=500 bugs=6
PROBE CUST day=106 id=co_lead_97_33 sat=51 tol=42 target=51 trust=0.0 phase=onboarding streak=0 cd=-1 mrr=500 bugs=6
PROBE SAT day=106 satisfied=13/13 target=51
[HRSystem] Daily tick — 1 employees (0 izinde)
[SalesSystem] Daily tick — MRR $10985
[TimeManager] Daily tick — Day 107 (Δ 11 ms)
PROBE PLAY day=107 find_prospects (+2)
PROBE STATE day=107 cash=25755 mrr=10985 brand=50 burn=260 runway=INF cust=13 emp=1 promises=2 phase=2 aud=0 sat=-1 bugs=3 q=43.0 appetite=warming streak=1/3 profit_streak=0
PROBE CUST day=107 id=co_lead_31_4 sat=53 tol=47 target=53 trust=0.0 phase=active streak=0 cd=-1 mrr=785 bugs=3
PROBE CUST day=107 id=co_lead_31_5 sat=53 tol=47 target=53 trust=0.0 phase=active streak=0 cd=-1 mrr=860 bugs=3
PROBE CUST day=107 id=co_lead_37_7 sat=53 tol=42 target=53 trust=0.0 phase=active streak=0 cd=-1 mrr=860 bugs=3
PROBE CUST day=107 id=co_lead_51_13 sat=53 tol=51 target=53 trust=0.0 phase=active streak=0 cd=-1 mrr=2420 bugs=3
PROBE CUST day=107 id=co_lead_58_16 sat=53 tol=42 target=53 trust=0.0 phase=active streak=0 cd=-1 mrr=785 bugs=3
PROBE CUST day=107 id=co_lead_64_19 sat=53 tol=42 target=53 trust=0.0 phase=active streak=0 cd=-1 mrr=425 bugs=3
PROBE CUST day=107 id=co_lead_70_21 sat=53 tol=47 target=53 trust=0.0 phase=active streak=0 cd=-1 mrr=425 bugs=3
PROBE CUST day=107 id=co_lead_70_22 sat=53 tol=45 target=53 trust=0.0 phase=active streak=0 cd=-1 mrr=500 bugs=3
PROBE CUST day=107 id=co_lead_75_24 sat=53 tol=45 target=53 trust=0.0 phase=onboarding streak=0 cd=-1 mrr=425 bugs=3
PROBE CUST day=107 id=co_lead_81_27 sat=55 tol=51 target=55 trust=1.6 phase=onboarding streak=0 cd=-1 mrr=2000 bugs=3
PROBE CUST day=107 id=co_lead_86_28 sat=53 tol=47 target=53 trust=0.0 phase=onboarding streak=0 cd=-1 mrr=500 bugs=3
PROBE CUST day=107 id=co_lead_91_30 sat=53 tol=47 target=53 trust=0.0 phase=onboarding streak=0 cd=-1 mrr=500 bugs=3
PROBE CUST day=107 id=co_lead_97_33 sat=53 tol=42 target=53 trust=0.0 phase=onboarding streak=0 cd=-1 mrr=500 bugs=3
PROBE SAT day=107 satisfied=13/13 target=53
[ProductSystem] Bug sprint complete. live_bug now 0
[HRSystem] Daily tick — 1 employees (0 izinde)
[SalesSystem] Daily tick — MRR $10985
[TimeManager] Daily tick — Day 108 (Δ 10 ms)
PROBE PLAY day=108 pitch Ege Metal -> LOST (mrr 10985 -> 10985)
PROBE STATE day=108 cash=25861 mrr=10985 brand=50 burn=260 runway=INF cust=13 emp=1 promises=2 phase=2 aud=0 sat=-1 bugs=0 q=43.9 appetite=warming streak=1/3 profit_streak=0
PROBE CUST day=108 id=co_lead_31_4 sat=55 tol=47 target=55 trust=0.0 phase=active streak=0 cd=-1 mrr=785 bugs=0
PROBE CUST day=108 id=co_lead_31_5 sat=55 tol=47 target=55 trust=0.0 phase=active streak=0 cd=-1 mrr=860 bugs=0
PROBE CUST day=108 id=co_lead_37_7 sat=55 tol=42 target=55 trust=0.0 phase=active streak=0 cd=-1 mrr=860 bugs=0
PROBE CUST day=108 id=co_lead_51_13 sat=55 tol=51 target=55 trust=0.0 phase=active streak=0 cd=-1 mrr=2420 bugs=0
PROBE CUST day=108 id=co_lead_58_16 sat=55 tol=42 target=55 trust=0.0 phase=active streak=0 cd=-1 mrr=785 bugs=0
PROBE CUST day=108 id=co_lead_64_19 sat=55 tol=42 target=55 trust=0.0 phase=active streak=0 cd=-1 mrr=425 bugs=0
PROBE CUST day=108 id=co_lead_70_21 sat=55 tol=47 target=55 trust=0.0 phase=active streak=0 cd=-1 mrr=425 bugs=0
PROBE CUST day=108 id=co_lead_70_22 sat=55 tol=45 target=55 trust=0.0 phase=active streak=0 cd=-1 mrr=500 bugs=0
PROBE CUST day=108 id=co_lead_75_24 sat=55 tol=45 target=55 trust=0.0 phase=active streak=0 cd=-1 mrr=425 bugs=0
PROBE CUST day=108 id=co_lead_81_27 sat=57 tol=51 target=57 trust=1.2 phase=onboarding streak=0 cd=-1 mrr=2000 bugs=0
PROBE CUST day=108 id=co_lead_86_28 sat=55 tol=47 target=55 trust=0.0 phase=onboarding streak=0 cd=-1 mrr=500 bugs=0
PROBE CUST day=108 id=co_lead_91_30 sat=55 tol=47 target=55 trust=0.0 phase=onboarding streak=0 cd=-1 mrr=500 bugs=0
PROBE CUST day=108 id=co_lead_97_33 sat=55 tol=42 target=55 trust=0.0 phase=onboarding streak=0 cd=-1 mrr=500 bugs=0
PROBE SAT day=108 satisfied=13/13 target=55
[HRSystem] Daily tick — 1 employees (0 izinde)
[SalesSystem] Daily tick — MRR $10985
[TimeManager] Daily tick — Day 109 (Δ 13 ms)
PROBE STATE day=109 cash=25967 mrr=10985 brand=50 burn=260 runway=INF cust=13 emp=1 promises=2 phase=2 aud=0 sat=-1 bugs=0 q=43.8 appetite=warming streak=1/3 profit_streak=0
PROBE CUST day=109 id=co_lead_31_4 sat=55 tol=47 target=55 trust=0.0 phase=active streak=0 cd=-1 mrr=785 bugs=0
PROBE CUST day=109 id=co_lead_31_5 sat=55 tol=47 target=55 trust=0.0 phase=active streak=0 cd=-1 mrr=860 bugs=0
PROBE CUST day=109 id=co_lead_37_7 sat=55 tol=42 target=55 trust=0.0 phase=active streak=0 cd=-1 mrr=860 bugs=0
PROBE CUST day=109 id=co_lead_51_13 sat=55 tol=51 target=55 trust=0.0 phase=active streak=0 cd=-1 mrr=2420 bugs=0
PROBE CUST day=109 id=co_lead_58_16 sat=55 tol=42 target=55 trust=0.0 phase=active streak=0 cd=-1 mrr=785 bugs=0
PROBE CUST day=109 id=co_lead_64_19 sat=55 tol=42 target=55 trust=0.0 phase=active streak=0 cd=-1 mrr=425 bugs=0
PROBE CUST day=109 id=co_lead_70_21 sat=55 tol=47 target=55 trust=0.0 phase=active streak=0 cd=-1 mrr=425 bugs=0
PROBE CUST day=109 id=co_lead_70_22 sat=55 tol=45 target=55 trust=0.0 phase=active streak=0 cd=-1 mrr=500 bugs=0
PROBE CUST day=109 id=co_lead_75_24 sat=55 tol=45 target=55 trust=0.0 phase=active streak=0 cd=-1 mrr=425 bugs=0
PROBE CUST day=109 id=co_lead_81_27 sat=56 tol=51 target=56 trust=0.8 phase=onboarding streak=0 cd=-1 mrr=2000 bugs=0
PROBE CUST day=109 id=co_lead_86_28 sat=55 tol=47 target=55 trust=0.0 phase=onboarding streak=0 cd=-1 mrr=500 bugs=0
PROBE CUST day=109 id=co_lead_91_30 sat=55 tol=47 target=55 trust=0.0 phase=onboarding streak=0 cd=-1 mrr=500 bugs=0
PROBE CUST day=109 id=co_lead_97_33 sat=55 tol=42 target=55 trust=0.0 phase=onboarding streak=0 cd=-1 mrr=500 bugs=0
PROBE SAT day=109 satisfied=13/13 target=55
[HRSystem] Daily tick — 1 employees (0 izinde)
[SalesSystem] Daily tick — MRR $10985
[TimeManager] Daily tick — Day 110 (Δ 11 ms)
PROBE PLAY day=110 pitch Aras Klinik -> SIGNED (mrr 10985 -> 12685)
PROBE STATE day=110 cash=26073 mrr=12685 brand=50 burn=260 runway=INF cust=14 emp=1 promises=2 phase=2 aud=0 sat=-1 bugs=1 q=43.5 appetite=warming streak=1/3 profit_streak=0
PROBE CUST day=110 id=co_lead_31_4 sat=55 tol=47 target=55 trust=0.0 phase=active streak=0 cd=-1 mrr=785 bugs=1
PROBE CUST day=110 id=co_lead_31_5 sat=55 tol=47 target=55 trust=0.0 phase=active streak=0 cd=-1 mrr=860 bugs=1
PROBE CUST day=110 id=co_lead_37_7 sat=55 tol=42 target=55 trust=0.0 phase=active streak=0 cd=-1 mrr=860 bugs=1
PROBE CUST day=110 id=co_lead_51_13 sat=55 tol=51 target=55 trust=0.0 phase=active streak=0 cd=-1 mrr=2420 bugs=1
PROBE CUST day=110 id=co_lead_58_16 sat=55 tol=42 target=55 trust=0.0 phase=active streak=0 cd=-1 mrr=785 bugs=1
PROBE CUST day=110 id=co_lead_64_19 sat=55 tol=42 target=55 trust=0.0 phase=active streak=0 cd=-1 mrr=425 bugs=1
PROBE CUST day=110 id=co_lead_70_21 sat=55 tol=47 target=55 trust=0.0 phase=active streak=0 cd=-1 mrr=425 bugs=1
PROBE CUST day=110 id=co_lead_70_22 sat=55 tol=45 target=55 trust=0.0 phase=active streak=0 cd=-1 mrr=500 bugs=1
PROBE CUST day=110 id=co_lead_75_24 sat=55 tol=45 target=55 trust=0.0 phase=active streak=0 cd=-1 mrr=425 bugs=1
PROBE CUST day=110 id=co_lead_81_27 sat=55 tol=51 target=55 trust=0.4 phase=onboarding streak=0 cd=-1 mrr=2000 bugs=1
PROBE CUST day=110 id=co_lead_86_28 sat=55 tol=47 target=55 trust=0.0 phase=onboarding streak=0 cd=-1 mrr=500 bugs=1
PROBE CUST day=110 id=co_lead_91_30 sat=55 tol=47 target=55 trust=0.0 phase=onboarding streak=0 cd=-1 mrr=500 bugs=1
PROBE CUST day=110 id=co_lead_97_33 sat=55 tol=42 target=55 trust=0.0 phase=onboarding streak=0 cd=-1 mrr=500 bugs=1
PROBE CUST day=110 id=co_lead_107_38 sat=55 tol=56 target=55 trust=0.0 phase=onboarding streak=0 cd=-1 mrr=1700 bugs=1
PROBE SAT day=110 satisfied=13/14 target=55
PROBE FIRE day=110 hour=12 id=ev_ps_referral_b2b src=pool
[EventManager] Eligible: ev_ps_referral_b2b
[EventManager] Modal requested: ev_ps_referral_b2b
PROBE PICK day=110 id=ev_ps_referral_b2b choice=0 label=Kabul et — özellik sözü ver
[EventManager] Resolved: ev_ps_referral_b2b choice 0
[HRSystem] Daily tick — 1 employees (0 izinde)
[SalesSystem] Daily tick — MRR $12685
[TimeManager] Daily tick — Day 111 (Δ 13 ms)
PROBE STATE day=111 cash=25836 mrr=12685 brand=50 burn=260 runway=INF cust=14 emp=1 promises=2 phase=2 aud=0 sat=-1 bugs=1 q=43.4 appetite=warming streak=1/3 profit_streak=0
PROBE CUST day=111 id=co_lead_31_4 sat=55 tol=47 target=55 trust=0.0 phase=active streak=0 cd=-1 mrr=785 bugs=1
PROBE CUST day=111 id=co_lead_31_5 sat=55 tol=47 target=55 trust=0.0 phase=active streak=0 cd=-1 mrr=860 bugs=1
PROBE CUST day=111 id=co_lead_37_7 sat=55 tol=42 target=55 trust=0.0 phase=active streak=0 cd=-1 mrr=860 bugs=1
PROBE CUST day=111 id=co_lead_51_13 sat=55 tol=51 target=55 trust=0.0 phase=active streak=0 cd=-1 mrr=2420 bugs=1
PROBE CUST day=111 id=co_lead_58_16 sat=55 tol=42 target=55 trust=0.0 phase=active streak=0 cd=-1 mrr=785 bugs=1
PROBE CUST day=111 id=co_lead_64_19 sat=55 tol=42 target=55 trust=0.0 phase=active streak=0 cd=-1 mrr=425 bugs=1
PROBE CUST day=111 id=co_lead_70_21 sat=55 tol=47 target=55 trust=0.0 phase=active streak=0 cd=-1 mrr=425 bugs=1
PROBE CUST day=111 id=co_lead_70_22 sat=55 tol=45 target=55 trust=0.0 phase=active streak=0 cd=-1 mrr=500 bugs=1
PROBE CUST day=111 id=co_lead_75_24 sat=55 tol=45 target=55 trust=0.0 phase=active streak=0 cd=-1 mrr=425 bugs=1
PROBE CUST day=111 id=co_lead_81_27 sat=55 tol=51 target=55 trust=0.0 phase=onboarding streak=0 cd=-1 mrr=2000 bugs=1
PROBE CUST day=111 id=co_lead_86_28 sat=55 tol=47 target=55 trust=0.0 phase=onboarding streak=0 cd=-1 mrr=500 bugs=1
PROBE CUST day=111 id=co_lead_91_30 sat=55 tol=47 target=55 trust=0.0 phase=onboarding streak=0 cd=-1 mrr=500 bugs=1
PROBE CUST day=111 id=co_lead_97_33 sat=55 tol=42 target=55 trust=0.0 phase=onboarding streak=0 cd=-1 mrr=500 bugs=1
PROBE CUST day=111 id=co_lead_107_38 sat=55 tol=56 target=55 trust=0.0 phase=onboarding streak=1 cd=-1 mrr=1700 bugs=1
PROBE SAT day=111 satisfied=13/14 target=55
[HRSystem] Daily tick — 1 employees (0 izinde)
PROBE FIRE day=112 hour=0 id=ev_b2b_expand_co_lead_64_19 src=factory:b2b_sales_system:242 (expansion)
[EventManager] Modal requested: ev_b2b_expand_co_lead_64_19
[SalesSystem] Daily tick — MRR $12685
[TimeManager] Daily tick — Day 112 (Δ 12 ms)
PROBE PICK day=112 id=ev_b2b_expand_co_lead_64_19 choice=0 label=Büyüt
[EventManager] Resolved: ev_b2b_expand_co_lead_64_19 choice 0
PROBE PLAY day=112 pitch Anadolu Yapı -> SIGNED (mrr 13045 -> 14745)
PROBE STATE day=112 cash=25999 mrr=14745 brand=50 burn=260 runway=INF cust=15 emp=1 promises=2 phase=2 aud=0 sat=-1 bugs=2 q=43.0 appetite=warming streak=1/3 profit_streak=0
PROBE CUST day=112 id=co_lead_31_4 sat=54 tol=47 target=54 trust=0.0 phase=active streak=0 cd=-1 mrr=785 bugs=2
PROBE CUST day=112 id=co_lead_31_5 sat=54 tol=47 target=54 trust=0.0 phase=active streak=0 cd=-1 mrr=860 bugs=2
PROBE CUST day=112 id=co_lead_37_7 sat=54 tol=42 target=54 trust=0.0 phase=active streak=0 cd=-1 mrr=860 bugs=2
PROBE CUST day=112 id=co_lead_51_13 sat=54 tol=51 target=54 trust=0.0 phase=active streak=0 cd=-1 mrr=2420 bugs=2
PROBE CUST day=112 id=co_lead_58_16 sat=54 tol=42 target=54 trust=0.0 phase=active streak=0 cd=-1 mrr=785 bugs=2
PROBE CUST day=112 id=co_lead_64_19 sat=54 tol=42 target=54 trust=0.0 phase=active streak=0 cd=-1 mrr=785 bugs=2
PROBE CUST day=112 id=co_lead_70_21 sat=54 tol=47 target=54 trust=0.0 phase=active streak=0 cd=-1 mrr=425 bugs=2
PROBE CUST day=112 id=co_lead_70_22 sat=54 tol=45 target=54 trust=0.0 phase=active streak=0 cd=-1 mrr=500 bugs=2
PROBE CUST day=112 id=co_lead_75_24 sat=54 tol=45 target=54 trust=0.0 phase=active streak=0 cd=-1 mrr=425 bugs=2
PROBE CUST day=112 id=co_lead_81_27 sat=54 tol=51 target=54 trust=0.0 phase=onboarding streak=0 cd=-1 mrr=2000 bugs=2
PROBE CUST day=112 id=co_lead_86_28 sat=54 tol=47 target=54 trust=0.0 phase=onboarding streak=0 cd=-1 mrr=500 bugs=2
PROBE CUST day=112 id=co_lead_91_30 sat=54 tol=47 target=54 trust=0.0 phase=onboarding streak=0 cd=-1 mrr=500 bugs=2
PROBE CUST day=112 id=co_lead_97_33 sat=54 tol=42 target=54 trust=0.0 phase=onboarding streak=0 cd=-1 mrr=500 bugs=2
PROBE CUST day=112 id=co_lead_107_38 sat=54 tol=56 target=54 trust=0.0 phase=onboarding streak=2 cd=-1 mrr=1700 bugs=2
PROBE CUST day=112 id=co_lead_110_39 sat=55 tol=56 target=54 trust=0.0 phase=onboarding streak=0 cd=-1 mrr=1700 bugs=2
PROBE SAT day=112 satisfied=13/15 target=54
[HRSystem] Daily tick — 1 employees (0 izinde)
PROBE FIRE day=113 hour=0 id=ev_b2b_retain_co_lead_107_38 src=factory:b2b_sales_system:203 (retention)
[EventManager] Modal requested: ev_b2b_retain_co_lead_107_38
[SalesSystem] Daily tick — MRR $14745
[TimeManager] Daily tick — Day 113 (Δ 15 ms)
PROBE PICK day=113 id=ev_b2b_retain_co_lead_107_38 choice=0 label=Söz ver: 'raporlama panosu'
PROBE PROMISE day=113 stage=created id=promise_co_lead_107_38_saas_ops_reporting_113 status=open feature=saas_ops_reporting deadline=127 cust=co_lead_107_38 sat=53 tol=56 countdown=7 phase=risk
[EventManager] Resolved: ev_b2b_retain_co_lead_107_38 choice 0
PROBE PLAY day=113 find_prospects (+2)
[ProductSystem] v4 build started: 6 features (union), total_efor=7, seeded I18/S34/E36 bugs=7
PROBE PLAY day=113 start_version_build feature=saas_ops_reporting (promise promise_co_lead_107_38_saas_ops_reporting_113 deadline=127)
PROBE STATE day=113 cash=26231 mrr=14745 brand=50 burn=260 runway=INF cust=15 emp=1 promises=3 phase=2 aud=0 sat=-1 bugs=3 q=42.7 appetite=warming streak=1/3 profit_streak=0
PROBE CUST day=113 id=co_lead_31_4 sat=53 tol=47 target=53 trust=0.0 phase=active streak=0 cd=-1 mrr=785 bugs=3
PROBE CUST day=113 id=co_lead_31_5 sat=53 tol=47 target=53 trust=0.0 phase=active streak=0 cd=-1 mrr=860 bugs=3
PROBE CUST day=113 id=co_lead_37_7 sat=53 tol=42 target=53 trust=0.0 phase=active streak=0 cd=-1 mrr=860 bugs=3
PROBE CUST day=113 id=co_lead_51_13 sat=53 tol=51 target=53 trust=0.0 phase=active streak=0 cd=-1 mrr=2420 bugs=3
PROBE CUST day=113 id=co_lead_58_16 sat=53 tol=42 target=53 trust=0.0 phase=active streak=0 cd=-1 mrr=785 bugs=3
PROBE CUST day=113 id=co_lead_64_19 sat=53 tol=42 target=53 trust=0.0 phase=active streak=0 cd=-1 mrr=785 bugs=3
PROBE CUST day=113 id=co_lead_70_21 sat=53 tol=47 target=53 trust=0.0 phase=active streak=0 cd=-1 mrr=425 bugs=3
PROBE CUST day=113 id=co_lead_70_22 sat=53 tol=45 target=53 trust=0.0 phase=active streak=0 cd=-1 mrr=500 bugs=3
PROBE CUST day=113 id=co_lead_75_24 sat=53 tol=45 target=53 trust=0.0 phase=active streak=0 cd=-1 mrr=425 bugs=3
PROBE CUST day=113 id=co_lead_81_27 sat=53 tol=51 target=53 trust=0.0 phase=onboarding streak=0 cd=-1 mrr=2000 bugs=3
PROBE CUST day=113 id=co_lead_86_28 sat=53 tol=47 target=53 trust=0.0 phase=onboarding streak=0 cd=-1 mrr=500 bugs=3
PROBE CUST day=113 id=co_lead_91_30 sat=53 tol=47 target=53 trust=0.0 phase=onboarding streak=0 cd=-1 mrr=500 bugs=3
PROBE CUST day=113 id=co_lead_97_33 sat=53 tol=42 target=53 trust=0.0 phase=onboarding streak=0 cd=-1 mrr=500 bugs=3
PROBE CUST day=113 id=co_lead_107_38 sat=61 tol=56 target=53 trust=0.0 phase=onboarding streak=0 cd=-1 mrr=1700 bugs=3
PROBE CUST day=113 id=co_lead_110_39 sat=53 tol=56 target=53 trust=0.0 phase=onboarding streak=1 cd=-1 mrr=1700 bugs=3
PROBE SAT day=113 satisfied=14/15 target=53
[HRSystem] Daily tick — 1 employees (0 izinde)
[SalesSystem] Daily tick — MRR $14745
[TimeManager] Daily tick — Day 114 (Δ 15 ms)
PROBE PLAY day=114 pitch Nordwind GmbH -> SIGNED (mrr 14745 -> 15245)
PROBE STATE day=114 cash=26463 mrr=15245 brand=50 burn=260 runway=INF cust=16 emp=1 promises=3 phase=2 aud=0 sat=-1 bugs=3 q=42.6 appetite=warming streak=1/3 profit_streak=0
PROBE CUST day=114 id=co_lead_31_4 sat=53 tol=47 target=53 trust=0.0 phase=active streak=0 cd=-1 mrr=785 bugs=3
PROBE CUST day=114 id=co_lead_31_5 sat=53 tol=47 target=53 trust=0.0 phase=active streak=0 cd=-1 mrr=860 bugs=3
PROBE CUST day=114 id=co_lead_37_7 sat=53 tol=42 target=53 trust=0.0 phase=active streak=0 cd=-1 mrr=860 bugs=3
PROBE CUST day=114 id=co_lead_51_13 sat=53 tol=51 target=53 trust=0.0 phase=active streak=0 cd=-1 mrr=2420 bugs=3
PROBE CUST day=114 id=co_lead_58_16 sat=53 tol=42 target=53 trust=0.0 phase=active streak=0 cd=-1 mrr=785 bugs=3
PROBE CUST day=114 id=co_lead_64_19 sat=53 tol=42 target=53 trust=0.0 phase=active streak=0 cd=-1 mrr=785 bugs=3
PROBE CUST day=114 id=co_lead_70_21 sat=53 tol=47 target=53 trust=0.0 phase=active streak=0 cd=-1 mrr=425 bugs=3
PROBE CUST day=114 id=co_lead_70_22 sat=53 tol=45 target=53 trust=0.0 phase=active streak=0 cd=-1 mrr=500 bugs=3
PROBE CUST day=114 id=co_lead_75_24 sat=53 tol=45 target=53 trust=0.0 phase=active streak=0 cd=-1 mrr=425 bugs=3
PROBE CUST day=114 id=co_lead_81_27 sat=53 tol=51 target=53 trust=0.0 phase=onboarding streak=0 cd=-1 mrr=2000 bugs=3
PROBE CUST day=114 id=co_lead_86_28 sat=53 tol=47 target=53 trust=0.0 phase=onboarding streak=0 cd=-1 mrr=500 bugs=3
PROBE CUST day=114 id=co_lead_91_30 sat=53 tol=47 target=53 trust=0.0 phase=onboarding streak=0 cd=-1 mrr=500 bugs=3
PROBE CUST day=114 id=co_lead_97_33 sat=53 tol=42 target=53 trust=0.0 phase=onboarding streak=0 cd=-1 mrr=500 bugs=3
PROBE CUST day=114 id=co_lead_107_38 sat=56 tol=56 target=53 trust=0.0 phase=onboarding streak=0 cd=-1 mrr=1700 bugs=3
PROBE CUST day=114 id=co_lead_110_39 sat=53 tol=56 target=53 trust=0.0 phase=onboarding streak=2 cd=-1 mrr=1700 bugs=3
PROBE CUST day=114 id=co_lead_113_40 sat=54 tol=42 target=53 trust=0.0 phase=onboarding streak=0 cd=-1 mrr=500 bugs=3
PROBE SAT day=114 satisfied=15/16 target=53
[ProductSystem] Iteration round 2 started (4 days)
[HRSystem] Daily tick — 1 employees (0 izinde)
PROBE FIRE day=115 hour=0 id=ev_b2b_retain_co_lead_110_39 src=factory:b2b_sales_system:203 (retention)
[EventManager] Modal requested: ev_b2b_retain_co_lead_110_39
[SalesSystem] Daily tick — MRR $15245
[TimeManager] Daily tick — Day 115 (Δ 16 ms)
PROBE PICK day=115 id=ev_b2b_retain_co_lead_110_39 choice=0 label=Söz ver: 'raporlama panosu'
PROBE PROMISE day=115 stage=created id=promise_co_lead_110_39_saas_ops_reporting_115 status=open feature=saas_ops_reporting deadline=129 cust=co_lead_110_39 sat=53 tol=56 countdown=7 phase=risk
[EventManager] Resolved: ev_b2b_retain_co_lead_110_39 choice 0
PROBE PLAY day=115 enter_development
PROBE STATE day=115 cash=26711 mrr=15245 brand=50 burn=260 runway=INF cust=16 emp=1 promises=4 phase=2 aud=0 sat=-1 bugs=4 q=42.2 appetite=warming streak=1/3 profit_streak=0
PROBE CUST day=115 id=co_lead_31_4 sat=53 tol=47 target=53 trust=0.0 phase=active streak=0 cd=-1 mrr=785 bugs=4
PROBE CUST day=115 id=co_lead_31_5 sat=53 tol=47 target=53 trust=0.0 phase=active streak=0 cd=-1 mrr=860 bugs=4
PROBE CUST day=115 id=co_lead_37_7 sat=53 tol=42 target=53 trust=0.0 phase=active streak=0 cd=-1 mrr=860 bugs=4
PROBE CUST day=115 id=co_lead_51_13 sat=53 tol=51 target=53 trust=0.0 phase=active streak=0 cd=-1 mrr=2420 bugs=4
PROBE CUST day=115 id=co_lead_58_16 sat=53 tol=42 target=53 trust=0.0 phase=active streak=0 cd=-1 mrr=785 bugs=4
PROBE CUST day=115 id=co_lead_64_19 sat=53 tol=42 target=53 trust=0.0 phase=active streak=0 cd=-1 mrr=785 bugs=4
PROBE CUST day=115 id=co_lead_70_21 sat=53 tol=47 target=53 trust=0.0 phase=active streak=0 cd=-1 mrr=425 bugs=4
PROBE CUST day=115 id=co_lead_70_22 sat=53 tol=45 target=53 trust=0.0 phase=active streak=0 cd=-1 mrr=500 bugs=4
PROBE CUST day=115 id=co_lead_75_24 sat=53 tol=45 target=53 trust=0.0 phase=active streak=0 cd=-1 mrr=425 bugs=4
PROBE CUST day=115 id=co_lead_81_27 sat=53 tol=51 target=53 trust=0.0 phase=active streak=0 cd=-1 mrr=2000 bugs=4
PROBE CUST day=115 id=co_lead_86_28 sat=53 tol=47 target=53 trust=0.0 phase=onboarding streak=0 cd=-1 mrr=500 bugs=4
PROBE CUST day=115 id=co_lead_91_30 sat=53 tol=47 target=53 trust=0.0 phase=onboarding streak=0 cd=-1 mrr=500 bugs=4
PROBE CUST day=115 id=co_lead_97_33 sat=53 tol=42 target=53 trust=0.0 phase=onboarding streak=0 cd=-1 mrr=500 bugs=4
PROBE CUST day=115 id=co_lead_107_38 sat=53 tol=56 target=53 trust=0.0 phase=onboarding streak=1 cd=-1 mrr=1700 bugs=4
PROBE CUST day=115 id=co_lead_110_39 sat=61 tol=56 target=53 trust=0.0 phase=onboarding streak=0 cd=-1 mrr=1700 bugs=4
PROBE CUST day=115 id=co_lead_113_40 sat=53 tol=42 target=53 trust=0.0 phase=onboarding streak=0 cd=-1 mrr=500 bugs=4
PROBE SAT day=115 satisfied=15/16 target=53
[HRSystem] Daily tick — 1 employees (0 izinde)
PROBE FIRE day=116 hour=0 id=ev_b2b_expand_co_lead_70_21 src=factory:b2b_sales_system:242 (expansion)
[EventManager] Modal requested: ev_b2b_expand_co_lead_70_21
[SalesSystem] Daily tick — MRR $15245
[TimeManager] Daily tick — Day 116 (Δ 17 ms)
PROBE PICK day=116 id=ev_b2b_expand_co_lead_70_21 choice=0 label=Büyüt
[EventManager] Resolved: ev_b2b_expand_co_lead_70_21 choice 0
PROBE PLAY day=116 pitch Beykoz Üretim -> SIGNED (mrr 15605 -> 17305)
PROBE STATE day=116 cash=26959 mrr=17305 brand=50 burn=260 runway=INF cust=17 emp=1 promises=4 phase=2 aud=0 sat=-1 bugs=4 q=42.2 appetite=warming streak=1/3 profit_streak=0
PROBE CUST day=116 id=co_lead_31_4 sat=53 tol=47 target=53 trust=0.0 phase=active streak=0 cd=-1 mrr=785 bugs=4
PROBE CUST day=116 id=co_lead_31_5 sat=53 tol=47 target=53 trust=0.0 phase=active streak=0 cd=-1 mrr=860 bugs=4
PROBE CUST day=116 id=co_lead_37_7 sat=53 tol=42 target=53 trust=0.0 phase=active streak=0 cd=-1 mrr=860 bugs=4
PROBE CUST day=116 id=co_lead_51_13 sat=53 tol=51 target=53 trust=0.0 phase=active streak=0 cd=-1 mrr=2420 bugs=4
PROBE CUST day=116 id=co_lead_58_16 sat=53 tol=42 target=53 trust=0.0 phase=active streak=0 cd=-1 mrr=785 bugs=4
PROBE CUST day=116 id=co_lead_64_19 sat=53 tol=42 target=53 trust=0.0 phase=active streak=0 cd=-1 mrr=785 bugs=4
PROBE CUST day=116 id=co_lead_70_21 sat=53 tol=47 target=53 trust=0.0 phase=active streak=0 cd=-1 mrr=785 bugs=4
PROBE CUST day=116 id=co_lead_70_22 sat=53 tol=45 target=53 trust=0.0 phase=active streak=0 cd=-1 mrr=500 bugs=4
PROBE CUST day=116 id=co_lead_75_24 sat=53 tol=45 target=53 trust=0.0 phase=active streak=0 cd=-1 mrr=425 bugs=4
PROBE CUST day=116 id=co_lead_81_27 sat=53 tol=51 target=53 trust=0.0 phase=active streak=0 cd=-1 mrr=2000 bugs=4
PROBE CUST day=116 id=co_lead_86_28 sat=53 tol=47 target=53 trust=0.0 phase=onboarding streak=0 cd=-1 mrr=500 bugs=4
PROBE CUST day=116 id=co_lead_91_30 sat=53 tol=47 target=53 trust=0.0 phase=onboarding streak=0 cd=-1 mrr=500 bugs=4
PROBE CUST day=116 id=co_lead_97_33 sat=53 tol=42 target=53 trust=0.0 phase=onboarding streak=0 cd=-1 mrr=500 bugs=4
PROBE CUST day=116 id=co_lead_107_38 sat=53 tol=56 target=53 trust=0.0 phase=onboarding streak=2 cd=-1 mrr=1700 bugs=4
PROBE CUST day=116 id=co_lead_110_39 sat=56 tol=56 target=53 trust=0.0 phase=onboarding streak=0 cd=-1 mrr=1700 bugs=4
PROBE CUST day=116 id=co_lead_113_40 sat=53 tol=42 target=53 trust=0.0 phase=onboarding streak=0 cd=-1 mrr=500 bugs=4
PROBE CUST day=116 id=co_lead_113_41 sat=54 tol=51 target=53 trust=0.0 phase=onboarding streak=0 cd=-1 mrr=1700 bugs=4
PROBE SAT day=116 satisfied=16/17 target=53
[HRSystem] Daily tick — 1 employees (0 izinde)
[SalesSystem] Daily tick — MRR $17305
[TimeManager] Daily tick — Day 117 (Δ 15 ms)
[ProductSystem] Development band complete → BETA. hidden_bugs=10
PROBE PLAY day=117 enter_beta
PROBE STATE day=117 cash=27276 mrr=17305 brand=50 burn=260 runway=INF cust=17 emp=1 promises=4 phase=2 aud=0 sat=-1 bugs=5 q=41.8 appetite=warming streak=1/3 profit_streak=0
PROBE CUST day=117 id=co_lead_31_4 sat=52 tol=47 target=52 trust=0.0 phase=active streak=0 cd=-1 mrr=785 bugs=5
PROBE CUST day=117 id=co_lead_31_5 sat=52 tol=47 target=52 trust=0.0 phase=active streak=0 cd=-1 mrr=860 bugs=5
PROBE CUST day=117 id=co_lead_37_7 sat=52 tol=42 target=52 trust=0.0 phase=active streak=0 cd=-1 mrr=860 bugs=5
PROBE CUST day=117 id=co_lead_51_13 sat=52 tol=51 target=52 trust=0.0 phase=active streak=0 cd=-1 mrr=2420 bugs=5
PROBE CUST day=117 id=co_lead_58_16 sat=52 tol=42 target=52 trust=0.0 phase=active streak=0 cd=-1 mrr=785 bugs=5
PROBE CUST day=117 id=co_lead_64_19 sat=52 tol=42 target=52 trust=0.0 phase=active streak=0 cd=-1 mrr=785 bugs=5
PROBE CUST day=117 id=co_lead_70_21 sat=52 tol=47 target=52 trust=0.0 phase=active streak=0 cd=-1 mrr=785 bugs=5
PROBE CUST day=117 id=co_lead_70_22 sat=52 tol=45 target=52 trust=0.0 phase=active streak=0 cd=-1 mrr=500 bugs=5
PROBE CUST day=117 id=co_lead_75_24 sat=52 tol=45 target=52 trust=0.0 phase=active streak=0 cd=-1 mrr=425 bugs=5
PROBE CUST day=117 id=co_lead_81_27 sat=52 tol=51 target=52 trust=0.0 phase=active streak=0 cd=-1 mrr=2000 bugs=5
PROBE CUST day=117 id=co_lead_86_28 sat=52 tol=47 target=52 trust=0.0 phase=active streak=0 cd=-1 mrr=500 bugs=5
PROBE CUST day=117 id=co_lead_91_30 sat=52 tol=47 target=52 trust=0.0 phase=onboarding streak=0 cd=-1 mrr=500 bugs=5
PROBE CUST day=117 id=co_lead_97_33 sat=52 tol=42 target=52 trust=0.0 phase=onboarding streak=0 cd=-1 mrr=500 bugs=5
PROBE CUST day=117 id=co_lead_107_38 sat=52 tol=56 target=52 trust=0.0 phase=onboarding streak=3 cd=-1 mrr=1700 bugs=5
PROBE CUST day=117 id=co_lead_110_39 sat=52 tol=56 target=52 trust=0.0 phase=onboarding streak=1 cd=-1 mrr=1700 bugs=5
PROBE CUST day=117 id=co_lead_113_40 sat=52 tol=42 target=52 trust=0.0 phase=onboarding streak=0 cd=-1 mrr=500 bugs=5
PROBE CUST day=117 id=co_lead_113_41 sat=52 tol=51 target=52 trust=0.0 phase=onboarding streak=0 cd=-1 mrr=1700 bugs=5
PROBE SAT day=117 satisfied=15/17 target=52
[HRSystem] Daily tick — 1 employees (0 izinde)
PROBE FIRE day=118 hour=0 id=ev_b2b_expand_co_lead_70_22 src=factory:b2b_sales_system:242 (expansion)
[EventManager] Modal requested: ev_b2b_expand_co_lead_70_22
[SalesSystem] Daily tick — MRR $17305
[TimeManager] Daily tick — Day 118 (Δ 16 ms)
PROBE PICK day=118 id=ev_b2b_expand_co_lead_70_22 choice=0 label=Büyüt
[EventManager] Resolved: ev_b2b_expand_co_lead_70_22 choice 0
PROBE PLAY day=118 find_prospects (+2)
[ProductSystem] Bug sprint started: 6 bugs, 2 days
PROBE PLAY day=118 bug_sprint bugs=6
PROBE STATE day=118 cash=27593 mrr=17665 brand=50 burn=260 runway=INF cust=17 emp=1 promises=4 phase=2 aud=0 sat=-1 bugs=6 q=41.4 appetite=warming streak=1/3 profit_streak=0
PROBE CUST day=118 id=co_lead_31_4 sat=51 tol=47 target=51 trust=0.0 phase=active streak=0 cd=-1 mrr=785 bugs=6
PROBE CUST day=118 id=co_lead_31_5 sat=51 tol=47 target=51 trust=0.0 phase=active streak=0 cd=-1 mrr=860 bugs=6
PROBE CUST day=118 id=co_lead_37_7 sat=51 tol=42 target=51 trust=0.0 phase=active streak=0 cd=-1 mrr=860 bugs=6
PROBE CUST day=118 id=co_lead_51_13 sat=51 tol=51 target=51 trust=0.0 phase=active streak=0 cd=-1 mrr=2420 bugs=6
PROBE CUST day=118 id=co_lead_58_16 sat=51 tol=42 target=51 trust=0.0 phase=active streak=0 cd=-1 mrr=785 bugs=6
PROBE CUST day=118 id=co_lead_64_19 sat=51 tol=42 target=51 trust=0.0 phase=active streak=0 cd=-1 mrr=785 bugs=6
PROBE CUST day=118 id=co_lead_70_21 sat=51 tol=47 target=51 trust=0.0 phase=active streak=0 cd=-1 mrr=785 bugs=6
PROBE CUST day=118 id=co_lead_70_22 sat=51 tol=45 target=51 trust=0.0 phase=active streak=0 cd=-1 mrr=860 bugs=6
PROBE CUST day=118 id=co_lead_75_24 sat=51 tol=45 target=51 trust=0.0 phase=active streak=0 cd=-1 mrr=425 bugs=6
PROBE CUST day=118 id=co_lead_81_27 sat=51 tol=51 target=51 trust=0.0 phase=active streak=0 cd=-1 mrr=2000 bugs=6
PROBE CUST day=118 id=co_lead_86_28 sat=51 tol=47 target=51 trust=0.0 phase=active streak=0 cd=-1 mrr=500 bugs=6
PROBE CUST day=118 id=co_lead_91_30 sat=51 tol=47 target=51 trust=0.0 phase=onboarding streak=0 cd=-1 mrr=500 bugs=6
PROBE CUST day=118 id=co_lead_97_33 sat=51 tol=42 target=51 trust=0.0 phase=onboarding streak=0 cd=-1 mrr=500 bugs=6
PROBE CUST day=118 id=co_lead_107_38 sat=51 tol=56 target=51 trust=0.0 phase=onboarding streak=4 cd=-1 mrr=1700 bugs=6
PROBE CUST day=118 id=co_lead_110_39 sat=51 tol=56 target=51 trust=0.0 phase=onboarding streak=2 cd=-1 mrr=1700 bugs=6
PROBE CUST day=118 id=co_lead_113_40 sat=51 tol=42 target=51 trust=0.0 phase=onboarding streak=0 cd=-1 mrr=500 bugs=6
PROBE CUST day=118 id=co_lead_113_41 sat=51 tol=51 target=51 trust=0.0 phase=onboarding streak=0 cd=-1 mrr=1700 bugs=6
PROBE SAT day=118 satisfied=15/17 target=51
[HRSystem] Daily tick — 1 employees (0 izinde)
[SalesSystem] Daily tick — MRR $17665
[TimeManager] Daily tick — Day 119 (Δ 13 ms)
PROBE PLAY day=119 pitch Deniz Lojistik -> LOST (mrr 17665 -> 17665)
PROBE PLAY day=119 launch build=["saas_ops_integration", "saas_ops_field", "saas_ops_scheduling", "saas_ops_mobile", "saas_ops_workflow", "saas_ops_reporting"] bugs=3
PROBE FIRE day=119 hour=0 id=ev_mvp_version_ship_moment src=factory:product_system:1266 (version_ship)
[EventManager] Modal requested: ev_mvp_version_ship_moment
PROBE PICK day=119 id=ev_mvp_version_ship_moment choice=0 label=Yayına devam
PROBE PROMISE day=119 stage=resolved id=promise_co_lead_107_38_saas_ops_reporting_113 status=kept feature=saas_ops_reporting deadline=127 cust=co_lead_107_38 sat=53 tol=56 countdown=-1 phase=onboarding
PROBE PROMISE day=119 stage=resolved id=promise_co_lead_110_39_saas_ops_reporting_115 status=kept feature=saas_ops_reporting deadline=129 cust=co_lead_110_39 sat=53 tol=56 countdown=-1 phase=onboarding
PROBE SHIP day=119 version=4 stability=34.0 innovation=18.0 experience=36.0 bugs=3 components=["saas_ops_integration", "saas_ops_field", "saas_ops_scheduling", "saas_ops_mobile", "saas_ops_workflow", "saas_ops_reporting"]
[ProductSystem] Build shipped. mvp_shipped flag set.
[EventManager] Resolved: ev_mvp_version_ship_moment choice 0
PROBE STATE day=119 cash=27922 mrr=17665 brand=50 burn=260 runway=INF cust=17 emp=1 promises=4 phase=2 aud=0 sat=-1 bugs=3 q=44.9 appetite=warming streak=1/3 profit_streak=0
PROBE CUST day=119 id=co_lead_31_4 sat=53 tol=47 target=56 trust=0.0 phase=active streak=0 cd=-1 mrr=785 bugs=3
PROBE CUST day=119 id=co_lead_31_5 sat=53 tol=47 target=56 trust=0.0 phase=active streak=0 cd=-1 mrr=860 bugs=3
PROBE CUST day=119 id=co_lead_37_7 sat=53 tol=42 target=56 trust=0.0 phase=active streak=0 cd=-1 mrr=860 bugs=3
PROBE CUST day=119 id=co_lead_51_13 sat=53 tol=51 target=56 trust=0.0 phase=active streak=0 cd=-1 mrr=2420 bugs=3
PROBE CUST day=119 id=co_lead_58_16 sat=53 tol=42 target=56 trust=0.0 phase=active streak=0 cd=-1 mrr=785 bugs=3
PROBE CUST day=119 id=co_lead_64_19 sat=53 tol=42 target=56 trust=0.0 phase=active streak=0 cd=-1 mrr=785 bugs=3
PROBE CUST day=119 id=co_lead_70_21 sat=53 tol=47 target=56 trust=0.0 phase=active streak=0 cd=-1 mrr=785 bugs=3
PROBE CUST day=119 id=co_lead_70_22 sat=53 tol=45 target=56 trust=0.0 phase=active streak=0 cd=-1 mrr=860 bugs=3
PROBE CUST day=119 id=co_lead_75_24 sat=53 tol=45 target=56 trust=0.0 phase=active streak=0 cd=-1 mrr=425 bugs=3
PROBE CUST day=119 id=co_lead_81_27 sat=53 tol=51 target=56 trust=0.0 phase=active streak=0 cd=-1 mrr=2000 bugs=3
PROBE CUST day=119 id=co_lead_86_28 sat=53 tol=47 target=56 trust=0.0 phase=active streak=0 cd=-1 mrr=500 bugs=3
PROBE CUST day=119 id=co_lead_91_30 sat=53 tol=47 target=56 trust=0.0 phase=onboarding streak=0 cd=-1 mrr=500 bugs=3
PROBE CUST day=119 id=co_lead_97_33 sat=53 tol=42 target=56 trust=0.0 phase=onboarding streak=0 cd=-1 mrr=500 bugs=3
PROBE CUST day=119 id=co_lead_107_38 sat=68 tol=51 target=62 trust=6.0 phase=onboarding streak=0 cd=-1 mrr=1700 bugs=3
PROBE CUST day=119 id=co_lead_110_39 sat=68 tol=51 target=62 trust=6.0 phase=onboarding streak=0 cd=-1 mrr=1700 bugs=3
PROBE CUST day=119 id=co_lead_113_40 sat=53 tol=42 target=56 trust=0.0 phase=onboarding streak=0 cd=-1 mrr=500 bugs=3
PROBE CUST day=119 id=co_lead_113_41 sat=53 tol=51 target=56 trust=0.0 phase=onboarding streak=0 cd=-1 mrr=1700 bugs=3
PROBE SAT day=119 satisfied=17/17 target=56
[ProductSystem] Bug sprint complete. live_bug now 0
[HRSystem] Daily tick — 1 employees (0 izinde)
[SalesSystem] Daily tick — MRR $17665
[TimeManager] Daily tick — Day 120 (Δ 18 ms)
PROBE STATE day=120 cash=28251 mrr=17665 brand=50 burn=260 runway=INF cust=17 emp=1 promises=4 phase=2 aud=0 sat=-1 bugs=0 q=45.7 appetite=warming streak=1/3 profit_streak=0
PROBE CUST day=120 id=co_lead_31_4 sat=56 tol=47 target=58 trust=0.0 phase=active streak=0 cd=-1 mrr=785 bugs=0
PROBE CUST day=120 id=co_lead_31_5 sat=56 tol=47 target=58 trust=0.0 phase=active streak=0 cd=-1 mrr=860 bugs=0
PROBE CUST day=120 id=co_lead_37_7 sat=56 tol=42 target=58 trust=0.0 phase=active streak=0 cd=-1 mrr=860 bugs=0
PROBE CUST day=120 id=co_lead_51_13 sat=56 tol=51 target=58 trust=0.0 phase=active streak=0 cd=-1 mrr=2420 bugs=0
PROBE CUST day=120 id=co_lead_58_16 sat=56 tol=42 target=58 trust=0.0 phase=active streak=0 cd=-1 mrr=785 bugs=0
PROBE CUST day=120 id=co_lead_64_19 sat=56 tol=42 target=58 trust=0.0 phase=active streak=0 cd=-1 mrr=785 bugs=0
PROBE CUST day=120 id=co_lead_70_21 sat=56 tol=47 target=58 trust=0.0 phase=active streak=0 cd=-1 mrr=785 bugs=0
PROBE CUST day=120 id=co_lead_70_22 sat=56 tol=45 target=58 trust=0.0 phase=active streak=0 cd=-1 mrr=860 bugs=0
PROBE CUST day=120 id=co_lead_75_24 sat=56 tol=45 target=58 trust=0.0 phase=active streak=0 cd=-1 mrr=425 bugs=0
PROBE CUST day=120 id=co_lead_81_27 sat=56 tol=51 target=58 trust=0.0 phase=active streak=0 cd=-1 mrr=2000 bugs=0
PROBE CUST day=120 id=co_lead_86_28 sat=56 tol=47 target=58 trust=0.0 phase=active streak=0 cd=-1 mrr=500 bugs=0
PROBE CUST day=120 id=co_lead_91_30 sat=58 tol=47 target=58 trust=0.0 phase=onboarding streak=0 cd=-1 mrr=500 bugs=0
PROBE CUST day=120 id=co_lead_97_33 sat=58 tol=42 target=58 trust=0.0 phase=onboarding streak=0 cd=-1 mrr=500 bugs=0
PROBE CUST day=120 id=co_lead_107_38 sat=63 tol=51 target=63 trust=5.6 phase=onboarding streak=0 cd=-1 mrr=1700 bugs=0
PROBE CUST day=120 id=co_lead_110_39 sat=63 tol=51 target=63 trust=5.6 phase=onboarding streak=0 cd=-1 mrr=1700 bugs=0
PROBE CUST day=120 id=co_lead_113_40 sat=58 tol=42 target=58 trust=0.0 phase=onboarding streak=0 cd=-1 mrr=500 bugs=0
PROBE CUST day=120 id=co_lead_113_41 sat=58 tol=51 target=58 trust=0.0 phase=onboarding streak=0 cd=-1 mrr=1700 bugs=0
PROBE SAT day=120 satisfied=17/17 target=58
[HRSystem] Daily tick — 1 employees (0 izinde)
[SalesSystem] Daily tick — MRR $17665
PROBE MONTH day=121 n=4 mrr_close=17665 income=12292 expense=7800 net=4492 red=0 growth_pct=98.4 streak=2 profit_streak=1
[TimeManager] Daily tick — Day 121 (Δ 13 ms)
PROBE PLAY day=121 pitch Ege Metal -> LOST (mrr 17665 -> 17665)
PROBE STATE day=121 cash=28580 mrr=17665 brand=50 burn=260 runway=INF cust=17 emp=1 promises=4 phase=2 aud=0 sat=-1 bugs=0 q=45.7 appetite=warming streak=2/3 profit_streak=1
PROBE CUST day=121 id=co_lead_31_4 sat=58 tol=47 target=58 trust=0.0 phase=active streak=0 cd=-1 mrr=785 bugs=0
PROBE CUST day=121 id=co_lead_31_5 sat=58 tol=47 target=58 trust=0.0 phase=active streak=0 cd=-1 mrr=860 bugs=0
PROBE CUST day=121 id=co_lead_37_7 sat=58 tol=42 target=58 trust=0.0 phase=active streak=0 cd=-1 mrr=860 bugs=0
PROBE CUST day=121 id=co_lead_51_13 sat=58 tol=51 target=58 trust=0.0 phase=active streak=0 cd=-1 mrr=2420 bugs=0
PROBE CUST day=121 id=co_lead_58_16 sat=58 tol=42 target=58 trust=0.0 phase=active streak=0 cd=-1 mrr=785 bugs=0
PROBE CUST day=121 id=co_lead_64_19 sat=58 tol=42 target=58 trust=0.0 phase=active streak=0 cd=-1 mrr=785 bugs=0
PROBE CUST day=121 id=co_lead_70_21 sat=58 tol=47 target=58 trust=0.0 phase=active streak=0 cd=-1 mrr=785 bugs=0
PROBE CUST day=121 id=co_lead_70_22 sat=58 tol=45 target=58 trust=0.0 phase=active streak=0 cd=-1 mrr=860 bugs=0
PROBE CUST day=121 id=co_lead_75_24 sat=58 tol=45 target=58 trust=0.0 phase=active streak=0 cd=-1 mrr=425 bugs=0
PROBE CUST day=121 id=co_lead_81_27 sat=58 tol=51 target=58 trust=0.0 phase=active streak=0 cd=-1 mrr=2000 bugs=0
PROBE CUST day=121 id=co_lead_86_28 sat=58 tol=47 target=58 trust=0.0 phase=active streak=0 cd=-1 mrr=500 bugs=0
PROBE CUST day=121 id=co_lead_91_30 sat=58 tol=47 target=58 trust=0.0 phase=onboarding streak=0 cd=-1 mrr=500 bugs=0
PROBE CUST day=121 id=co_lead_97_33 sat=58 tol=42 target=58 trust=0.0 phase=onboarding streak=0 cd=-1 mrr=500 bugs=0
PROBE CUST day=121 id=co_lead_107_38 sat=63 tol=51 target=63 trust=5.2 phase=onboarding streak=0 cd=-1 mrr=1700 bugs=0
PROBE CUST day=121 id=co_lead_110_39 sat=63 tol=51 target=63 trust=5.2 phase=onboarding streak=0 cd=-1 mrr=1700 bugs=0
PROBE CUST day=121 id=co_lead_113_40 sat=58 tol=42 target=58 trust=0.0 phase=onboarding streak=0 cd=-1 mrr=500 bugs=0
PROBE CUST day=121 id=co_lead_113_41 sat=58 tol=51 target=58 trust=0.0 phase=onboarding streak=0 cd=-1 mrr=1700 bugs=0
PROBE SAT day=121 satisfied=17/17 target=58
[HRSystem] Daily tick — 1 employees (0 izinde)
[SalesSystem] Daily tick — MRR $17665
[TimeManager] Daily tick — Day 122 (Δ 15 ms)
PROBE STATE day=122 cash=28909 mrr=17665 brand=50 burn=260 runway=INF cust=17 emp=1 promises=4 phase=2 aud=0 sat=-1 bugs=1 q=45.3 appetite=warming streak=2/3 profit_streak=1
PROBE CUST day=122 id=co_lead_31_4 sat=57 tol=47 target=57 trust=0.0 phase=active streak=0 cd=-1 mrr=785 bugs=1
PROBE CUST day=122 id=co_lead_31_5 sat=57 tol=47 target=57 trust=0.0 phase=active streak=0 cd=-1 mrr=860 bugs=1
PROBE CUST day=122 id=co_lead_37_7 sat=57 tol=42 target=57 trust=0.0 phase=active streak=0 cd=-1 mrr=860 bugs=1
PROBE CUST day=122 id=co_lead_51_13 sat=57 tol=51 target=57 trust=0.0 phase=active streak=0 cd=-1 mrr=2420 bugs=1
PROBE CUST day=122 id=co_lead_58_16 sat=57 tol=42 target=57 trust=0.0 phase=active streak=0 cd=-1 mrr=785 bugs=1
PROBE CUST day=122 id=co_lead_64_19 sat=57 tol=42 target=57 trust=0.0 phase=active streak=0 cd=-1 mrr=785 bugs=1
PROBE CUST day=122 id=co_lead_70_21 sat=57 tol=47 target=57 trust=0.0 phase=active streak=0 cd=-1 mrr=785 bugs=1
PROBE CUST day=122 id=co_lead_70_22 sat=57 tol=45 target=57 trust=0.0 phase=active streak=0 cd=-1 mrr=860 bugs=1
PROBE CUST day=122 id=co_lead_75_24 sat=57 tol=45 target=57 trust=0.0 phase=active streak=0 cd=-1 mrr=425 bugs=1
PROBE CUST day=122 id=co_lead_81_27 sat=57 tol=51 target=57 trust=0.0 phase=active streak=0 cd=-1 mrr=2000 bugs=1
PROBE CUST day=122 id=co_lead_86_28 sat=57 tol=47 target=57 trust=0.0 phase=active streak=0 cd=-1 mrr=500 bugs=1
PROBE CUST day=122 id=co_lead_91_30 sat=57 tol=47 target=57 trust=0.0 phase=active streak=0 cd=-1 mrr=500 bugs=1
PROBE CUST day=122 id=co_lead_97_33 sat=57 tol=42 target=57 trust=0.0 phase=onboarding streak=0 cd=-1 mrr=500 bugs=1
PROBE CUST day=122 id=co_lead_107_38 sat=62 tol=51 target=62 trust=4.8 phase=onboarding streak=0 cd=-1 mrr=1700 bugs=1
PROBE CUST day=122 id=co_lead_110_39 sat=62 tol=51 target=62 trust=4.8 phase=onboarding streak=0 cd=-1 mrr=1700 bugs=1
PROBE CUST day=122 id=co_lead_113_40 sat=57 tol=42 target=57 trust=0.0 phase=onboarding streak=0 cd=-1 mrr=500 bugs=1
PROBE CUST day=122 id=co_lead_113_41 sat=57 tol=51 target=57 trust=0.0 phase=onboarding streak=0 cd=-1 mrr=1700 bugs=1
PROBE SAT day=122 satisfied=17/17 target=57
[HRSystem] Daily tick — 1 employees (0 izinde)
PROBE FIRE day=123 hour=0 id=ev_b2b_expand_co_lead_75_24 src=factory:b2b_sales_system:242 (expansion)
[EventManager] Modal requested: ev_b2b_expand_co_lead_75_24
[SalesSystem] Daily tick — MRR $17665
[TimeManager] Daily tick — Day 123 (Δ 17 ms)
PROBE PICK day=123 id=ev_b2b_expand_co_lead_75_24 choice=0 label=Büyüt
[EventManager] Resolved: ev_b2b_expand_co_lead_75_24 choice 0
PROBE PLAY day=123 find_prospects (+2)
PROBE STATE day=123 cash=29238 mrr=18025 brand=50 burn=260 runway=INF cust=17 emp=1 promises=4 phase=2 aud=0 sat=-1 bugs=2 q=45.0 appetite=warming streak=2/3 profit_streak=1
PROBE CUST day=123 id=co_lead_31_4 sat=56 tol=47 target=56 trust=0.0 phase=active streak=0 cd=-1 mrr=785 bugs=2
PROBE CUST day=123 id=co_lead_31_5 sat=56 tol=47 target=56 trust=0.0 phase=active streak=0 cd=-1 mrr=860 bugs=2
PROBE CUST day=123 id=co_lead_37_7 sat=56 tol=42 target=56 trust=0.0 phase=active streak=0 cd=-1 mrr=860 bugs=2
PROBE CUST day=123 id=co_lead_51_13 sat=56 tol=51 target=56 trust=0.0 phase=active streak=0 cd=-1 mrr=2420 bugs=2
PROBE CUST day=123 id=co_lead_58_16 sat=56 tol=42 target=56 trust=0.0 phase=active streak=0 cd=-1 mrr=785 bugs=2
PROBE CUST day=123 id=co_lead_64_19 sat=56 tol=42 target=56 trust=0.0 phase=active streak=0 cd=-1 mrr=785 bugs=2
PROBE CUST day=123 id=co_lead_70_21 sat=56 tol=47 target=56 trust=0.0 phase=active streak=0 cd=-1 mrr=785 bugs=2
PROBE CUST day=123 id=co_lead_70_22 sat=56 tol=45 target=56 trust=0.0 phase=active streak=0 cd=-1 mrr=860 bugs=2
PROBE CUST day=123 id=co_lead_75_24 sat=56 tol=45 target=56 trust=0.0 phase=active streak=0 cd=-1 mrr=785 bugs=2
PROBE CUST day=123 id=co_lead_81_27 sat=56 tol=51 target=56 trust=0.0 phase=active streak=0 cd=-1 mrr=2000 bugs=2
PROBE CUST day=123 id=co_lead_86_28 sat=56 tol=47 target=56 trust=0.0 phase=active streak=0 cd=-1 mrr=500 bugs=2
PROBE CUST day=123 id=co_lead_91_30 sat=56 tol=47 target=56 trust=0.0 phase=active streak=0 cd=-1 mrr=500 bugs=2
PROBE CUST day=123 id=co_lead_97_33 sat=56 tol=42 target=56 trust=0.0 phase=onboarding streak=0 cd=-1 mrr=500 bugs=2
PROBE CUST day=123 id=co_lead_107_38 sat=61 tol=51 target=61 trust=4.4 phase=onboarding streak=0 cd=-1 mrr=1700 bugs=2
PROBE CUST day=123 id=co_lead_110_39 sat=61 tol=51 target=61 trust=4.4 phase=onboarding streak=0 cd=-1 mrr=1700 bugs=2
PROBE CUST day=123 id=co_lead_113_40 sat=56 tol=42 target=56 trust=0.0 phase=onboarding streak=0 cd=-1 mrr=500 bugs=2
PROBE CUST day=123 id=co_lead_113_41 sat=56 tol=51 target=56 trust=0.0 phase=onboarding streak=0 cd=-1 mrr=1700 bugs=2
PROBE SAT day=123 satisfied=17/17 target=56
[HRSystem] Daily tick — 1 employees (0 izinde)
[SalesSystem] Daily tick — MRR $18025
[TimeManager] Daily tick — Day 124 (Δ 14 ms)
PROBE PLAY day=124 pitch Marmara Lojistik -> LOST (mrr 18025 -> 18025)
PROBE STATE day=124 cash=29579 mrr=18025 brand=50 burn=260 runway=INF cust=17 emp=1 promises=4 phase=2 aud=0 sat=-1 bugs=2 q=45.0 appetite=warming streak=2/3 profit_streak=1
PROBE CUST day=124 id=co_lead_31_4 sat=56 tol=47 target=56 trust=0.0 phase=active streak=0 cd=-1 mrr=785 bugs=2
PROBE CUST day=124 id=co_lead_31_5 sat=56 tol=47 target=56 trust=0.0 phase=active streak=0 cd=-1 mrr=860 bugs=2
PROBE CUST day=124 id=co_lead_37_7 sat=56 tol=42 target=56 trust=0.0 phase=active streak=0 cd=-1 mrr=860 bugs=2
PROBE CUST day=124 id=co_lead_51_13 sat=56 tol=51 target=56 trust=0.0 phase=active streak=0 cd=-1 mrr=2420 bugs=2
PROBE CUST day=124 id=co_lead_58_16 sat=56 tol=42 target=56 trust=0.0 phase=active streak=0 cd=-1 mrr=785 bugs=2
PROBE CUST day=124 id=co_lead_64_19 sat=56 tol=42 target=56 trust=0.0 phase=active streak=0 cd=-1 mrr=785 bugs=2
PROBE CUST day=124 id=co_lead_70_21 sat=56 tol=47 target=56 trust=0.0 phase=active streak=0 cd=-1 mrr=785 bugs=2
PROBE CUST day=124 id=co_lead_70_22 sat=56 tol=45 target=56 trust=0.0 phase=active streak=0 cd=-1 mrr=860 bugs=2
PROBE CUST day=124 id=co_lead_75_24 sat=56 tol=45 target=56 trust=0.0 phase=active streak=0 cd=-1 mrr=785 bugs=2
PROBE CUST day=124 id=co_lead_81_27 sat=56 tol=51 target=56 trust=0.0 phase=active streak=0 cd=-1 mrr=2000 bugs=2
PROBE CUST day=124 id=co_lead_86_28 sat=56 tol=47 target=56 trust=0.0 phase=active streak=0 cd=-1 mrr=500 bugs=2
PROBE CUST day=124 id=co_lead_91_30 sat=56 tol=47 target=56 trust=0.0 phase=active streak=0 cd=-1 mrr=500 bugs=2
PROBE CUST day=124 id=co_lead_97_33 sat=56 tol=42 target=56 trust=0.0 phase=onboarding streak=0 cd=-1 mrr=500 bugs=2
PROBE CUST day=124 id=co_lead_107_38 sat=60 tol=51 target=60 trust=4.0 phase=onboarding streak=0 cd=-1 mrr=1700 bugs=2
PROBE CUST day=124 id=co_lead_110_39 sat=60 tol=51 target=60 trust=4.0 phase=onboarding streak=0 cd=-1 mrr=1700 bugs=2
PROBE CUST day=124 id=co_lead_113_40 sat=56 tol=42 target=56 trust=0.0 phase=onboarding streak=0 cd=-1 mrr=500 bugs=2
PROBE CUST day=124 id=co_lead_113_41 sat=56 tol=51 target=56 trust=0.0 phase=onboarding streak=0 cd=-1 mrr=1700 bugs=2
PROBE SAT day=124 satisfied=17/17 target=56
[HRSystem] Daily tick — 1 employees (0 izinde)
[SalesSystem] Daily tick — MRR $18025
[TimeManager] Daily tick — Day 125 (Δ 16 ms)
PROBE STATE day=125 cash=29920 mrr=18025 brand=50 burn=260 runway=INF cust=17 emp=1 promises=4 phase=2 aud=0 sat=-1 bugs=3 q=44.6 appetite=warming streak=2/3 profit_streak=1
PROBE CUST day=125 id=co_lead_31_4 sat=56 tol=47 target=56 trust=0.0 phase=active streak=0 cd=-1 mrr=785 bugs=3
PROBE CUST day=125 id=co_lead_31_5 sat=56 tol=47 target=56 trust=0.0 phase=active streak=0 cd=-1 mrr=860 bugs=3
PROBE CUST day=125 id=co_lead_37_7 sat=56 tol=42 target=56 trust=0.0 phase=active streak=0 cd=-1 mrr=860 bugs=3
PROBE CUST day=125 id=co_lead_51_13 sat=56 tol=51 target=56 trust=0.0 phase=active streak=0 cd=-1 mrr=2420 bugs=3
PROBE CUST day=125 id=co_lead_58_16 sat=56 tol=42 target=56 trust=0.0 phase=active streak=0 cd=-1 mrr=785 bugs=3
PROBE CUST day=125 id=co_lead_64_19 sat=56 tol=42 target=56 trust=0.0 phase=active streak=0 cd=-1 mrr=785 bugs=3
PROBE CUST day=125 id=co_lead_70_21 sat=56 tol=47 target=56 trust=0.0 phase=active streak=0 cd=-1 mrr=785 bugs=3
PROBE CUST day=125 id=co_lead_70_22 sat=56 tol=45 target=56 trust=0.0 phase=active streak=0 cd=-1 mrr=860 bugs=3
PROBE CUST day=125 id=co_lead_75_24 sat=56 tol=45 target=56 trust=0.0 phase=active streak=0 cd=-1 mrr=785 bugs=3
PROBE CUST day=125 id=co_lead_81_27 sat=56 tol=51 target=56 trust=0.0 phase=active streak=0 cd=-1 mrr=2000 bugs=3
PROBE CUST day=125 id=co_lead_86_28 sat=56 tol=47 target=56 trust=0.0 phase=active streak=0 cd=-1 mrr=500 bugs=3
PROBE CUST day=125 id=co_lead_91_30 sat=56 tol=47 target=56 trust=0.0 phase=active streak=0 cd=-1 mrr=500 bugs=3
PROBE CUST day=125 id=co_lead_97_33 sat=56 tol=42 target=56 trust=0.0 phase=onboarding streak=0 cd=-1 mrr=500 bugs=3
PROBE CUST day=125 id=co_lead_107_38 sat=59 tol=51 target=59 trust=3.6 phase=onboarding streak=0 cd=-1 mrr=1700 bugs=3
PROBE CUST day=125 id=co_lead_110_39 sat=59 tol=51 target=59 trust=3.6 phase=onboarding streak=0 cd=-1 mrr=1700 bugs=3
PROBE CUST day=125 id=co_lead_113_40 sat=56 tol=42 target=56 trust=0.0 phase=onboarding streak=0 cd=-1 mrr=500 bugs=3
PROBE CUST day=125 id=co_lead_113_41 sat=56 tol=51 target=56 trust=0.0 phase=onboarding streak=0 cd=-1 mrr=1700 bugs=3
PROBE SAT day=125 satisfied=17/17 target=56
[HRSystem] Daily tick — 1 employees (0 izinde)
[SalesSystem] Daily tick — MRR $18025
[TimeManager] Daily tick — Day 126 (Δ 14 ms)
PROBE PLAY day=126 pitch Trakya Fabrika -> SIGNED (mrr 18025 -> 18525)
PROBE STATE day=126 cash=30261 mrr=18525 brand=50 burn=260 runway=INF cust=18 emp=1 promises=4 phase=2 aud=0 sat=-1 bugs=4 q=44.3 appetite=warming streak=2/3 profit_streak=1
PROBE CUST day=126 id=co_lead_31_4 sat=55 tol=47 target=55 trust=0.0 phase=active streak=0 cd=-1 mrr=785 bugs=4
PROBE CUST day=126 id=co_lead_31_5 sat=55 tol=47 target=55 trust=0.0 phase=active streak=0 cd=-1 mrr=860 bugs=4
PROBE CUST day=126 id=co_lead_37_7 sat=55 tol=42 target=55 trust=0.0 phase=active streak=0 cd=-1 mrr=860 bugs=4
PROBE CUST day=126 id=co_lead_51_13 sat=55 tol=51 target=55 trust=0.0 phase=active streak=0 cd=-1 mrr=2420 bugs=4
PROBE CUST day=126 id=co_lead_58_16 sat=55 tol=42 target=55 trust=0.0 phase=active streak=0 cd=-1 mrr=785 bugs=4
PROBE CUST day=126 id=co_lead_64_19 sat=55 tol=42 target=55 trust=0.0 phase=active streak=0 cd=-1 mrr=785 bugs=4
PROBE CUST day=126 id=co_lead_70_21 sat=55 tol=47 target=55 trust=0.0 phase=active streak=0 cd=-1 mrr=785 bugs=4
PROBE CUST day=126 id=co_lead_70_22 sat=55 tol=45 target=55 trust=0.0 phase=active streak=0 cd=-1 mrr=860 bugs=4
PROBE CUST day=126 id=co_lead_75_24 sat=55 tol=45 target=55 trust=0.0 phase=active streak=0 cd=-1 mrr=785 bugs=4
PROBE CUST day=126 id=co_lead_81_27 sat=55 tol=51 target=55 trust=0.0 phase=active streak=0 cd=-1 mrr=2000 bugs=4
PROBE CUST day=126 id=co_lead_86_28 sat=55 tol=47 target=55 trust=0.0 phase=active streak=0 cd=-1 mrr=500 bugs=4
PROBE CUST day=126 id=co_lead_91_30 sat=55 tol=47 target=55 trust=0.0 phase=active streak=0 cd=-1 mrr=500 bugs=4
PROBE CUST day=126 id=co_lead_97_33 sat=55 tol=42 target=55 trust=0.0 phase=onboarding streak=0 cd=-1 mrr=500 bugs=4
PROBE CUST day=126 id=co_lead_107_38 sat=58 tol=51 target=58 trust=3.2 phase=onboarding streak=0 cd=-1 mrr=1700 bugs=4
PROBE CUST day=126 id=co_lead_110_39 sat=58 tol=51 target=58 trust=3.2 phase=onboarding streak=0 cd=-1 mrr=1700 bugs=4
PROBE CUST day=126 id=co_lead_113_40 sat=55 tol=42 target=55 trust=0.0 phase=onboarding streak=0 cd=-1 mrr=500 bugs=4
PROBE CUST day=126 id=co_lead_113_41 sat=55 tol=51 target=55 trust=0.0 phase=onboarding streak=0 cd=-1 mrr=1700 bugs=4
PROBE CUST day=126 id=co_lead_123_45 sat=62 tol=42 target=55 trust=0.0 phase=onboarding streak=0 cd=-1 mrr=500 bugs=4
PROBE SAT day=126 satisfied=18/18 target=55
[HRSystem] Daily tick — 1 employees (0 izinde)
[SalesSystem] Daily tick — MRR $18525
[TimeManager] Daily tick — Day 127 (Δ 16 ms)
PROBE STATE day=127 cash=30619 mrr=18525 brand=50 burn=260 runway=INF cust=18 emp=1 promises=4 phase=2 aud=0 sat=-1 bugs=4 q=44.2 appetite=warming streak=2/3 profit_streak=1
PROBE CUST day=127 id=co_lead_31_4 sat=55 tol=47 target=55 trust=0.0 phase=active streak=0 cd=-1 mrr=785 bugs=4
PROBE CUST day=127 id=co_lead_31_5 sat=55 tol=47 target=55 trust=0.0 phase=active streak=0 cd=-1 mrr=860 bugs=4
PROBE CUST day=127 id=co_lead_37_7 sat=55 tol=42 target=55 trust=0.0 phase=active streak=0 cd=-1 mrr=860 bugs=4
PROBE CUST day=127 id=co_lead_51_13 sat=55 tol=51 target=55 trust=0.0 phase=active streak=0 cd=-1 mrr=2420 bugs=4
PROBE CUST day=127 id=co_lead_58_16 sat=55 tol=42 target=55 trust=0.0 phase=active streak=0 cd=-1 mrr=785 bugs=4
PROBE CUST day=127 id=co_lead_64_19 sat=55 tol=42 target=55 trust=0.0 phase=active streak=0 cd=-1 mrr=785 bugs=4
PROBE CUST day=127 id=co_lead_70_21 sat=55 tol=47 target=55 trust=0.0 phase=active streak=0 cd=-1 mrr=785 bugs=4
PROBE CUST day=127 id=co_lead_70_22 sat=55 tol=45 target=55 trust=0.0 phase=active streak=0 cd=-1 mrr=860 bugs=4
PROBE CUST day=127 id=co_lead_75_24 sat=55 tol=45 target=55 trust=0.0 phase=active streak=0 cd=-1 mrr=785 bugs=4
PROBE CUST day=127 id=co_lead_81_27 sat=55 tol=51 target=55 trust=0.0 phase=active streak=0 cd=-1 mrr=2000 bugs=4
PROBE CUST day=127 id=co_lead_86_28 sat=55 tol=47 target=55 trust=0.0 phase=active streak=0 cd=-1 mrr=500 bugs=4
PROBE CUST day=127 id=co_lead_91_30 sat=55 tol=47 target=55 trust=0.0 phase=active streak=0 cd=-1 mrr=500 bugs=4
PROBE CUST day=127 id=co_lead_97_33 sat=55 tol=42 target=55 trust=0.0 phase=onboarding streak=0 cd=-1 mrr=500 bugs=4
PROBE CUST day=127 id=co_lead_107_38 sat=58 tol=51 target=58 trust=2.8 phase=onboarding streak=0 cd=-1 mrr=1700 bugs=4
PROBE CUST day=127 id=co_lead_110_39 sat=58 tol=51 target=58 trust=2.8 phase=onboarding streak=0 cd=-1 mrr=1700 bugs=4
PROBE CUST day=127 id=co_lead_113_40 sat=55 tol=42 target=55 trust=0.0 phase=onboarding streak=0 cd=-1 mrr=500 bugs=4
PROBE CUST day=127 id=co_lead_113_41 sat=55 tol=51 target=55 trust=0.0 phase=onboarding streak=0 cd=-1 mrr=1700 bugs=4
PROBE CUST day=127 id=co_lead_123_45 sat=57 tol=42 target=55 trust=0.0 phase=onboarding streak=0 cd=-1 mrr=500 bugs=4
PROBE SAT day=127 satisfied=18/18 target=55
[HRSystem] Daily tick — 1 employees (0 izinde)
[SalesSystem] Daily tick — MRR $18525
[TimeManager] Daily tick — Day 128 (Δ 14 ms)
PROBE PLAY day=128 find_prospects (+2)
PROBE STATE day=128 cash=30977 mrr=18525 brand=50 burn=260 runway=INF cust=18 emp=1 promises=4 phase=2 aud=0 sat=-1 bugs=5 q=43.9 appetite=warming streak=2/3 profit_streak=1
PROBE CUST day=128 id=co_lead_31_4 sat=55 tol=47 target=55 trust=0.0 phase=active streak=0 cd=-1 mrr=785 bugs=5
PROBE CUST day=128 id=co_lead_31_5 sat=55 tol=47 target=55 trust=0.0 phase=active streak=0 cd=-1 mrr=860 bugs=5
PROBE CUST day=128 id=co_lead_37_7 sat=55 tol=42 target=55 trust=0.0 phase=active streak=0 cd=-1 mrr=860 bugs=5
PROBE CUST day=128 id=co_lead_51_13 sat=55 tol=51 target=55 trust=0.0 phase=active streak=0 cd=-1 mrr=2420 bugs=5
PROBE CUST day=128 id=co_lead_58_16 sat=55 tol=42 target=55 trust=0.0 phase=active streak=0 cd=-1 mrr=785 bugs=5
PROBE CUST day=128 id=co_lead_64_19 sat=55 tol=42 target=55 trust=0.0 phase=active streak=0 cd=-1 mrr=785 bugs=5
PROBE CUST day=128 id=co_lead_70_21 sat=55 tol=47 target=55 trust=0.0 phase=active streak=0 cd=-1 mrr=785 bugs=5
PROBE CUST day=128 id=co_lead_70_22 sat=55 tol=45 target=55 trust=0.0 phase=active streak=0 cd=-1 mrr=860 bugs=5
PROBE CUST day=128 id=co_lead_75_24 sat=55 tol=45 target=55 trust=0.0 phase=active streak=0 cd=-1 mrr=785 bugs=5
PROBE CUST day=128 id=co_lead_81_27 sat=55 tol=51 target=55 trust=0.0 phase=active streak=0 cd=-1 mrr=2000 bugs=5
PROBE CUST day=128 id=co_lead_86_28 sat=55 tol=47 target=55 trust=0.0 phase=active streak=0 cd=-1 mrr=500 bugs=5
PROBE CUST day=128 id=co_lead_91_30 sat=55 tol=47 target=55 trust=0.0 phase=active streak=0 cd=-1 mrr=500 bugs=5
PROBE CUST day=128 id=co_lead_97_33 sat=55 tol=42 target=55 trust=0.0 phase=active streak=0 cd=-1 mrr=500 bugs=5
PROBE CUST day=128 id=co_lead_107_38 sat=57 tol=51 target=57 trust=2.4 phase=onboarding streak=0 cd=-1 mrr=1700 bugs=5
PROBE CUST day=128 id=co_lead_110_39 sat=57 tol=51 target=57 trust=2.4 phase=onboarding streak=0 cd=-1 mrr=1700 bugs=5
PROBE CUST day=128 id=co_lead_113_40 sat=55 tol=42 target=55 trust=0.0 phase=onboarding streak=0 cd=-1 mrr=500 bugs=5
PROBE CUST day=128 id=co_lead_113_41 sat=55 tol=51 target=55 trust=0.0 phase=onboarding streak=0 cd=-1 mrr=1700 bugs=5
PROBE CUST day=128 id=co_lead_123_45 sat=55 tol=42 target=55 trust=0.0 phase=onboarding streak=0 cd=-1 mrr=500 bugs=5
PROBE SAT day=128 satisfied=18/18 target=55
PROBE FIRE day=128 hour=11 id=ev_ps_referral_b2b src=pool
[EventManager] Eligible: ev_ps_referral_b2b
[EventManager] Modal requested: ev_ps_referral_b2b
PROBE PICK day=128 id=ev_ps_referral_b2b choice=0 label=Kabul et — özellik sözü ver
[EventManager] Resolved: ev_ps_referral_b2b choice 0
[HRSystem] Daily tick — 1 employees (0 izinde)
[SalesSystem] Daily tick — MRR $18525
[TimeManager] Daily tick — Day 129 (Δ 18 ms)
PROBE PLAY day=129 pitch Deniz Lojistik -> SIGNED (mrr 18525 -> 18950)
[ProductSystem] Bug sprint started: 6 bugs, 2 days
PROBE PLAY day=129 bug_sprint bugs=6
PROBE STATE day=129 cash=30935 mrr=18950 brand=50 burn=260 runway=INF cust=19 emp=1 promises=4 phase=2 aud=0 sat=-1 bugs=6 q=43.6 appetite=warming streak=2/3 profit_streak=1
PROBE CUST day=129 id=co_lead_31_4 sat=54 tol=47 target=54 trust=0.0 phase=active streak=0 cd=-1 mrr=785 bugs=6
PROBE CUST day=129 id=co_lead_31_5 sat=54 tol=47 target=54 trust=0.0 phase=active streak=0 cd=-1 mrr=860 bugs=6
PROBE CUST day=129 id=co_lead_37_7 sat=54 tol=42 target=54 trust=0.0 phase=active streak=0 cd=-1 mrr=860 bugs=6
PROBE CUST day=129 id=co_lead_51_13 sat=54 tol=51 target=54 trust=0.0 phase=active streak=0 cd=-1 mrr=2420 bugs=6
PROBE CUST day=129 id=co_lead_58_16 sat=54 tol=42 target=54 trust=0.0 phase=active streak=0 cd=-1 mrr=785 bugs=6
PROBE CUST day=129 id=co_lead_64_19 sat=54 tol=42 target=54 trust=0.0 phase=active streak=0 cd=-1 mrr=785 bugs=6
PROBE CUST day=129 id=co_lead_70_21 sat=54 tol=47 target=54 trust=0.0 phase=active streak=0 cd=-1 mrr=785 bugs=6
PROBE CUST day=129 id=co_lead_70_22 sat=54 tol=45 target=54 trust=0.0 phase=active streak=0 cd=-1 mrr=860 bugs=6
PROBE CUST day=129 id=co_lead_75_24 sat=54 tol=45 target=54 trust=0.0 phase=active streak=0 cd=-1 mrr=785 bugs=6
PROBE CUST day=129 id=co_lead_81_27 sat=54 tol=51 target=54 trust=0.0 phase=active streak=0 cd=-1 mrr=2000 bugs=6
PROBE CUST day=129 id=co_lead_86_28 sat=54 tol=47 target=54 trust=0.0 phase=active streak=0 cd=-1 mrr=500 bugs=6
PROBE CUST day=129 id=co_lead_91_30 sat=54 tol=47 target=54 trust=0.0 phase=active streak=0 cd=-1 mrr=500 bugs=6
PROBE CUST day=129 id=co_lead_97_33 sat=54 tol=42 target=54 trust=0.0 phase=active streak=0 cd=-1 mrr=500 bugs=6
PROBE CUST day=129 id=co_lead_107_38 sat=56 tol=51 target=56 trust=2.0 phase=onboarding streak=0 cd=-1 mrr=1700 bugs=6
PROBE CUST day=129 id=co_lead_110_39 sat=56 tol=51 target=56 trust=2.0 phase=onboarding streak=0 cd=-1 mrr=1700 bugs=6
PROBE CUST day=129 id=co_lead_113_40 sat=54 tol=42 target=54 trust=0.0 phase=onboarding streak=0 cd=-1 mrr=500 bugs=6
PROBE CUST day=129 id=co_lead_113_41 sat=54 tol=51 target=54 trust=0.0 phase=onboarding streak=0 cd=-1 mrr=1700 bugs=6
PROBE CUST day=129 id=co_lead_123_45 sat=54 tol=42 target=54 trust=0.0 phase=onboarding streak=0 cd=-1 mrr=500 bugs=6
PROBE CUST day=129 id=co_lead_128_46 sat=56 tol=42 target=54 trust=0.0 phase=onboarding streak=0 cd=-1 mrr=425 bugs=6
PROBE SAT day=129 satisfied=19/19 target=54
[HRSystem] Daily tick — 1 employees (0 izinde)
PROBE FIRE day=130 hour=0 id=ev_b2b_expand_co_lead_81_27 src=factory:b2b_sales_system:242 (expansion)
[EventManager] Modal requested: ev_b2b_expand_co_lead_81_27
[SalesSystem] Daily tick — MRR $18950
[TimeManager] Daily tick — Day 130 (Δ 13 ms)
PROBE PICK day=130 id=ev_b2b_expand_co_lead_81_27 choice=0 label=Büyüt
[EventManager] Resolved: ev_b2b_expand_co_lead_81_27 choice 0
PROBE STATE day=130 cash=31307 mrr=19670 brand=50 burn=260 runway=INF cust=19 emp=1 promises=4 phase=2 aud=0 sat=-1 bugs=3 q=44.4 appetite=warming streak=2/3 profit_streak=1
PROBE CUST day=130 id=co_lead_31_4 sat=56 tol=47 target=56 trust=0.0 phase=active streak=0 cd=-1 mrr=785 bugs=3
PROBE CUST day=130 id=co_lead_31_5 sat=56 tol=47 target=56 trust=0.0 phase=active streak=0 cd=-1 mrr=860 bugs=3
PROBE CUST day=130 id=co_lead_37_7 sat=56 tol=42 target=56 trust=0.0 phase=active streak=0 cd=-1 mrr=860 bugs=3
PROBE CUST day=130 id=co_lead_51_13 sat=56 tol=51 target=56 trust=0.0 phase=active streak=0 cd=-1 mrr=2420 bugs=3
PROBE CUST day=130 id=co_lead_58_16 sat=56 tol=42 target=56 trust=0.0 phase=active streak=0 cd=-1 mrr=785 bugs=3
PROBE CUST day=130 id=co_lead_64_19 sat=56 tol=42 target=56 trust=0.0 phase=active streak=0 cd=-1 mrr=785 bugs=3
PROBE CUST day=130 id=co_lead_70_21 sat=56 tol=47 target=56 trust=0.0 phase=active streak=0 cd=-1 mrr=785 bugs=3
PROBE CUST day=130 id=co_lead_70_22 sat=56 tol=45 target=56 trust=0.0 phase=active streak=0 cd=-1 mrr=860 bugs=3
PROBE CUST day=130 id=co_lead_75_24 sat=56 tol=45 target=56 trust=0.0 phase=active streak=0 cd=-1 mrr=785 bugs=3
PROBE CUST day=130 id=co_lead_81_27 sat=56 tol=51 target=56 trust=0.0 phase=active streak=0 cd=-1 mrr=2720 bugs=3
PROBE CUST day=130 id=co_lead_86_28 sat=56 tol=47 target=56 trust=0.0 phase=active streak=0 cd=-1 mrr=500 bugs=3
PROBE CUST day=130 id=co_lead_91_30 sat=56 tol=47 target=56 trust=0.0 phase=active streak=0 cd=-1 mrr=500 bugs=3
PROBE CUST day=130 id=co_lead_97_33 sat=56 tol=42 target=56 trust=0.0 phase=active streak=0 cd=-1 mrr=500 bugs=3
PROBE CUST day=130 id=co_lead_107_38 sat=57 tol=51 target=57 trust=1.6 phase=onboarding streak=0 cd=-1 mrr=1700 bugs=3
PROBE CUST day=130 id=co_lead_110_39 sat=57 tol=51 target=57 trust=1.6 phase=onboarding streak=0 cd=-1 mrr=1700 bugs=3
PROBE CUST day=130 id=co_lead_113_40 sat=56 tol=42 target=56 trust=0.0 phase=onboarding streak=0 cd=-1 mrr=500 bugs=3
PROBE CUST day=130 id=co_lead_113_41 sat=56 tol=51 target=56 trust=0.0 phase=onboarding streak=0 cd=-1 mrr=1700 bugs=3
PROBE CUST day=130 id=co_lead_123_45 sat=56 tol=42 target=56 trust=0.0 phase=onboarding streak=0 cd=-1 mrr=500 bugs=3
PROBE CUST day=130 id=co_lead_128_46 sat=56 tol=42 target=56 trust=0.0 phase=onboarding streak=0 cd=-1 mrr=425 bugs=3
PROBE SAT day=130 satisfied=19/19 target=56
[ProductSystem] Bug sprint complete. live_bug now 0
[HRSystem] Daily tick — 1 employees (0 izinde)
[SalesSystem] Daily tick — MRR $19670
[TimeManager] Daily tick — Day 131 (Δ 13 ms)
PROBE PLAY day=131 pitch Ege Metal -> SIGNED (mrr 19670 -> 21670)
PROBE STATE day=131 cash=31703 mrr=21670 brand=50 burn=260 runway=INF cust=20 emp=1 promises=4 phase=2 aud=0 sat=-1 bugs=0 q=45.2 appetite=warming streak=2/3 profit_streak=1
PROBE CUST day=131 id=co_lead_31_4 sat=58 tol=47 target=58 trust=0.0 phase=active streak=0 cd=-1 mrr=785 bugs=0
PROBE CUST day=131 id=co_lead_31_5 sat=58 tol=47 target=58 trust=0.0 phase=active streak=0 cd=-1 mrr=860 bugs=0
PROBE CUST day=131 id=co_lead_37_7 sat=58 tol=42 target=58 trust=0.0 phase=active streak=0 cd=-1 mrr=860 bugs=0
PROBE CUST day=131 id=co_lead_51_13 sat=58 tol=51 target=58 trust=0.0 phase=active streak=0 cd=-1 mrr=2420 bugs=0
PROBE CUST day=131 id=co_lead_58_16 sat=58 tol=42 target=58 trust=0.0 phase=active streak=0 cd=-1 mrr=785 bugs=0
PROBE CUST day=131 id=co_lead_64_19 sat=58 tol=42 target=58 trust=0.0 phase=active streak=0 cd=-1 mrr=785 bugs=0
PROBE CUST day=131 id=co_lead_70_21 sat=58 tol=47 target=58 trust=0.0 phase=active streak=0 cd=-1 mrr=785 bugs=0
PROBE CUST day=131 id=co_lead_70_22 sat=58 tol=45 target=58 trust=0.0 phase=active streak=0 cd=-1 mrr=860 bugs=0
PROBE CUST day=131 id=co_lead_75_24 sat=58 tol=45 target=58 trust=0.0 phase=active streak=0 cd=-1 mrr=785 bugs=0
PROBE CUST day=131 id=co_lead_81_27 sat=58 tol=51 target=58 trust=0.0 phase=active streak=0 cd=-1 mrr=2720 bugs=0
PROBE CUST day=131 id=co_lead_86_28 sat=58 tol=47 target=58 trust=0.0 phase=active streak=0 cd=-1 mrr=500 bugs=0
PROBE CUST day=131 id=co_lead_91_30 sat=58 tol=47 target=58 trust=0.0 phase=active streak=0 cd=-1 mrr=500 bugs=0
PROBE CUST day=131 id=co_lead_97_33 sat=58 tol=42 target=58 trust=0.0 phase=active streak=0 cd=-1 mrr=500 bugs=0
PROBE CUST day=131 id=co_lead_107_38 sat=59 tol=51 target=59 trust=1.2 phase=onboarding streak=0 cd=-1 mrr=1700 bugs=0
PROBE CUST day=131 id=co_lead_110_39 sat=59 tol=51 target=59 trust=1.2 phase=onboarding streak=0 cd=-1 mrr=1700 bugs=0
PROBE CUST day=131 id=co_lead_113_40 sat=58 tol=42 target=58 trust=0.0 phase=onboarding streak=0 cd=-1 mrr=500 bugs=0
PROBE CUST day=131 id=co_lead_113_41 sat=58 tol=51 target=58 trust=0.0 phase=onboarding streak=0 cd=-1 mrr=1700 bugs=0
PROBE CUST day=131 id=co_lead_123_45 sat=58 tol=42 target=58 trust=0.0 phase=onboarding streak=0 cd=-1 mrr=500 bugs=0
PROBE CUST day=131 id=co_lead_128_46 sat=58 tol=42 target=58 trust=0.0 phase=onboarding streak=0 cd=-1 mrr=425 bugs=0
PROBE CUST day=131 id=co_lead_128_47 sat=58 tol=51 target=58 trust=0.0 phase=onboarding streak=0 cd=-1 mrr=2000 bugs=0
PROBE SAT day=131 satisfied=20/20 target=58
[HRSystem] Daily tick — 1 employees (0 izinde)
PROBE FIRE day=132 hour=0 id=ev_b2b_expand_co_lead_86_28 src=factory:b2b_sales_system:242 (expansion)
[EventManager] Modal requested: ev_b2b_expand_co_lead_86_28
[SalesSystem] Daily tick — MRR $21670
[TimeManager] Daily tick — Day 132 (Δ 16 ms)
PROBE PICK day=132 id=ev_b2b_expand_co_lead_86_28 choice=0 label=Büyüt
[EventManager] Resolved: ev_b2b_expand_co_lead_86_28 choice 0
PROBE STATE day=132 cash=32165 mrr=22030 brand=50 burn=260 runway=INF cust=20 emp=1 promises=4 phase=2 aud=0 sat=-1 bugs=0 q=45.2 appetite=warming streak=2/3 profit_streak=1
PROBE CUST day=132 id=co_lead_31_4 sat=58 tol=47 target=58 trust=0.0 phase=active streak=0 cd=-1 mrr=785 bugs=0
PROBE CUST day=132 id=co_lead_31_5 sat=58 tol=47 target=58 trust=0.0 phase=active streak=0 cd=-1 mrr=860 bugs=0
PROBE CUST day=132 id=co_lead_37_7 sat=58 tol=42 target=58 trust=0.0 phase=active streak=0 cd=-1 mrr=860 bugs=0
PROBE CUST day=132 id=co_lead_51_13 sat=58 tol=51 target=58 trust=0.0 phase=active streak=0 cd=-1 mrr=2420 bugs=0
PROBE CUST day=132 id=co_lead_58_16 sat=58 tol=42 target=58 trust=0.0 phase=active streak=0 cd=-1 mrr=785 bugs=0
PROBE CUST day=132 id=co_lead_64_19 sat=58 tol=42 target=58 trust=0.0 phase=active streak=0 cd=-1 mrr=785 bugs=0
PROBE CUST day=132 id=co_lead_70_21 sat=58 tol=47 target=58 trust=0.0 phase=active streak=0 cd=-1 mrr=785 bugs=0
PROBE CUST day=132 id=co_lead_70_22 sat=58 tol=45 target=58 trust=0.0 phase=active streak=0 cd=-1 mrr=860 bugs=0
PROBE CUST day=132 id=co_lead_75_24 sat=58 tol=45 target=58 trust=0.0 phase=active streak=0 cd=-1 mrr=785 bugs=0
PROBE CUST day=132 id=co_lead_81_27 sat=58 tol=51 target=58 trust=0.0 phase=active streak=0 cd=-1 mrr=2720 bugs=0
PROBE CUST day=132 id=co_lead_86_28 sat=58 tol=47 target=58 trust=0.0 phase=active streak=0 cd=-1 mrr=860 bugs=0
PROBE CUST day=132 id=co_lead_91_30 sat=58 tol=47 target=58 trust=0.0 phase=active streak=0 cd=-1 mrr=500 bugs=0
PROBE CUST day=132 id=co_lead_97_33 sat=58 tol=42 target=58 trust=0.0 phase=active streak=0 cd=-1 mrr=500 bugs=0
PROBE CUST day=132 id=co_lead_107_38 sat=58 tol=51 target=58 trust=0.8 phase=onboarding streak=0 cd=-1 mrr=1700 bugs=0
PROBE CUST day=132 id=co_lead_110_39 sat=58 tol=51 target=58 trust=0.8 phase=onboarding streak=0 cd=-1 mrr=1700 bugs=0
PROBE CUST day=132 id=co_lead_113_40 sat=58 tol=42 target=58 trust=0.0 phase=onboarding streak=0 cd=-1 mrr=500 bugs=0
PROBE CUST day=132 id=co_lead_113_41 sat=58 tol=51 target=58 trust=0.0 phase=onboarding streak=0 cd=-1 mrr=1700 bugs=0
PROBE CUST day=132 id=co_lead_123_45 sat=58 tol=42 target=58 trust=0.0 phase=onboarding streak=0 cd=-1 mrr=500 bugs=0
PROBE CUST day=132 id=co_lead_128_46 sat=58 tol=42 target=58 trust=0.0 phase=onboarding streak=0 cd=-1 mrr=425 bugs=0
PROBE CUST day=132 id=co_lead_128_47 sat=58 tol=51 target=58 trust=0.0 phase=onboarding streak=0 cd=-1 mrr=2000 bugs=0
PROBE SAT day=132 satisfied=20/20 target=58
[HRSystem] Daily tick — 1 employees (0 izinde)
[SalesSystem] Daily tick — MRR $22030
[TimeManager] Daily tick — Day 133 (Δ 13 ms)
PROBE PLAY day=133 pitch Poyraz Sigorta -> LOST (mrr 22030 -> 22030)
PROBE STATE day=133 cash=32639 mrr=22030 brand=50 burn=260 runway=INF cust=20 emp=1 promises=4 phase=2 aud=0 sat=-1 bugs=1 q=44.8 appetite=warming streak=2/3 profit_streak=1
PROBE CUST day=133 id=co_lead_31_4 sat=57 tol=47 target=57 trust=0.0 phase=active streak=0 cd=-1 mrr=785 bugs=1
PROBE CUST day=133 id=co_lead_31_5 sat=57 tol=47 target=57 trust=0.0 phase=active streak=0 cd=-1 mrr=860 bugs=1
PROBE CUST day=133 id=co_lead_37_7 sat=57 tol=42 target=57 trust=0.0 phase=active streak=0 cd=-1 mrr=860 bugs=1
PROBE CUST day=133 id=co_lead_51_13 sat=57 tol=51 target=57 trust=0.0 phase=active streak=0 cd=-1 mrr=2420 bugs=1
PROBE CUST day=133 id=co_lead_58_16 sat=57 tol=42 target=57 trust=0.0 phase=active streak=0 cd=-1 mrr=785 bugs=1
PROBE CUST day=133 id=co_lead_64_19 sat=57 tol=42 target=57 trust=0.0 phase=active streak=0 cd=-1 mrr=785 bugs=1
PROBE CUST day=133 id=co_lead_70_21 sat=57 tol=47 target=57 trust=0.0 phase=active streak=0 cd=-1 mrr=785 bugs=1
PROBE CUST day=133 id=co_lead_70_22 sat=57 tol=45 target=57 trust=0.0 phase=active streak=0 cd=-1 mrr=860 bugs=1
PROBE CUST day=133 id=co_lead_75_24 sat=57 tol=45 target=57 trust=0.0 phase=active streak=0 cd=-1 mrr=785 bugs=1
PROBE CUST day=133 id=co_lead_81_27 sat=57 tol=51 target=57 trust=0.0 phase=active streak=0 cd=-1 mrr=2720 bugs=1
PROBE CUST day=133 id=co_lead_86_28 sat=57 tol=47 target=57 trust=0.0 phase=active streak=0 cd=-1 mrr=860 bugs=1
PROBE CUST day=133 id=co_lead_91_30 sat=57 tol=47 target=57 trust=0.0 phase=active streak=0 cd=-1 mrr=500 bugs=1
PROBE CUST day=133 id=co_lead_97_33 sat=57 tol=42 target=57 trust=0.0 phase=active streak=0 cd=-1 mrr=500 bugs=1
PROBE CUST day=133 id=co_lead_107_38 sat=57 tol=51 target=57 trust=0.4 phase=onboarding streak=0 cd=-1 mrr=1700 bugs=1
PROBE CUST day=133 id=co_lead_110_39 sat=57 tol=51 target=57 trust=0.4 phase=onboarding streak=0 cd=-1 mrr=1700 bugs=1
PROBE CUST day=133 id=co_lead_113_40 sat=57 tol=42 target=57 trust=0.0 phase=onboarding streak=0 cd=-1 mrr=500 bugs=1
PROBE CUST day=133 id=co_lead_113_41 sat=57 tol=51 target=57 trust=0.0 phase=onboarding streak=0 cd=-1 mrr=1700 bugs=1
PROBE CUST day=133 id=co_lead_123_45 sat=57 tol=42 target=57 trust=0.0 phase=onboarding streak=0 cd=-1 mrr=500 bugs=1
PROBE CUST day=133 id=co_lead_128_46 sat=57 tol=42 target=57 trust=0.0 phase=onboarding streak=0 cd=-1 mrr=425 bugs=1
PROBE CUST day=133 id=co_lead_128_47 sat=57 tol=51 target=57 trust=0.0 phase=onboarding streak=0 cd=-1 mrr=2000 bugs=1
PROBE SAT day=133 satisfied=20/20 target=57
[HRSystem] Daily tick — 1 employees (0 izinde)
[SalesSystem] Daily tick — MRR $22030
[TimeManager] Daily tick — Day 134 (Δ 18 ms)
PROBE PLAY day=134 find_prospects (+2)
PROBE STATE day=134 cash=33113 mrr=22030 brand=50 burn=260 runway=INF cust=20 emp=1 promises=4 phase=2 aud=0 sat=-1 bugs=2 q=44.5 appetite=warming streak=2/3 profit_streak=1
PROBE CUST day=134 id=co_lead_31_4 sat=56 tol=47 target=56 trust=0.0 phase=active streak=0 cd=-1 mrr=785 bugs=2
PROBE CUST day=134 id=co_lead_31_5 sat=56 tol=47 target=56 trust=0.0 phase=active streak=0 cd=-1 mrr=860 bugs=2
PROBE CUST day=134 id=co_lead_37_7 sat=56 tol=42 target=56 trust=0.0 phase=active streak=0 cd=-1 mrr=860 bugs=2
PROBE CUST day=134 id=co_lead_51_13 sat=56 tol=51 target=56 trust=0.0 phase=active streak=0 cd=-1 mrr=2420 bugs=2
PROBE CUST day=134 id=co_lead_58_16 sat=56 tol=42 target=56 trust=0.0 phase=active streak=0 cd=-1 mrr=785 bugs=2
PROBE CUST day=134 id=co_lead_64_19 sat=56 tol=42 target=56 trust=0.0 phase=active streak=0 cd=-1 mrr=785 bugs=2
PROBE CUST day=134 id=co_lead_70_21 sat=56 tol=47 target=56 trust=0.0 phase=active streak=0 cd=-1 mrr=785 bugs=2
PROBE CUST day=134 id=co_lead_70_22 sat=56 tol=45 target=56 trust=0.0 phase=active streak=0 cd=-1 mrr=860 bugs=2
PROBE CUST day=134 id=co_lead_75_24 sat=56 tol=45 target=56 trust=0.0 phase=active streak=0 cd=-1 mrr=785 bugs=2
PROBE CUST day=134 id=co_lead_81_27 sat=56 tol=51 target=56 trust=0.0 phase=active streak=0 cd=-1 mrr=2720 bugs=2
PROBE CUST day=134 id=co_lead_86_28 sat=56 tol=47 target=56 trust=0.0 phase=active streak=0 cd=-1 mrr=860 bugs=2
PROBE CUST day=134 id=co_lead_91_30 sat=56 tol=47 target=56 trust=0.0 phase=active streak=0 cd=-1 mrr=500 bugs=2
PROBE CUST day=134 id=co_lead_97_33 sat=56 tol=42 target=56 trust=0.0 phase=active streak=0 cd=-1 mrr=500 bugs=2
PROBE CUST day=134 id=co_lead_107_38 sat=56 tol=51 target=56 trust=0.0 phase=onboarding streak=0 cd=-1 mrr=1700 bugs=2
PROBE CUST day=134 id=co_lead_110_39 sat=56 tol=51 target=56 trust=0.0 phase=onboarding streak=0 cd=-1 mrr=1700 bugs=2
PROBE CUST day=134 id=co_lead_113_40 sat=56 tol=42 target=56 trust=0.0 phase=onboarding streak=0 cd=-1 mrr=500 bugs=2
PROBE CUST day=134 id=co_lead_113_41 sat=56 tol=51 target=56 trust=0.0 phase=onboarding streak=0 cd=-1 mrr=1700 bugs=2
PROBE CUST day=134 id=co_lead_123_45 sat=56 tol=42 target=56 trust=0.0 phase=onboarding streak=0 cd=-1 mrr=500 bugs=2
PROBE CUST day=134 id=co_lead_128_46 sat=56 tol=42 target=56 trust=0.0 phase=onboarding streak=0 cd=-1 mrr=425 bugs=2
PROBE CUST day=134 id=co_lead_128_47 sat=56 tol=51 target=56 trust=0.0 phase=onboarding streak=0 cd=-1 mrr=2000 bugs=2
PROBE SAT day=134 satisfied=20/20 target=56
[HRSystem] Daily tick — 1 employees (0 izinde)
[SalesSystem] Daily tick — MRR $22030
[TimeManager] Daily tick — Day 135 (Δ 14 ms)
PROBE PLAY day=135 pitch Vega Sigorta -> SIGNED (mrr 22030 -> 22530)
PROBE STATE day=135 cash=33587 mrr=22530 brand=50 burn=260 runway=INF cust=21 emp=1 promises=4 phase=2 aud=0 sat=-1 bugs=2 q=44.5 appetite=warming streak=2/3 profit_streak=1
PROBE CUST day=135 id=co_lead_31_4 sat=56 tol=47 target=56 trust=0.0 phase=active streak=0 cd=-1 mrr=785 bugs=2
PROBE CUST day=135 id=co_lead_31_5 sat=56 tol=47 target=56 trust=0.0 phase=active streak=0 cd=-1 mrr=860 bugs=2
PROBE CUST day=135 id=co_lead_37_7 sat=56 tol=42 target=56 trust=0.0 phase=active streak=0 cd=-1 mrr=860 bugs=2
PROBE CUST day=135 id=co_lead_51_13 sat=56 tol=51 target=56 trust=0.0 phase=active streak=0 cd=-1 mrr=2420 bugs=2
PROBE CUST day=135 id=co_lead_58_16 sat=56 tol=42 target=56 trust=0.0 phase=active streak=0 cd=-1 mrr=785 bugs=2
PROBE CUST day=135 id=co_lead_64_19 sat=56 tol=42 target=56 trust=0.0 phase=active streak=0 cd=-1 mrr=785 bugs=2
PROBE CUST day=135 id=co_lead_70_21 sat=56 tol=47 target=56 trust=0.0 phase=active streak=0 cd=-1 mrr=785 bugs=2
PROBE CUST day=135 id=co_lead_70_22 sat=56 tol=45 target=56 trust=0.0 phase=active streak=0 cd=-1 mrr=860 bugs=2
PROBE CUST day=135 id=co_lead_75_24 sat=56 tol=45 target=56 trust=0.0 phase=active streak=0 cd=-1 mrr=785 bugs=2
PROBE CUST day=135 id=co_lead_81_27 sat=56 tol=51 target=56 trust=0.0 phase=active streak=0 cd=-1 mrr=2720 bugs=2
PROBE CUST day=135 id=co_lead_86_28 sat=56 tol=47 target=56 trust=0.0 phase=active streak=0 cd=-1 mrr=860 bugs=2
PROBE CUST day=135 id=co_lead_91_30 sat=56 tol=47 target=56 trust=0.0 phase=active streak=0 cd=-1 mrr=500 bugs=2
PROBE CUST day=135 id=co_lead_97_33 sat=56 tol=42 target=56 trust=0.0 phase=active streak=0 cd=-1 mrr=500 bugs=2
PROBE CUST day=135 id=co_lead_107_38 sat=56 tol=51 target=56 trust=0.0 phase=onboarding streak=0 cd=-1 mrr=1700 bugs=2
PROBE CUST day=135 id=co_lead_110_39 sat=56 tol=51 target=56 trust=0.0 phase=onboarding streak=0 cd=-1 mrr=1700 bugs=2
PROBE CUST day=135 id=co_lead_113_40 sat=56 tol=42 target=56 trust=0.0 phase=onboarding streak=0 cd=-1 mrr=500 bugs=2
PROBE CUST day=135 id=co_lead_113_41 sat=56 tol=51 target=56 trust=0.0 phase=onboarding streak=0 cd=-1 mrr=1700 bugs=2
PROBE CUST day=135 id=co_lead_123_45 sat=56 tol=42 target=56 trust=0.0 phase=onboarding streak=0 cd=-1 mrr=500 bugs=2
PROBE CUST day=135 id=co_lead_128_46 sat=56 tol=42 target=56 trust=0.0 phase=onboarding streak=0 cd=-1 mrr=425 bugs=2
PROBE CUST day=135 id=co_lead_128_47 sat=56 tol=51 target=56 trust=0.0 phase=onboarding streak=0 cd=-1 mrr=2000 bugs=2
PROBE CUST day=135 id=co_lead_134_49 sat=63 tol=45 target=56 trust=0.0 phase=onboarding streak=0 cd=-1 mrr=500 bugs=2
PROBE SAT day=135 satisfied=21/21 target=56
[HRSystem] Daily tick — 1 employees (0 izinde)
[SalesSystem] Daily tick — MRR $22530
[TimeManager] Daily tick — Day 136 (Δ 14 ms)
PROBE STATE day=136 cash=34078 mrr=22530 brand=50 burn=260 runway=INF cust=21 emp=1 promises=4 phase=2 aud=0 sat=-1 bugs=3 q=44.1 appetite=warming streak=2/3 profit_streak=1
PROBE CUST day=136 id=co_lead_31_4 sat=56 tol=47 target=56 trust=0.0 phase=active streak=0 cd=-1 mrr=785 bugs=3
PROBE CUST day=136 id=co_lead_31_5 sat=56 tol=47 target=56 trust=0.0 phase=active streak=0 cd=-1 mrr=860 bugs=3
PROBE CUST day=136 id=co_lead_37_7 sat=56 tol=42 target=56 trust=0.0 phase=active streak=0 cd=-1 mrr=860 bugs=3
PROBE CUST day=136 id=co_lead_51_13 sat=56 tol=51 target=56 trust=0.0 phase=active streak=0 cd=-1 mrr=2420 bugs=3
PROBE CUST day=136 id=co_lead_58_16 sat=56 tol=42 target=56 trust=0.0 phase=active streak=0 cd=-1 mrr=785 bugs=3
PROBE CUST day=136 id=co_lead_64_19 sat=56 tol=42 target=56 trust=0.0 phase=active streak=0 cd=-1 mrr=785 bugs=3
PROBE CUST day=136 id=co_lead_70_21 sat=56 tol=47 target=56 trust=0.0 phase=active streak=0 cd=-1 mrr=785 bugs=3
PROBE CUST day=136 id=co_lead_70_22 sat=56 tol=45 target=56 trust=0.0 phase=active streak=0 cd=-1 mrr=860 bugs=3
PROBE CUST day=136 id=co_lead_75_24 sat=56 tol=45 target=56 trust=0.0 phase=active streak=0 cd=-1 mrr=785 bugs=3
PROBE CUST day=136 id=co_lead_81_27 sat=56 tol=51 target=56 trust=0.0 phase=active streak=0 cd=-1 mrr=2720 bugs=3
PROBE CUST day=136 id=co_lead_86_28 sat=56 tol=47 target=56 trust=0.0 phase=active streak=0 cd=-1 mrr=860 bugs=3
PROBE CUST day=136 id=co_lead_91_30 sat=56 tol=47 target=56 trust=0.0 phase=active streak=0 cd=-1 mrr=500 bugs=3
PROBE CUST day=136 id=co_lead_97_33 sat=56 tol=42 target=56 trust=0.0 phase=active streak=0 cd=-1 mrr=500 bugs=3
PROBE CUST day=136 id=co_lead_107_38 sat=56 tol=51 target=56 trust=0.0 phase=onboarding streak=0 cd=-1 mrr=1700 bugs=3
PROBE CUST day=136 id=co_lead_110_39 sat=56 tol=51 target=56 trust=0.0 phase=onboarding streak=0 cd=-1 mrr=1700 bugs=3
PROBE CUST day=136 id=co_lead_113_40 sat=56 tol=42 target=56 trust=0.0 phase=onboarding streak=0 cd=-1 mrr=500 bugs=3
PROBE CUST day=136 id=co_lead_113_41 sat=56 tol=51 target=56 trust=0.0 phase=onboarding streak=0 cd=-1 mrr=1700 bugs=3
PROBE CUST day=136 id=co_lead_123_45 sat=56 tol=42 target=56 trust=0.0 phase=onboarding streak=0 cd=-1 mrr=500 bugs=3
PROBE CUST day=136 id=co_lead_128_46 sat=56 tol=42 target=56 trust=0.0 phase=onboarding streak=0 cd=-1 mrr=425 bugs=3
PROBE CUST day=136 id=co_lead_128_47 sat=56 tol=51 target=56 trust=0.0 phase=onboarding streak=0 cd=-1 mrr=2000 bugs=3
PROBE CUST day=136 id=co_lead_134_49 sat=58 tol=45 target=56 trust=0.0 phase=onboarding streak=0 cd=-1 mrr=500 bugs=3
PROBE SAT day=136 satisfied=21/21 target=56
[HRSystem] Daily tick — 1 employees (0 izinde)
PROBE FIRE day=137 hour=0 id=ev_b2b_expand_co_lead_91_30 src=factory:b2b_sales_system:242 (expansion)
[EventManager] Modal requested: ev_b2b_expand_co_lead_91_30
[SalesSystem] Daily tick — MRR $22530
[TimeManager] Daily tick — Day 137 (Δ 16 ms)
PROBE PICK day=137 id=ev_b2b_expand_co_lead_91_30 choice=0 label=Büyüt
[EventManager] Resolved: ev_b2b_expand_co_lead_91_30 choice 0
PROBE PLAY day=137 pitch Marmara Lojistik -> LOST (mrr 22890 -> 22890)
PROBE STATE day=137 cash=34569 mrr=22890 brand=50 burn=260 runway=INF cust=21 emp=1 promises=4 phase=2 aud=0 sat=-1 bugs=4 q=43.8 appetite=warming streak=2/3 profit_streak=1
PROBE CUST day=137 id=co_lead_31_4 sat=55 tol=47 target=55 trust=0.0 phase=active streak=0 cd=-1 mrr=785 bugs=4
PROBE CUST day=137 id=co_lead_31_5 sat=55 tol=47 target=55 trust=0.0 phase=active streak=0 cd=-1 mrr=860 bugs=4
PROBE CUST day=137 id=co_lead_37_7 sat=55 tol=42 target=55 trust=0.0 phase=active streak=0 cd=-1 mrr=860 bugs=4
PROBE CUST day=137 id=co_lead_51_13 sat=55 tol=51 target=55 trust=0.0 phase=active streak=0 cd=-1 mrr=2420 bugs=4
PROBE CUST day=137 id=co_lead_58_16 sat=55 tol=42 target=55 trust=0.0 phase=active streak=0 cd=-1 mrr=785 bugs=4
PROBE CUST day=137 id=co_lead_64_19 sat=55 tol=42 target=55 trust=0.0 phase=active streak=0 cd=-1 mrr=785 bugs=4
PROBE CUST day=137 id=co_lead_70_21 sat=55 tol=47 target=55 trust=0.0 phase=active streak=0 cd=-1 mrr=785 bugs=4
PROBE CUST day=137 id=co_lead_70_22 sat=55 tol=45 target=55 trust=0.0 phase=active streak=0 cd=-1 mrr=860 bugs=4
PROBE CUST day=137 id=co_lead_75_24 sat=55 tol=45 target=55 trust=0.0 phase=active streak=0 cd=-1 mrr=785 bugs=4
PROBE CUST day=137 id=co_lead_81_27 sat=55 tol=51 target=55 trust=0.0 phase=active streak=0 cd=-1 mrr=2720 bugs=4
PROBE CUST day=137 id=co_lead_86_28 sat=55 tol=47 target=55 trust=0.0 phase=active streak=0 cd=-1 mrr=860 bugs=4
PROBE CUST day=137 id=co_lead_91_30 sat=55 tol=47 target=55 trust=0.0 phase=active streak=0 cd=-1 mrr=860 bugs=4
PROBE CUST day=137 id=co_lead_97_33 sat=55 tol=42 target=55 trust=0.0 phase=active streak=0 cd=-1 mrr=500 bugs=4
PROBE CUST day=137 id=co_lead_107_38 sat=55 tol=51 target=55 trust=0.0 phase=onboarding streak=0 cd=-1 mrr=1700 bugs=4
PROBE CUST day=137 id=co_lead_110_39 sat=55 tol=51 target=55 trust=0.0 phase=onboarding streak=0 cd=-1 mrr=1700 bugs=4
PROBE CUST day=137 id=co_lead_113_40 sat=55 tol=42 target=55 trust=0.0 phase=onboarding streak=0 cd=-1 mrr=500 bugs=4
PROBE CUST day=137 id=co_lead_113_41 sat=55 tol=51 target=55 trust=0.0 phase=onboarding streak=0 cd=-1 mrr=1700 bugs=4
PROBE CUST day=137 id=co_lead_123_45 sat=55 tol=42 target=55 trust=0.0 phase=onboarding streak=0 cd=-1 mrr=500 bugs=4
PROBE CUST day=137 id=co_lead_128_46 sat=55 tol=42 target=55 trust=0.0 phase=onboarding streak=0 cd=-1 mrr=425 bugs=4
PROBE CUST day=137 id=co_lead_128_47 sat=55 tol=51 target=55 trust=0.0 phase=onboarding streak=0 cd=-1 mrr=2000 bugs=4
PROBE CUST day=137 id=co_lead_134_49 sat=55 tol=45 target=55 trust=0.0 phase=onboarding streak=0 cd=-1 mrr=500 bugs=4
PROBE SAT day=137 satisfied=21/21 target=55
[HRSystem] Daily tick — 1 employees (0 izinde)
[SalesSystem] Daily tick — MRR $22890
[TimeManager] Daily tick — Day 138 (Δ 16 ms)
PROBE STATE day=138 cash=35072 mrr=22890 brand=50 burn=260 runway=INF cust=21 emp=1 promises=4 phase=2 aud=0 sat=-1 bugs=4 q=43.8 appetite=warming streak=2/3 profit_streak=1
PROBE CUST day=138 id=co_lead_31_4 sat=55 tol=47 target=55 trust=0.0 phase=active streak=0 cd=-1 mrr=785 bugs=4
PROBE CUST day=138 id=co_lead_31_5 sat=55 tol=47 target=55 trust=0.0 phase=active streak=0 cd=-1 mrr=860 bugs=4
PROBE CUST day=138 id=co_lead_37_7 sat=55 tol=42 target=55 trust=0.0 phase=active streak=0 cd=-1 mrr=860 bugs=4
PROBE CUST day=138 id=co_lead_51_13 sat=55 tol=51 target=55 trust=0.0 phase=active streak=0 cd=-1 mrr=2420 bugs=4
PROBE CUST day=138 id=co_lead_58_16 sat=55 tol=42 target=55 trust=0.0 phase=active streak=0 cd=-1 mrr=785 bugs=4
PROBE CUST day=138 id=co_lead_64_19 sat=55 tol=42 target=55 trust=0.0 phase=active streak=0 cd=-1 mrr=785 bugs=4
PROBE CUST day=138 id=co_lead_70_21 sat=55 tol=47 target=55 trust=0.0 phase=active streak=0 cd=-1 mrr=785 bugs=4
PROBE CUST day=138 id=co_lead_70_22 sat=55 tol=45 target=55 trust=0.0 phase=active streak=0 cd=-1 mrr=860 bugs=4
PROBE CUST day=138 id=co_lead_75_24 sat=55 tol=45 target=55 trust=0.0 phase=active streak=0 cd=-1 mrr=785 bugs=4
PROBE CUST day=138 id=co_lead_81_27 sat=55 tol=51 target=55 trust=0.0 phase=active streak=0 cd=-1 mrr=2720 bugs=4
PROBE CUST day=138 id=co_lead_86_28 sat=55 tol=47 target=55 trust=0.0 phase=active streak=0 cd=-1 mrr=860 bugs=4
PROBE CUST day=138 id=co_lead_91_30 sat=55 tol=47 target=55 trust=0.0 phase=active streak=0 cd=-1 mrr=860 bugs=4
PROBE CUST day=138 id=co_lead_97_33 sat=55 tol=42 target=55 trust=0.0 phase=active streak=0 cd=-1 mrr=500 bugs=4
PROBE CUST day=138 id=co_lead_107_38 sat=55 tol=51 target=55 trust=0.0 phase=onboarding streak=0 cd=-1 mrr=1700 bugs=4
PROBE CUST day=138 id=co_lead_110_39 sat=55 tol=51 target=55 trust=0.0 phase=onboarding streak=0 cd=-1 mrr=1700 bugs=4
PROBE CUST day=138 id=co_lead_113_40 sat=55 tol=42 target=55 trust=0.0 phase=onboarding streak=0 cd=-1 mrr=500 bugs=4
PROBE CUST day=138 id=co_lead_113_41 sat=55 tol=51 target=55 trust=0.0 phase=onboarding streak=0 cd=-1 mrr=1700 bugs=4
PROBE CUST day=138 id=co_lead_123_45 sat=55 tol=42 target=55 trust=0.0 phase=onboarding streak=0 cd=-1 mrr=500 bugs=4
PROBE CUST day=138 id=co_lead_128_46 sat=55 tol=42 target=55 trust=0.0 phase=onboarding streak=0 cd=-1 mrr=425 bugs=4
PROBE CUST day=138 id=co_lead_128_47 sat=55 tol=51 target=55 trust=0.0 phase=onboarding streak=0 cd=-1 mrr=2000 bugs=4
PROBE CUST day=138 id=co_lead_134_49 sat=55 tol=45 target=55 trust=0.0 phase=onboarding streak=0 cd=-1 mrr=500 bugs=4
PROBE SAT day=138 satisfied=21/21 target=55
[HRSystem] Daily tick — 1 employees (0 izinde)
[SalesSystem] Daily tick — MRR $22890
[TimeManager] Daily tick — Day 139 (Δ 16 ms)
PROBE PLAY day=139 find_prospects (+2)
PROBE STATE day=139 cash=35575 mrr=22890 brand=50 burn=260 runway=INF cust=21 emp=1 promises=4 phase=2 aud=0 sat=-1 bugs=5 q=43.4 appetite=warming streak=2/3 profit_streak=1
PROBE CUST day=139 id=co_lead_31_4 sat=55 tol=47 target=55 trust=0.0 phase=active streak=0 cd=-1 mrr=785 bugs=5
PROBE CUST day=139 id=co_lead_31_5 sat=55 tol=47 target=55 trust=0.0 phase=active streak=0 cd=-1 mrr=860 bugs=5
PROBE CUST day=139 id=co_lead_37_7 sat=55 tol=42 target=55 trust=0.0 phase=active streak=0 cd=-1 mrr=860 bugs=5
PROBE CUST day=139 id=co_lead_51_13 sat=55 tol=51 target=55 trust=0.0 phase=active streak=0 cd=-1 mrr=2420 bugs=5
PROBE CUST day=139 id=co_lead_58_16 sat=55 tol=42 target=55 trust=0.0 phase=active streak=0 cd=-1 mrr=785 bugs=5
PROBE CUST day=139 id=co_lead_64_19 sat=55 tol=42 target=55 trust=0.0 phase=active streak=0 cd=-1 mrr=785 bugs=5
PROBE CUST day=139 id=co_lead_70_21 sat=55 tol=47 target=55 trust=0.0 phase=active streak=0 cd=-1 mrr=785 bugs=5
PROBE CUST day=139 id=co_lead_70_22 sat=55 tol=45 target=55 trust=0.0 phase=active streak=0 cd=-1 mrr=860 bugs=5
PROBE CUST day=139 id=co_lead_75_24 sat=55 tol=45 target=55 trust=0.0 phase=active streak=0 cd=-1 mrr=785 bugs=5
PROBE CUST day=139 id=co_lead_81_27 sat=55 tol=51 target=55 trust=0.0 phase=active streak=0 cd=-1 mrr=2720 bugs=5
PROBE CUST day=139 id=co_lead_86_28 sat=55 tol=47 target=55 trust=0.0 phase=active streak=0 cd=-1 mrr=860 bugs=5
PROBE CUST day=139 id=co_lead_91_30 sat=55 tol=47 target=55 trust=0.0 phase=active streak=0 cd=-1 mrr=860 bugs=5
PROBE CUST day=139 id=co_lead_97_33 sat=55 tol=42 target=55 trust=0.0 phase=active streak=0 cd=-1 mrr=500 bugs=5
PROBE CUST day=139 id=co_lead_107_38 sat=55 tol=51 target=55 trust=0.0 phase=onboarding streak=0 cd=-1 mrr=1700 bugs=5
PROBE CUST day=139 id=co_lead_110_39 sat=55 tol=51 target=55 trust=0.0 phase=onboarding streak=0 cd=-1 mrr=1700 bugs=5
PROBE CUST day=139 id=co_lead_113_40 sat=55 tol=42 target=55 trust=0.0 phase=onboarding streak=0 cd=-1 mrr=500 bugs=5
PROBE CUST day=139 id=co_lead_113_41 sat=55 tol=51 target=55 trust=0.0 phase=onboarding streak=0 cd=-1 mrr=1700 bugs=5
PROBE CUST day=139 id=co_lead_123_45 sat=55 tol=42 target=55 trust=0.0 phase=onboarding streak=0 cd=-1 mrr=500 bugs=5
PROBE CUST day=139 id=co_lead_128_46 sat=55 tol=42 target=55 trust=0.0 phase=onboarding streak=0 cd=-1 mrr=425 bugs=5
PROBE CUST day=139 id=co_lead_128_47 sat=55 tol=51 target=55 trust=0.0 phase=onboarding streak=0 cd=-1 mrr=2000 bugs=5
PROBE CUST day=139 id=co_lead_134_49 sat=55 tol=45 target=55 trust=0.0 phase=onboarding streak=0 cd=-1 mrr=500 bugs=5
PROBE SAT day=139 satisfied=21/21 target=55
[HRSystem] Daily tick — 1 employees (0 izinde)
[SalesSystem] Daily tick — MRR $22890
[TimeManager] Daily tick — Day 140 (Δ 15 ms)
PROBE PLAY day=140 pitch Poyraz Sigorta -> LOST (mrr 22890 -> 22890)
[ProductSystem] Bug sprint started: 6 bugs, 2 days
PROBE PLAY day=140 bug_sprint bugs=6
PROBE STATE day=140 cash=36078 mrr=22890 brand=50 burn=260 runway=INF cust=21 emp=1 promises=4 phase=2 aud=0 sat=-1 bugs=6 q=43.1 appetite=warming streak=2/3 profit_streak=1
PROBE CUST day=140 id=co_lead_31_4 sat=54 tol=47 target=54 trust=0.0 phase=active streak=0 cd=-1 mrr=785 bugs=6
PROBE CUST day=140 id=co_lead_31_5 sat=54 tol=47 target=54 trust=0.0 phase=active streak=0 cd=-1 mrr=860 bugs=6
PROBE CUST day=140 id=co_lead_37_7 sat=54 tol=42 target=54 trust=0.0 phase=active streak=0 cd=-1 mrr=860 bugs=6
PROBE CUST day=140 id=co_lead_51_13 sat=54 tol=51 target=54 trust=0.0 phase=active streak=0 cd=-1 mrr=2420 bugs=6
PROBE CUST day=140 id=co_lead_58_16 sat=54 tol=42 target=54 trust=0.0 phase=active streak=0 cd=-1 mrr=785 bugs=6
PROBE CUST day=140 id=co_lead_64_19 sat=54 tol=42 target=54 trust=0.0 phase=active streak=0 cd=-1 mrr=785 bugs=6
PROBE CUST day=140 id=co_lead_70_21 sat=54 tol=47 target=54 trust=0.0 phase=active streak=0 cd=-1 mrr=785 bugs=6
PROBE CUST day=140 id=co_lead_70_22 sat=54 tol=45 target=54 trust=0.0 phase=active streak=0 cd=-1 mrr=860 bugs=6
PROBE CUST day=140 id=co_lead_75_24 sat=54 tol=45 target=54 trust=0.0 phase=active streak=0 cd=-1 mrr=785 bugs=6
PROBE CUST day=140 id=co_lead_81_27 sat=54 tol=51 target=54 trust=0.0 phase=active streak=0 cd=-1 mrr=2720 bugs=6
PROBE CUST day=140 id=co_lead_86_28 sat=54 tol=47 target=54 trust=0.0 phase=active streak=0 cd=-1 mrr=860 bugs=6
PROBE CUST day=140 id=co_lead_91_30 sat=54 tol=47 target=54 trust=0.0 phase=active streak=0 cd=-1 mrr=860 bugs=6
PROBE CUST day=140 id=co_lead_97_33 sat=54 tol=42 target=54 trust=0.0 phase=active streak=0 cd=-1 mrr=500 bugs=6
PROBE CUST day=140 id=co_lead_107_38 sat=54 tol=51 target=54 trust=0.0 phase=active streak=0 cd=-1 mrr=1700 bugs=6
PROBE CUST day=140 id=co_lead_110_39 sat=54 tol=51 target=54 trust=0.0 phase=onboarding streak=0 cd=-1 mrr=1700 bugs=6
PROBE CUST day=140 id=co_lead_113_40 sat=54 tol=42 target=54 trust=0.0 phase=onboarding streak=0 cd=-1 mrr=500 bugs=6
PROBE CUST day=140 id=co_lead_113_41 sat=54 tol=51 target=54 trust=0.0 phase=onboarding streak=0 cd=-1 mrr=1700 bugs=6
PROBE CUST day=140 id=co_lead_123_45 sat=54 tol=42 target=54 trust=0.0 phase=onboarding streak=0 cd=-1 mrr=500 bugs=6
PROBE CUST day=140 id=co_lead_128_46 sat=54 tol=42 target=54 trust=0.0 phase=onboarding streak=0 cd=-1 mrr=425 bugs=6
PROBE CUST day=140 id=co_lead_128_47 sat=54 tol=51 target=54 trust=0.0 phase=onboarding streak=0 cd=-1 mrr=2000 bugs=6
PROBE CUST day=140 id=co_lead_134_49 sat=54 tol=45 target=54 trust=0.0 phase=onboarding streak=0 cd=-1 mrr=500 bugs=6
PROBE SAT day=140 satisfied=21/21 target=54
[HRSystem] Daily tick — 1 employees (0 izinde)
[SalesSystem] Daily tick — MRR $22890
[TimeManager] Daily tick — Day 141 (Δ 15 ms)
PROBE STATE day=141 cash=36581 mrr=22890 brand=50 burn=260 runway=INF cust=21 emp=1 promises=4 phase=2 aud=0 sat=-1 bugs=3 q=43.9 appetite=warming streak=2/3 profit_streak=1
PROBE CUST day=141 id=co_lead_31_4 sat=56 tol=47 target=56 trust=0.0 phase=active streak=0 cd=-1 mrr=785 bugs=3
PROBE CUST day=141 id=co_lead_31_5 sat=56 tol=47 target=56 trust=0.0 phase=active streak=0 cd=-1 mrr=860 bugs=3
PROBE CUST day=141 id=co_lead_37_7 sat=56 tol=42 target=56 trust=0.0 phase=active streak=0 cd=-1 mrr=860 bugs=3
PROBE CUST day=141 id=co_lead_51_13 sat=56 tol=51 target=56 trust=0.0 phase=active streak=0 cd=-1 mrr=2420 bugs=3
PROBE CUST day=141 id=co_lead_58_16 sat=56 tol=42 target=56 trust=0.0 phase=active streak=0 cd=-1 mrr=785 bugs=3
PROBE CUST day=141 id=co_lead_64_19 sat=56 tol=42 target=56 trust=0.0 phase=active streak=0 cd=-1 mrr=785 bugs=3
PROBE CUST day=141 id=co_lead_70_21 sat=56 tol=47 target=56 trust=0.0 phase=active streak=0 cd=-1 mrr=785 bugs=3
PROBE CUST day=141 id=co_lead_70_22 sat=56 tol=45 target=56 trust=0.0 phase=active streak=0 cd=-1 mrr=860 bugs=3
PROBE CUST day=141 id=co_lead_75_24 sat=56 tol=45 target=56 trust=0.0 phase=active streak=0 cd=-1 mrr=785 bugs=3
PROBE CUST day=141 id=co_lead_81_27 sat=56 tol=51 target=56 trust=0.0 phase=active streak=0 cd=-1 mrr=2720 bugs=3
PROBE CUST day=141 id=co_lead_86_28 sat=56 tol=47 target=56 trust=0.0 phase=active streak=0 cd=-1 mrr=860 bugs=3
PROBE CUST day=141 id=co_lead_91_30 sat=56 tol=47 target=56 trust=0.0 phase=active streak=0 cd=-1 mrr=860 bugs=3
PROBE CUST day=141 id=co_lead_97_33 sat=56 tol=42 target=56 trust=0.0 phase=active streak=0 cd=-1 mrr=500 bugs=3
PROBE CUST day=141 id=co_lead_107_38 sat=56 tol=51 target=56 trust=0.0 phase=active streak=0 cd=-1 mrr=1700 bugs=3
PROBE CUST day=141 id=co_lead_110_39 sat=56 tol=51 target=56 trust=0.0 phase=onboarding streak=0 cd=-1 mrr=1700 bugs=3
PROBE CUST day=141 id=co_lead_113_40 sat=56 tol=42 target=56 trust=0.0 phase=onboarding streak=0 cd=-1 mrr=500 bugs=3
PROBE CUST day=141 id=co_lead_113_41 sat=56 tol=51 target=56 trust=0.0 phase=onboarding streak=0 cd=-1 mrr=1700 bugs=3
PROBE CUST day=141 id=co_lead_123_45 sat=56 tol=42 target=56 trust=0.0 phase=onboarding streak=0 cd=-1 mrr=500 bugs=3
PROBE CUST day=141 id=co_lead_128_46 sat=56 tol=42 target=56 trust=0.0 phase=onboarding streak=0 cd=-1 mrr=425 bugs=3
PROBE CUST day=141 id=co_lead_128_47 sat=56 tol=51 target=56 trust=0.0 phase=onboarding streak=0 cd=-1 mrr=2000 bugs=3
PROBE CUST day=141 id=co_lead_134_49 sat=56 tol=45 target=56 trust=0.0 phase=onboarding streak=0 cd=-1 mrr=500 bugs=3
PROBE SAT day=141 satisfied=21/21 target=56
[ProductSystem] Bug sprint complete. live_bug now 0
[HRSystem] Daily tick — 1 employees (0 izinde)
[SalesSystem] Daily tick — MRR $22890
[TimeManager] Daily tick — Day 142 (Δ 13 ms)
PROBE PLAY day=142 pitch Marmara Lojistik -> LOST (mrr 22890 -> 22890)
PROBE STATE day=142 cash=37084 mrr=22890 brand=50 burn=260 runway=INF cust=21 emp=1 promises=4 phase=2 aud=0 sat=-1 bugs=0 q=44.7 appetite=warming streak=2/3 profit_streak=1
PROBE CUST day=142 id=co_lead_31_4 sat=58 tol=47 target=58 trust=0.0 phase=active streak=0 cd=-1 mrr=785 bugs=0
PROBE CUST day=142 id=co_lead_31_5 sat=58 tol=47 target=58 trust=0.0 phase=active streak=0 cd=-1 mrr=860 bugs=0
PROBE CUST day=142 id=co_lead_37_7 sat=58 tol=42 target=58 trust=0.0 phase=active streak=0 cd=-1 mrr=860 bugs=0
PROBE CUST day=142 id=co_lead_51_13 sat=58 tol=51 target=58 trust=0.0 phase=active streak=0 cd=-1 mrr=2420 bugs=0
PROBE CUST day=142 id=co_lead_58_16 sat=58 tol=42 target=58 trust=0.0 phase=active streak=0 cd=-1 mrr=785 bugs=0
PROBE CUST day=142 id=co_lead_64_19 sat=58 tol=42 target=58 trust=0.0 phase=active streak=0 cd=-1 mrr=785 bugs=0
PROBE CUST day=142 id=co_lead_70_21 sat=58 tol=47 target=58 trust=0.0 phase=active streak=0 cd=-1 mrr=785 bugs=0
PROBE CUST day=142 id=co_lead_70_22 sat=58 tol=45 target=58 trust=0.0 phase=active streak=0 cd=-1 mrr=860 bugs=0
PROBE CUST day=142 id=co_lead_75_24 sat=58 tol=45 target=58 trust=0.0 phase=active streak=0 cd=-1 mrr=785 bugs=0
PROBE CUST day=142 id=co_lead_81_27 sat=58 tol=51 target=58 trust=0.0 phase=active streak=0 cd=-1 mrr=2720 bugs=0
PROBE CUST day=142 id=co_lead_86_28 sat=58 tol=47 target=58 trust=0.0 phase=active streak=0 cd=-1 mrr=860 bugs=0
PROBE CUST day=142 id=co_lead_91_30 sat=58 tol=47 target=58 trust=0.0 phase=active streak=0 cd=-1 mrr=860 bugs=0
PROBE CUST day=142 id=co_lead_97_33 sat=58 tol=42 target=58 trust=0.0 phase=active streak=0 cd=-1 mrr=500 bugs=0
PROBE CUST day=142 id=co_lead_107_38 sat=58 tol=51 target=58 trust=0.0 phase=active streak=0 cd=-1 mrr=1700 bugs=0
PROBE CUST day=142 id=co_lead_110_39 sat=58 tol=51 target=58 trust=0.0 phase=active streak=0 cd=-1 mrr=1700 bugs=0
PROBE CUST day=142 id=co_lead_113_40 sat=58 tol=42 target=58 trust=0.0 phase=onboarding streak=0 cd=-1 mrr=500 bugs=0
PROBE CUST day=142 id=co_lead_113_41 sat=58 tol=51 target=58 trust=0.0 phase=onboarding streak=0 cd=-1 mrr=1700 bugs=0
PROBE CUST day=142 id=co_lead_123_45 sat=58 tol=42 target=58 trust=0.0 phase=onboarding streak=0 cd=-1 mrr=500 bugs=0
PROBE CUST day=142 id=co_lead_128_46 sat=58 tol=42 target=58 trust=0.0 phase=onboarding streak=0 cd=-1 mrr=425 bugs=0
PROBE CUST day=142 id=co_lead_128_47 sat=58 tol=51 target=58 trust=0.0 phase=onboarding streak=0 cd=-1 mrr=2000 bugs=0
PROBE CUST day=142 id=co_lead_134_49 sat=58 tol=45 target=58 trust=0.0 phase=onboarding streak=0 cd=-1 mrr=500 bugs=0
PROBE SAT day=142 satisfied=21/21 target=58
[HRSystem] Daily tick — 1 employees (0 izinde)
PROBE FIRE day=143 hour=0 id=ev_b2b_expand_co_lead_97_33 src=factory:b2b_sales_system:242 (expansion)
[EventManager] Modal requested: ev_b2b_expand_co_lead_97_33
[SalesSystem] Daily tick — MRR $22890
[TimeManager] Daily tick — Day 143 (Δ 17 ms)
PROBE PICK day=143 id=ev_b2b_expand_co_lead_97_33 choice=0 label=Büyüt
[EventManager] Resolved: ev_b2b_expand_co_lead_97_33 choice 0
PROBE STATE day=143 cash=37587 mrr=23250 brand=50 burn=260 runway=INF cust=21 emp=1 promises=4 phase=2 aud=0 sat=-1 bugs=0 q=44.7 appetite=warming streak=2/3 profit_streak=1
PROBE CUST day=143 id=co_lead_31_4 sat=58 tol=47 target=58 trust=0.0 phase=active streak=0 cd=-1 mrr=785 bugs=0
PROBE CUST day=143 id=co_lead_31_5 sat=58 tol=47 target=58 trust=0.0 phase=active streak=0 cd=-1 mrr=860 bugs=0
PROBE CUST day=143 id=co_lead_37_7 sat=58 tol=42 target=58 trust=0.0 phase=active streak=0 cd=-1 mrr=860 bugs=0
PROBE CUST day=143 id=co_lead_51_13 sat=58 tol=51 target=58 trust=0.0 phase=active streak=0 cd=-1 mrr=2420 bugs=0
PROBE CUST day=143 id=co_lead_58_16 sat=58 tol=42 target=58 trust=0.0 phase=active streak=0 cd=-1 mrr=785 bugs=0
PROBE CUST day=143 id=co_lead_64_19 sat=58 tol=42 target=58 trust=0.0 phase=active streak=0 cd=-1 mrr=785 bugs=0
PROBE CUST day=143 id=co_lead_70_21 sat=58 tol=47 target=58 trust=0.0 phase=active streak=0 cd=-1 mrr=785 bugs=0
PROBE CUST day=143 id=co_lead_70_22 sat=58 tol=45 target=58 trust=0.0 phase=active streak=0 cd=-1 mrr=860 bugs=0
PROBE CUST day=143 id=co_lead_75_24 sat=58 tol=45 target=58 trust=0.0 phase=active streak=0 cd=-1 mrr=785 bugs=0
PROBE CUST day=143 id=co_lead_81_27 sat=58 tol=51 target=58 trust=0.0 phase=active streak=0 cd=-1 mrr=2720 bugs=0
PROBE CUST day=143 id=co_lead_86_28 sat=58 tol=47 target=58 trust=0.0 phase=active streak=0 cd=-1 mrr=860 bugs=0
PROBE CUST day=143 id=co_lead_91_30 sat=58 tol=47 target=58 trust=0.0 phase=active streak=0 cd=-1 mrr=860 bugs=0
PROBE CUST day=143 id=co_lead_97_33 sat=58 tol=42 target=58 trust=0.0 phase=active streak=0 cd=-1 mrr=860 bugs=0
PROBE CUST day=143 id=co_lead_107_38 sat=58 tol=51 target=58 trust=0.0 phase=active streak=0 cd=-1 mrr=1700 bugs=0
PROBE CUST day=143 id=co_lead_110_39 sat=58 tol=51 target=58 trust=0.0 phase=active streak=0 cd=-1 mrr=1700 bugs=0
PROBE CUST day=143 id=co_lead_113_40 sat=58 tol=42 target=58 trust=0.0 phase=onboarding streak=0 cd=-1 mrr=500 bugs=0
PROBE CUST day=143 id=co_lead_113_41 sat=58 tol=51 target=58 trust=0.0 phase=onboarding streak=0 cd=-1 mrr=1700 bugs=0
PROBE CUST day=143 id=co_lead_123_45 sat=58 tol=42 target=58 trust=0.0 phase=onboarding streak=0 cd=-1 mrr=500 bugs=0
PROBE CUST day=143 id=co_lead_128_46 sat=58 tol=42 target=58 trust=0.0 phase=onboarding streak=0 cd=-1 mrr=425 bugs=0
PROBE CUST day=143 id=co_lead_128_47 sat=58 tol=51 target=58 trust=0.0 phase=onboarding streak=0 cd=-1 mrr=2000 bugs=0
PROBE CUST day=143 id=co_lead_134_49 sat=58 tol=45 target=58 trust=0.0 phase=onboarding streak=0 cd=-1 mrr=500 bugs=0
PROBE SAT day=143 satisfied=21/21 target=58
PROBE FIRE day=143 hour=11 id=ev_ps_referral_b2b src=pool
[EventManager] Eligible: ev_ps_referral_b2b
[EventManager] Modal requested: ev_ps_referral_b2b
PROBE PICK day=143 id=ev_ps_referral_b2b choice=0 label=Kabul et — özellik sözü ver
[EventManager] Resolved: ev_ps_referral_b2b choice 0
[HRSystem] Daily tick — 1 employees (0 izinde)
[SalesSystem] Daily tick — MRR $23250
[TimeManager] Daily tick — Day 144 (Δ 18 ms)
PROBE PLAY day=144 pitch Marmara Lojistik -> LOST (mrr 23250 -> 23250)
PROBE STATE day=144 cash=37702 mrr=23250 brand=50 burn=260 runway=INF cust=21 emp=1 promises=4 phase=2 aud=0 sat=-1 bugs=1 q=44.4 appetite=warming streak=2/3 profit_streak=1
PROBE CUST day=144 id=co_lead_31_4 sat=57 tol=47 target=57 trust=0.0 phase=active streak=0 cd=-1 mrr=785 bugs=1
PROBE CUST day=144 id=co_lead_31_5 sat=57 tol=47 target=57 trust=0.0 phase=active streak=0 cd=-1 mrr=860 bugs=1
PROBE CUST day=144 id=co_lead_37_7 sat=57 tol=42 target=57 trust=0.0 phase=active streak=0 cd=-1 mrr=860 bugs=1
PROBE CUST day=144 id=co_lead_51_13 sat=57 tol=51 target=57 trust=0.0 phase=active streak=0 cd=-1 mrr=2420 bugs=1
PROBE CUST day=144 id=co_lead_58_16 sat=57 tol=42 target=57 trust=0.0 phase=active streak=0 cd=-1 mrr=785 bugs=1
PROBE CUST day=144 id=co_lead_64_19 sat=57 tol=42 target=57 trust=0.0 phase=active streak=0 cd=-1 mrr=785 bugs=1
PROBE CUST day=144 id=co_lead_70_21 sat=57 tol=47 target=57 trust=0.0 phase=active streak=0 cd=-1 mrr=785 bugs=1
PROBE CUST day=144 id=co_lead_70_22 sat=57 tol=45 target=57 trust=0.0 phase=active streak=0 cd=-1 mrr=860 bugs=1
PROBE CUST day=144 id=co_lead_75_24 sat=57 tol=45 target=57 trust=0.0 phase=active streak=0 cd=-1 mrr=785 bugs=1
PROBE CUST day=144 id=co_lead_81_27 sat=57 tol=51 target=57 trust=0.0 phase=active streak=0 cd=-1 mrr=2720 bugs=1
PROBE CUST day=144 id=co_lead_86_28 sat=57 tol=47 target=57 trust=0.0 phase=active streak=0 cd=-1 mrr=860 bugs=1
PROBE CUST day=144 id=co_lead_91_30 sat=57 tol=47 target=57 trust=0.0 phase=active streak=0 cd=-1 mrr=860 bugs=1
PROBE CUST day=144 id=co_lead_97_33 sat=57 tol=42 target=57 trust=0.0 phase=active streak=0 cd=-1 mrr=860 bugs=1
PROBE CUST day=144 id=co_lead_107_38 sat=57 tol=51 target=57 trust=0.0 phase=active streak=0 cd=-1 mrr=1700 bugs=1
PROBE CUST day=144 id=co_lead_110_39 sat=57 tol=51 target=57 trust=0.0 phase=active streak=0 cd=-1 mrr=1700 bugs=1
PROBE CUST day=144 id=co_lead_113_40 sat=57 tol=42 target=57 trust=0.0 phase=active streak=0 cd=-1 mrr=500 bugs=1
PROBE CUST day=144 id=co_lead_113_41 sat=57 tol=51 target=57 trust=0.0 phase=onboarding streak=0 cd=-1 mrr=1700 bugs=1
PROBE CUST day=144 id=co_lead_123_45 sat=57 tol=42 target=57 trust=0.0 phase=onboarding streak=0 cd=-1 mrr=500 bugs=1
PROBE CUST day=144 id=co_lead_128_46 sat=57 tol=42 target=57 trust=0.0 phase=onboarding streak=0 cd=-1 mrr=425 bugs=1
PROBE CUST day=144 id=co_lead_128_47 sat=57 tol=51 target=57 trust=0.0 phase=onboarding streak=0 cd=-1 mrr=2000 bugs=1
PROBE CUST day=144 id=co_lead_134_49 sat=57 tol=45 target=57 trust=0.0 phase=onboarding streak=0 cd=-1 mrr=500 bugs=1
PROBE SAT day=144 satisfied=21/21 target=57
[HRSystem] Daily tick — 1 employees (0 izinde)
[SalesSystem] Daily tick — MRR $23250
[TimeManager] Daily tick — Day 145 (Δ 14 ms)
PROBE PLAY day=145 find_prospects (+2)
PROBE STATE day=145 cash=38217 mrr=23250 brand=50 burn=260 runway=INF cust=21 emp=1 promises=4 phase=2 aud=0 sat=-1 bugs=2 q=44.0 appetite=warming streak=2/3 profit_streak=1
PROBE CUST day=145 id=co_lead_31_4 sat=56 tol=47 target=56 trust=0.0 phase=active streak=0 cd=-1 mrr=785 bugs=2
PROBE CUST day=145 id=co_lead_31_5 sat=56 tol=47 target=56 trust=0.0 phase=active streak=0 cd=-1 mrr=860 bugs=2
PROBE CUST day=145 id=co_lead_37_7 sat=56 tol=42 target=56 trust=0.0 phase=active streak=0 cd=-1 mrr=860 bugs=2
PROBE CUST day=145 id=co_lead_51_13 sat=56 tol=51 target=56 trust=0.0 phase=active streak=0 cd=-1 mrr=2420 bugs=2
PROBE CUST day=145 id=co_lead_58_16 sat=56 tol=42 target=56 trust=0.0 phase=active streak=0 cd=-1 mrr=785 bugs=2
PROBE CUST day=145 id=co_lead_64_19 sat=56 tol=42 target=56 trust=0.0 phase=active streak=0 cd=-1 mrr=785 bugs=2
PROBE CUST day=145 id=co_lead_70_21 sat=56 tol=47 target=56 trust=0.0 phase=active streak=0 cd=-1 mrr=785 bugs=2
PROBE CUST day=145 id=co_lead_70_22 sat=56 tol=45 target=56 trust=0.0 phase=active streak=0 cd=-1 mrr=860 bugs=2
PROBE CUST day=145 id=co_lead_75_24 sat=56 tol=45 target=56 trust=0.0 phase=active streak=0 cd=-1 mrr=785 bugs=2
PROBE CUST day=145 id=co_lead_81_27 sat=56 tol=51 target=56 trust=0.0 phase=active streak=0 cd=-1 mrr=2720 bugs=2
PROBE CUST day=145 id=co_lead_86_28 sat=56 tol=47 target=56 trust=0.0 phase=active streak=0 cd=-1 mrr=860 bugs=2
PROBE CUST day=145 id=co_lead_91_30 sat=56 tol=47 target=56 trust=0.0 phase=active streak=0 cd=-1 mrr=860 bugs=2
PROBE CUST day=145 id=co_lead_97_33 sat=56 tol=42 target=56 trust=0.0 phase=active streak=0 cd=-1 mrr=860 bugs=2
PROBE CUST day=145 id=co_lead_107_38 sat=56 tol=51 target=56 trust=0.0 phase=active streak=0 cd=-1 mrr=1700 bugs=2
PROBE CUST day=145 id=co_lead_110_39 sat=56 tol=51 target=56 trust=0.0 phase=active streak=0 cd=-1 mrr=1700 bugs=2
PROBE CUST day=145 id=co_lead_113_40 sat=56 tol=42 target=56 trust=0.0 phase=active streak=0 cd=-1 mrr=500 bugs=2
PROBE CUST day=145 id=co_lead_113_41 sat=56 tol=51 target=56 trust=0.0 phase=onboarding streak=0 cd=-1 mrr=1700 bugs=2
PROBE CUST day=145 id=co_lead_123_45 sat=56 tol=42 target=56 trust=0.0 phase=onboarding streak=0 cd=-1 mrr=500 bugs=2
PROBE CUST day=145 id=co_lead_128_46 sat=56 tol=42 target=56 trust=0.0 phase=onboarding streak=0 cd=-1 mrr=425 bugs=2
PROBE CUST day=145 id=co_lead_128_47 sat=56 tol=51 target=56 trust=0.0 phase=onboarding streak=0 cd=-1 mrr=2000 bugs=2
PROBE CUST day=145 id=co_lead_134_49 sat=56 tol=45 target=56 trust=0.0 phase=onboarding streak=0 cd=-1 mrr=500 bugs=2
PROBE SAT day=145 satisfied=21/21 target=56
[HRSystem] Daily tick — 1 employees (0 izinde)
[SalesSystem] Daily tick — MRR $23250
[TimeManager] Daily tick — Day 146 (Δ 20 ms)
PROBE PLAY day=146 pitch Donau Bau -> CALLBACK (mrr 23250 -> 23250)
PROBE STATE day=146 cash=38732 mrr=23250 brand=50 burn=260 runway=INF cust=21 emp=1 promises=4 phase=2 aud=0 sat=-1 bugs=2 q=44.0 appetite=warming streak=2/3 profit_streak=1
PROBE CUST day=146 id=co_lead_31_4 sat=56 tol=47 target=56 trust=0.0 phase=active streak=0 cd=-1 mrr=785 bugs=2
PROBE CUST day=146 id=co_lead_31_5 sat=56 tol=47 target=56 trust=0.0 phase=active streak=0 cd=-1 mrr=860 bugs=2
PROBE CUST day=146 id=co_lead_37_7 sat=56 tol=42 target=56 trust=0.0 phase=active streak=0 cd=-1 mrr=860 bugs=2
PROBE CUST day=146 id=co_lead_51_13 sat=56 tol=51 target=56 trust=0.0 phase=active streak=0 cd=-1 mrr=2420 bugs=2
PROBE CUST day=146 id=co_lead_58_16 sat=56 tol=42 target=56 trust=0.0 phase=active streak=0 cd=-1 mrr=785 bugs=2
PROBE CUST day=146 id=co_lead_64_19 sat=56 tol=42 target=56 trust=0.0 phase=active streak=0 cd=-1 mrr=785 bugs=2
PROBE CUST day=146 id=co_lead_70_21 sat=56 tol=47 target=56 trust=0.0 phase=active streak=0 cd=-1 mrr=785 bugs=2
PROBE CUST day=146 id=co_lead_70_22 sat=56 tol=45 target=56 trust=0.0 phase=active streak=0 cd=-1 mrr=860 bugs=2
PROBE CUST day=146 id=co_lead_75_24 sat=56 tol=45 target=56 trust=0.0 phase=active streak=0 cd=-1 mrr=785 bugs=2
PROBE CUST day=146 id=co_lead_81_27 sat=56 tol=51 target=56 trust=0.0 phase=active streak=0 cd=-1 mrr=2720 bugs=2
PROBE CUST day=146 id=co_lead_86_28 sat=56 tol=47 target=56 trust=0.0 phase=active streak=0 cd=-1 mrr=860 bugs=2
PROBE CUST day=146 id=co_lead_91_30 sat=56 tol=47 target=56 trust=0.0 phase=active streak=0 cd=-1 mrr=860 bugs=2
PROBE CUST day=146 id=co_lead_97_33 sat=56 tol=42 target=56 trust=0.0 phase=active streak=0 cd=-1 mrr=860 bugs=2
PROBE CUST day=146 id=co_lead_107_38 sat=56 tol=51 target=56 trust=0.0 phase=active streak=0 cd=-1 mrr=1700 bugs=2
PROBE CUST day=146 id=co_lead_110_39 sat=56 tol=51 target=56 trust=0.0 phase=active streak=0 cd=-1 mrr=1700 bugs=2
PROBE CUST day=146 id=co_lead_113_40 sat=56 tol=42 target=56 trust=0.0 phase=active streak=0 cd=-1 mrr=500 bugs=2
PROBE CUST day=146 id=co_lead_113_41 sat=56 tol=51 target=56 trust=0.0 phase=active streak=0 cd=-1 mrr=1700 bugs=2
PROBE CUST day=146 id=co_lead_123_45 sat=56 tol=42 target=56 trust=0.0 phase=onboarding streak=0 cd=-1 mrr=500 bugs=2
PROBE CUST day=146 id=co_lead_128_46 sat=56 tol=42 target=56 trust=0.0 phase=onboarding streak=0 cd=-1 mrr=425 bugs=2
PROBE CUST day=146 id=co_lead_128_47 sat=56 tol=51 target=56 trust=0.0 phase=onboarding streak=0 cd=-1 mrr=2000 bugs=2
PROBE CUST day=146 id=co_lead_134_49 sat=56 tol=45 target=56 trust=0.0 phase=onboarding streak=0 cd=-1 mrr=500 bugs=2
PROBE SAT day=146 satisfied=21/21 target=56
[HRSystem] Daily tick — 1 employees (0 izinde)
[SalesSystem] Daily tick — MRR $23250
[TimeManager] Daily tick — Day 147 (Δ 16 ms)
PROBE STATE day=147 cash=39247 mrr=23250 brand=50 burn=260 runway=INF cust=21 emp=1 promises=4 phase=2 aud=0 sat=-1 bugs=3 q=43.7 appetite=warming streak=2/3 profit_streak=1
PROBE CUST day=147 id=co_lead_31_4 sat=56 tol=47 target=56 trust=0.0 phase=active streak=0 cd=-1 mrr=785 bugs=3
PROBE CUST day=147 id=co_lead_31_5 sat=56 tol=47 target=56 trust=0.0 phase=active streak=0 cd=-1 mrr=860 bugs=3
PROBE CUST day=147 id=co_lead_37_7 sat=56 tol=42 target=56 trust=0.0 phase=active streak=0 cd=-1 mrr=860 bugs=3
PROBE CUST day=147 id=co_lead_51_13 sat=56 tol=51 target=56 trust=0.0 phase=active streak=0 cd=-1 mrr=2420 bugs=3
PROBE CUST day=147 id=co_lead_58_16 sat=56 tol=42 target=56 trust=0.0 phase=active streak=0 cd=-1 mrr=785 bugs=3
PROBE CUST day=147 id=co_lead_64_19 sat=56 tol=42 target=56 trust=0.0 phase=active streak=0 cd=-1 mrr=785 bugs=3
PROBE CUST day=147 id=co_lead_70_21 sat=56 tol=47 target=56 trust=0.0 phase=active streak=0 cd=-1 mrr=785 bugs=3
PROBE CUST day=147 id=co_lead_70_22 sat=56 tol=45 target=56 trust=0.0 phase=active streak=0 cd=-1 mrr=860 bugs=3
PROBE CUST day=147 id=co_lead_75_24 sat=56 tol=45 target=56 trust=0.0 phase=active streak=0 cd=-1 mrr=785 bugs=3
PROBE CUST day=147 id=co_lead_81_27 sat=56 tol=51 target=56 trust=0.0 phase=active streak=0 cd=-1 mrr=2720 bugs=3
PROBE CUST day=147 id=co_lead_86_28 sat=56 tol=47 target=56 trust=0.0 phase=active streak=0 cd=-1 mrr=860 bugs=3
PROBE CUST day=147 id=co_lead_91_30 sat=56 tol=47 target=56 trust=0.0 phase=active streak=0 cd=-1 mrr=860 bugs=3
PROBE CUST day=147 id=co_lead_97_33 sat=56 tol=42 target=56 trust=0.0 phase=active streak=0 cd=-1 mrr=860 bugs=3
PROBE CUST day=147 id=co_lead_107_38 sat=56 tol=51 target=56 trust=0.0 phase=active streak=0 cd=-1 mrr=1700 bugs=3
PROBE CUST day=147 id=co_lead_110_39 sat=56 tol=51 target=56 trust=0.0 phase=active streak=0 cd=-1 mrr=1700 bugs=3
PROBE CUST day=147 id=co_lead_113_40 sat=56 tol=42 target=56 trust=0.0 phase=active streak=0 cd=-1 mrr=500 bugs=3
PROBE CUST day=147 id=co_lead_113_41 sat=56 tol=51 target=56 trust=0.0 phase=active streak=0 cd=-1 mrr=1700 bugs=3
PROBE CUST day=147 id=co_lead_123_45 sat=56 tol=42 target=56 trust=0.0 phase=onboarding streak=0 cd=-1 mrr=500 bugs=3
PROBE CUST day=147 id=co_lead_128_46 sat=56 tol=42 target=56 trust=0.0 phase=onboarding streak=0 cd=-1 mrr=425 bugs=3
PROBE CUST day=147 id=co_lead_128_47 sat=56 tol=51 target=56 trust=0.0 phase=onboarding streak=0 cd=-1 mrr=2000 bugs=3
PROBE CUST day=147 id=co_lead_134_49 sat=56 tol=45 target=56 trust=0.0 phase=onboarding streak=0 cd=-1 mrr=500 bugs=3
PROBE SAT day=147 satisfied=21/21 target=56
[HRSystem] Daily tick — 1 employees (0 izinde)
[SalesSystem] Daily tick — MRR $23250
[TimeManager] Daily tick — Day 148 (Δ 14 ms)
PROBE PLAY day=148 pitch Donau Bau -> CALLBACK (mrr 23250 -> 23250)
PROBE STATE day=148 cash=39762 mrr=23250 brand=50 burn=260 runway=INF cust=21 emp=1 promises=4 phase=2 aud=0 sat=-1 bugs=4 q=43.3 appetite=warming streak=2/3 profit_streak=1
PROBE CUST day=148 id=co_lead_31_4 sat=55 tol=47 target=55 trust=0.0 phase=active streak=0 cd=-1 mrr=785 bugs=4
PROBE CUST day=148 id=co_lead_31_5 sat=55 tol=47 target=55 trust=0.0 phase=active streak=0 cd=-1 mrr=860 bugs=4
PROBE CUST day=148 id=co_lead_37_7 sat=55 tol=42 target=55 trust=0.0 phase=active streak=0 cd=-1 mrr=860 bugs=4
PROBE CUST day=148 id=co_lead_51_13 sat=55 tol=51 target=55 trust=0.0 phase=active streak=0 cd=-1 mrr=2420 bugs=4
PROBE CUST day=148 id=co_lead_58_16 sat=55 tol=42 target=55 trust=0.0 phase=active streak=0 cd=-1 mrr=785 bugs=4
PROBE CUST day=148 id=co_lead_64_19 sat=55 tol=42 target=55 trust=0.0 phase=active streak=0 cd=-1 mrr=785 bugs=4
PROBE CUST day=148 id=co_lead_70_21 sat=55 tol=47 target=55 trust=0.0 phase=active streak=0 cd=-1 mrr=785 bugs=4
PROBE CUST day=148 id=co_lead_70_22 sat=55 tol=45 target=55 trust=0.0 phase=active streak=0 cd=-1 mrr=860 bugs=4
PROBE CUST day=148 id=co_lead_75_24 sat=55 tol=45 target=55 trust=0.0 phase=active streak=0 cd=-1 mrr=785 bugs=4
PROBE CUST day=148 id=co_lead_81_27 sat=55 tol=51 target=55 trust=0.0 phase=active streak=0 cd=-1 mrr=2720 bugs=4
PROBE CUST day=148 id=co_lead_86_28 sat=55 tol=47 target=55 trust=0.0 phase=active streak=0 cd=-1 mrr=860 bugs=4
PROBE CUST day=148 id=co_lead_91_30 sat=55 tol=47 target=55 trust=0.0 phase=active streak=0 cd=-1 mrr=860 bugs=4
PROBE CUST day=148 id=co_lead_97_33 sat=55 tol=42 target=55 trust=0.0 phase=active streak=0 cd=-1 mrr=860 bugs=4
PROBE CUST day=148 id=co_lead_107_38 sat=55 tol=51 target=55 trust=0.0 phase=active streak=0 cd=-1 mrr=1700 bugs=4
PROBE CUST day=148 id=co_lead_110_39 sat=55 tol=51 target=55 trust=0.0 phase=active streak=0 cd=-1 mrr=1700 bugs=4
PROBE CUST day=148 id=co_lead_113_40 sat=55 tol=42 target=55 trust=0.0 phase=active streak=0 cd=-1 mrr=500 bugs=4
PROBE CUST day=148 id=co_lead_113_41 sat=55 tol=51 target=55 trust=0.0 phase=active streak=0 cd=-1 mrr=1700 bugs=4
PROBE CUST day=148 id=co_lead_123_45 sat=55 tol=42 target=55 trust=0.0 phase=onboarding streak=0 cd=-1 mrr=500 bugs=4
PROBE CUST day=148 id=co_lead_128_46 sat=55 tol=42 target=55 trust=0.0 phase=onboarding streak=0 cd=-1 mrr=425 bugs=4
PROBE CUST day=148 id=co_lead_128_47 sat=55 tol=51 target=55 trust=0.0 phase=onboarding streak=0 cd=-1 mrr=2000 bugs=4
PROBE CUST day=148 id=co_lead_134_49 sat=55 tol=45 target=55 trust=0.0 phase=onboarding streak=0 cd=-1 mrr=500 bugs=4
PROBE SAT day=148 satisfied=21/21 target=55
[HRSystem] Daily tick — 1 employees (0 izinde)
[SalesSystem] Daily tick — MRR $23250
[TimeManager] Daily tick — Day 149 (Δ 18 ms)
PROBE STATE day=149 cash=40277 mrr=23250 brand=50 burn=260 runway=INF cust=21 emp=1 promises=4 phase=2 aud=0 sat=-1 bugs=4 q=43.3 appetite=warming streak=2/3 profit_streak=1
PROBE CUST day=149 id=co_lead_31_4 sat=55 tol=47 target=55 trust=0.0 phase=active streak=0 cd=-1 mrr=785 bugs=4
PROBE CUST day=149 id=co_lead_31_5 sat=55 tol=47 target=55 trust=0.0 phase=active streak=0 cd=-1 mrr=860 bugs=4
PROBE CUST day=149 id=co_lead_37_7 sat=55 tol=42 target=55 trust=0.0 phase=active streak=0 cd=-1 mrr=860 bugs=4
PROBE CUST day=149 id=co_lead_51_13 sat=55 tol=51 target=55 trust=0.0 phase=active streak=0 cd=-1 mrr=2420 bugs=4
PROBE CUST day=149 id=co_lead_58_16 sat=55 tol=42 target=55 trust=0.0 phase=active streak=0 cd=-1 mrr=785 bugs=4
PROBE CUST day=149 id=co_lead_64_19 sat=55 tol=42 target=55 trust=0.0 phase=active streak=0 cd=-1 mrr=785 bugs=4
PROBE CUST day=149 id=co_lead_70_21 sat=55 tol=47 target=55 trust=0.0 phase=active streak=0 cd=-1 mrr=785 bugs=4
PROBE CUST day=149 id=co_lead_70_22 sat=55 tol=45 target=55 trust=0.0 phase=active streak=0 cd=-1 mrr=860 bugs=4
PROBE CUST day=149 id=co_lead_75_24 sat=55 tol=45 target=55 trust=0.0 phase=active streak=0 cd=-1 mrr=785 bugs=4
PROBE CUST day=149 id=co_lead_81_27 sat=55 tol=51 target=55 trust=0.0 phase=active streak=0 cd=-1 mrr=2720 bugs=4
PROBE CUST day=149 id=co_lead_86_28 sat=55 tol=47 target=55 trust=0.0 phase=active streak=0 cd=-1 mrr=860 bugs=4
PROBE CUST day=149 id=co_lead_91_30 sat=55 tol=47 target=55 trust=0.0 phase=active streak=0 cd=-1 mrr=860 bugs=4
PROBE CUST day=149 id=co_lead_97_33 sat=55 tol=42 target=55 trust=0.0 phase=active streak=0 cd=-1 mrr=860 bugs=4
PROBE CUST day=149 id=co_lead_107_38 sat=55 tol=51 target=55 trust=0.0 phase=active streak=0 cd=-1 mrr=1700 bugs=4
PROBE CUST day=149 id=co_lead_110_39 sat=55 tol=51 target=55 trust=0.0 phase=active streak=0 cd=-1 mrr=1700 bugs=4
PROBE CUST day=149 id=co_lead_113_40 sat=55 tol=42 target=55 trust=0.0 phase=active streak=0 cd=-1 mrr=500 bugs=4
PROBE CUST day=149 id=co_lead_113_41 sat=55 tol=51 target=55 trust=0.0 phase=active streak=0 cd=-1 mrr=1700 bugs=4
PROBE CUST day=149 id=co_lead_123_45 sat=55 tol=42 target=55 trust=0.0 phase=onboarding streak=0 cd=-1 mrr=500 bugs=4
PROBE CUST day=149 id=co_lead_128_46 sat=55 tol=42 target=55 trust=0.0 phase=onboarding streak=0 cd=-1 mrr=425 bugs=4
PROBE CUST day=149 id=co_lead_128_47 sat=55 tol=51 target=55 trust=0.0 phase=onboarding streak=0 cd=-1 mrr=2000 bugs=4
PROBE CUST day=149 id=co_lead_134_49 sat=55 tol=45 target=55 trust=0.0 phase=onboarding streak=0 cd=-1 mrr=500 bugs=4
PROBE SAT day=149 satisfied=21/21 target=55
[HRSystem] Daily tick — 1 employees (0 izinde)
[SalesSystem] Daily tick — MRR $23250
[TimeManager] Daily tick — Day 150 (Δ 16 ms)
PROBE PLAY day=150 pitch Donau Bau -> SIGNED (mrr 23250 -> 23750)
PROBE STATE day=150 cash=40792 mrr=23750 brand=50 burn=260 runway=INF cust=22 emp=1 promises=4 phase=2 aud=0 sat=-1 bugs=5 q=43.0 appetite=warming streak=2/3 profit_streak=1
PROBE CUST day=150 id=co_lead_31_4 sat=55 tol=47 target=55 trust=0.0 phase=active streak=0 cd=-1 mrr=785 bugs=5
PROBE CUST day=150 id=co_lead_31_5 sat=55 tol=47 target=55 trust=0.0 phase=active streak=0 cd=-1 mrr=860 bugs=5
PROBE CUST day=150 id=co_lead_37_7 sat=55 tol=42 target=55 trust=0.0 phase=active streak=0 cd=-1 mrr=860 bugs=5
PROBE CUST day=150 id=co_lead_51_13 sat=55 tol=51 target=55 trust=0.0 phase=active streak=0 cd=-1 mrr=2420 bugs=5
PROBE CUST day=150 id=co_lead_58_16 sat=55 tol=42 target=55 trust=0.0 phase=active streak=0 cd=-1 mrr=785 bugs=5
PROBE CUST day=150 id=co_lead_64_19 sat=55 tol=42 target=55 trust=0.0 phase=active streak=0 cd=-1 mrr=785 bugs=5
PROBE CUST day=150 id=co_lead_70_21 sat=55 tol=47 target=55 trust=0.0 phase=active streak=0 cd=-1 mrr=785 bugs=5
PROBE CUST day=150 id=co_lead_70_22 sat=55 tol=45 target=55 trust=0.0 phase=active streak=0 cd=-1 mrr=860 bugs=5
PROBE CUST day=150 id=co_lead_75_24 sat=55 tol=45 target=55 trust=0.0 phase=active streak=0 cd=-1 mrr=785 bugs=5
PROBE CUST day=150 id=co_lead_81_27 sat=55 tol=51 target=55 trust=0.0 phase=active streak=0 cd=-1 mrr=2720 bugs=5
PROBE CUST day=150 id=co_lead_86_28 sat=55 tol=47 target=55 trust=0.0 phase=active streak=0 cd=-1 mrr=860 bugs=5
PROBE CUST day=150 id=co_lead_91_30 sat=55 tol=47 target=55 trust=0.0 phase=active streak=0 cd=-1 mrr=860 bugs=5
PROBE CUST day=150 id=co_lead_97_33 sat=55 tol=42 target=55 trust=0.0 phase=active streak=0 cd=-1 mrr=860 bugs=5
PROBE CUST day=150 id=co_lead_107_38 sat=55 tol=51 target=55 trust=0.0 phase=active streak=0 cd=-1 mrr=1700 bugs=5
PROBE CUST day=150 id=co_lead_110_39 sat=55 tol=51 target=55 trust=0.0 phase=active streak=0 cd=-1 mrr=1700 bugs=5
PROBE CUST day=150 id=co_lead_113_40 sat=55 tol=42 target=55 trust=0.0 phase=active streak=0 cd=-1 mrr=500 bugs=5
PROBE CUST day=150 id=co_lead_113_41 sat=55 tol=51 target=55 trust=0.0 phase=active streak=0 cd=-1 mrr=1700 bugs=5
PROBE CUST day=150 id=co_lead_123_45 sat=55 tol=42 target=55 trust=0.0 phase=onboarding streak=0 cd=-1 mrr=500 bugs=5
PROBE CUST day=150 id=co_lead_128_46 sat=55 tol=42 target=55 trust=0.0 phase=onboarding streak=0 cd=-1 mrr=425 bugs=5
PROBE CUST day=150 id=co_lead_128_47 sat=55 tol=51 target=55 trust=0.0 phase=onboarding streak=0 cd=-1 mrr=2000 bugs=5
PROBE CUST day=150 id=co_lead_134_49 sat=55 tol=45 target=55 trust=0.0 phase=onboarding streak=0 cd=-1 mrr=500 bugs=5
PROBE CUST day=150 id=co_lead_145_54 sat=62 tol=47 target=55 trust=0.0 phase=onboarding streak=0 cd=-1 mrr=500 bugs=5
PROBE SAT day=150 satisfied=22/22 target=55
[HRSystem] Daily tick — 1 employees (0 izinde)
[SalesSystem] Daily tick — MRR $23750
[TimeManager] Daily tick — Day 151 (Δ 15 ms)
[ProductSystem] Bug sprint started: 6 bugs, 2 days
PROBE PLAY day=151 bug_sprint bugs=6
PROBE STATE day=151 cash=41324 mrr=23750 brand=50 burn=260 runway=INF cust=22 emp=1 promises=4 phase=2 aud=0 sat=-1 bugs=6 q=42.6 appetite=warming streak=2/3 profit_streak=1
PROBE CUST day=151 id=co_lead_31_4 sat=54 tol=47 target=54 trust=0.0 phase=active streak=0 cd=-1 mrr=785 bugs=6
PROBE CUST day=151 id=co_lead_31_5 sat=54 tol=47 target=54 trust=0.0 phase=active streak=0 cd=-1 mrr=860 bugs=6
PROBE CUST day=151 id=co_lead_37_7 sat=54 tol=42 target=54 trust=0.0 phase=active streak=0 cd=-1 mrr=860 bugs=6
PROBE CUST day=151 id=co_lead_51_13 sat=54 tol=51 target=54 trust=0.0 phase=active streak=0 cd=-1 mrr=2420 bugs=6
PROBE CUST day=151 id=co_lead_58_16 sat=54 tol=42 target=54 trust=0.0 phase=active streak=0 cd=-1 mrr=785 bugs=6
PROBE CUST day=151 id=co_lead_64_19 sat=54 tol=42 target=54 trust=0.0 phase=active streak=0 cd=-1 mrr=785 bugs=6
PROBE CUST day=151 id=co_lead_70_21 sat=54 tol=47 target=54 trust=0.0 phase=active streak=0 cd=-1 mrr=785 bugs=6
PROBE CUST day=151 id=co_lead_70_22 sat=54 tol=45 target=54 trust=0.0 phase=active streak=0 cd=-1 mrr=860 bugs=6
PROBE CUST day=151 id=co_lead_75_24 sat=54 tol=45 target=54 trust=0.0 phase=active streak=0 cd=-1 mrr=785 bugs=6
PROBE CUST day=151 id=co_lead_81_27 sat=54 tol=51 target=54 trust=0.0 phase=active streak=0 cd=-1 mrr=2720 bugs=6
PROBE CUST day=151 id=co_lead_86_28 sat=54 tol=47 target=54 trust=0.0 phase=active streak=0 cd=-1 mrr=860 bugs=6
PROBE CUST day=151 id=co_lead_91_30 sat=54 tol=47 target=54 trust=0.0 phase=active streak=0 cd=-1 mrr=860 bugs=6
PROBE CUST day=151 id=co_lead_97_33 sat=54 tol=42 target=54 trust=0.0 phase=active streak=0 cd=-1 mrr=860 bugs=6
PROBE CUST day=151 id=co_lead_107_38 sat=54 tol=51 target=54 trust=0.0 phase=active streak=0 cd=-1 mrr=1700 bugs=6
PROBE CUST day=151 id=co_lead_110_39 sat=54 tol=51 target=54 trust=0.0 phase=active streak=0 cd=-1 mrr=1700 bugs=6
PROBE CUST day=151 id=co_lead_113_40 sat=54 tol=42 target=54 trust=0.0 phase=active streak=0 cd=-1 mrr=500 bugs=6
PROBE CUST day=151 id=co_lead_113_41 sat=54 tol=51 target=54 trust=0.0 phase=active streak=0 cd=-1 mrr=1700 bugs=6
PROBE CUST day=151 id=co_lead_123_45 sat=54 tol=42 target=54 trust=0.0 phase=onboarding streak=0 cd=-1 mrr=500 bugs=6
PROBE CUST day=151 id=co_lead_128_46 sat=54 tol=42 target=54 trust=0.0 phase=onboarding streak=0 cd=-1 mrr=425 bugs=6
PROBE CUST day=151 id=co_lead_128_47 sat=54 tol=51 target=54 trust=0.0 phase=onboarding streak=0 cd=-1 mrr=2000 bugs=6
PROBE CUST day=151 id=co_lead_134_49 sat=54 tol=45 target=54 trust=0.0 phase=onboarding streak=0 cd=-1 mrr=500 bugs=6
PROBE CUST day=151 id=co_lead_145_54 sat=57 tol=47 target=54 trust=0.0 phase=onboarding streak=0 cd=-1 mrr=500 bugs=6
PROBE SAT day=151 satisfied=22/22 target=54
[HRSystem] Daily tick — 1 employees (0 izinde)
[SalesSystem] Daily tick — MRR $23750
PROBE MONTH day=152 n=5 mrr_close=23750 income=22136 expense=8060 net=14076 red=0 growth_pct=34.4 streak=3 profit_streak=2
[TimeManager] Daily tick — Day 152 (Δ 15 ms)
PROBE PLAY day=152 pitch Ege Sigorta -> LOST (mrr 23750 -> 23750)
PROBE STATE day=152 cash=41856 mrr=23750 brand=50 burn=260 runway=INF cust=22 emp=1 promises=4 phase=2 aud=0 sat=-1 bugs=3 q=43.5 appetite=warming streak=3/3 profit_streak=2
PROBE CUST day=152 id=co_lead_31_4 sat=56 tol=47 target=56 trust=0.0 phase=active streak=0 cd=-1 mrr=785 bugs=3
PROBE CUST day=152 id=co_lead_31_5 sat=56 tol=47 target=56 trust=0.0 phase=active streak=0 cd=-1 mrr=860 bugs=3
PROBE CUST day=152 id=co_lead_37_7 sat=56 tol=42 target=56 trust=0.0 phase=active streak=0 cd=-1 mrr=860 bugs=3
PROBE CUST day=152 id=co_lead_51_13 sat=56 tol=51 target=56 trust=0.0 phase=active streak=0 cd=-1 mrr=2420 bugs=3
PROBE CUST day=152 id=co_lead_58_16 sat=56 tol=42 target=56 trust=0.0 phase=active streak=0 cd=-1 mrr=785 bugs=3
PROBE CUST day=152 id=co_lead_64_19 sat=56 tol=42 target=56 trust=0.0 phase=active streak=0 cd=-1 mrr=785 bugs=3
PROBE CUST day=152 id=co_lead_70_21 sat=56 tol=47 target=56 trust=0.0 phase=active streak=0 cd=-1 mrr=785 bugs=3
PROBE CUST day=152 id=co_lead_70_22 sat=56 tol=45 target=56 trust=0.0 phase=active streak=0 cd=-1 mrr=860 bugs=3
PROBE CUST day=152 id=co_lead_75_24 sat=56 tol=45 target=56 trust=0.0 phase=active streak=0 cd=-1 mrr=785 bugs=3
PROBE CUST day=152 id=co_lead_81_27 sat=56 tol=51 target=56 trust=0.0 phase=active streak=0 cd=-1 mrr=2720 bugs=3
PROBE CUST day=152 id=co_lead_86_28 sat=56 tol=47 target=56 trust=0.0 phase=active streak=0 cd=-1 mrr=860 bugs=3
PROBE CUST day=152 id=co_lead_91_30 sat=56 tol=47 target=56 trust=0.0 phase=active streak=0 cd=-1 mrr=860 bugs=3
PROBE CUST day=152 id=co_lead_97_33 sat=56 tol=42 target=56 trust=0.0 phase=active streak=0 cd=-1 mrr=860 bugs=3
PROBE CUST day=152 id=co_lead_107_38 sat=56 tol=51 target=56 trust=0.0 phase=active streak=0 cd=-1 mrr=1700 bugs=3
PROBE CUST day=152 id=co_lead_110_39 sat=56 tol=51 target=56 trust=0.0 phase=active streak=0 cd=-1 mrr=1700 bugs=3
PROBE CUST day=152 id=co_lead_113_40 sat=56 tol=42 target=56 trust=0.0 phase=active streak=0 cd=-1 mrr=500 bugs=3
PROBE CUST day=152 id=co_lead_113_41 sat=56 tol=51 target=56 trust=0.0 phase=active streak=0 cd=-1 mrr=1700 bugs=3
PROBE CUST day=152 id=co_lead_123_45 sat=56 tol=42 target=56 trust=0.0 phase=onboarding streak=0 cd=-1 mrr=500 bugs=3
PROBE CUST day=152 id=co_lead_128_46 sat=56 tol=42 target=56 trust=0.0 phase=onboarding streak=0 cd=-1 mrr=425 bugs=3
PROBE CUST day=152 id=co_lead_128_47 sat=56 tol=51 target=56 trust=0.0 phase=onboarding streak=0 cd=-1 mrr=2000 bugs=3
PROBE CUST day=152 id=co_lead_134_49 sat=56 tol=45 target=56 trust=0.0 phase=onboarding streak=0 cd=-1 mrr=500 bugs=3
PROBE CUST day=152 id=co_lead_145_54 sat=56 tol=47 target=56 trust=0.0 phase=onboarding streak=0 cd=-1 mrr=500 bugs=3
PROBE SAT day=152 satisfied=22/22 target=56
[ProductSystem] Bug sprint complete. live_bug now 0
[HRSystem] Daily tick — 1 employees (0 izinde)
[SalesSystem] Daily tick — MRR $23750
[TimeManager] Daily tick — Day 153 (Δ 16 ms)
PROBE PLAY day=153 find_prospects (+2)
PROBE STATE day=153 cash=42388 mrr=23750 brand=50 burn=260 runway=INF cust=22 emp=1 promises=4 phase=2 aud=0 sat=-1 bugs=0 q=44.3 appetite=warming streak=3/3 profit_streak=2
PROBE CUST day=153 id=co_lead_31_4 sat=58 tol=47 target=58 trust=0.0 phase=active streak=0 cd=-1 mrr=785 bugs=0
PROBE CUST day=153 id=co_lead_31_5 sat=58 tol=47 target=58 trust=0.0 phase=active streak=0 cd=-1 mrr=860 bugs=0
PROBE CUST day=153 id=co_lead_37_7 sat=58 tol=42 target=58 trust=0.0 phase=active streak=0 cd=-1 mrr=860 bugs=0
PROBE CUST day=153 id=co_lead_51_13 sat=58 tol=51 target=58 trust=0.0 phase=active streak=0 cd=-1 mrr=2420 bugs=0
PROBE CUST day=153 id=co_lead_58_16 sat=58 tol=42 target=58 trust=0.0 phase=active streak=0 cd=-1 mrr=785 bugs=0
PROBE CUST day=153 id=co_lead_64_19 sat=58 tol=42 target=58 trust=0.0 phase=active streak=0 cd=-1 mrr=785 bugs=0
PROBE CUST day=153 id=co_lead_70_21 sat=58 tol=47 target=58 trust=0.0 phase=active streak=0 cd=-1 mrr=785 bugs=0
PROBE CUST day=153 id=co_lead_70_22 sat=58 tol=45 target=58 trust=0.0 phase=active streak=0 cd=-1 mrr=860 bugs=0
PROBE CUST day=153 id=co_lead_75_24 sat=58 tol=45 target=58 trust=0.0 phase=active streak=0 cd=-1 mrr=785 bugs=0
PROBE CUST day=153 id=co_lead_81_27 sat=58 tol=51 target=58 trust=0.0 phase=active streak=0 cd=-1 mrr=2720 bugs=0
PROBE CUST day=153 id=co_lead_86_28 sat=58 tol=47 target=58 trust=0.0 phase=active streak=0 cd=-1 mrr=860 bugs=0
PROBE CUST day=153 id=co_lead_91_30 sat=58 tol=47 target=58 trust=0.0 phase=active streak=0 cd=-1 mrr=860 bugs=0
PROBE CUST day=153 id=co_lead_97_33 sat=58 tol=42 target=58 trust=0.0 phase=active streak=0 cd=-1 mrr=860 bugs=0
PROBE CUST day=153 id=co_lead_107_38 sat=58 tol=51 target=58 trust=0.0 phase=active streak=0 cd=-1 mrr=1700 bugs=0
PROBE CUST day=153 id=co_lead_110_39 sat=58 tol=51 target=58 trust=0.0 phase=active streak=0 cd=-1 mrr=1700 bugs=0
PROBE CUST day=153 id=co_lead_113_40 sat=58 tol=42 target=58 trust=0.0 phase=active streak=0 cd=-1 mrr=500 bugs=0
PROBE CUST day=153 id=co_lead_113_41 sat=58 tol=51 target=58 trust=0.0 phase=active streak=0 cd=-1 mrr=1700 bugs=0
PROBE CUST day=153 id=co_lead_123_45 sat=58 tol=42 target=58 trust=0.0 phase=onboarding streak=0 cd=-1 mrr=500 bugs=0
PROBE CUST day=153 id=co_lead_128_46 sat=58 tol=42 target=58 trust=0.0 phase=onboarding streak=0 cd=-1 mrr=425 bugs=0
PROBE CUST day=153 id=co_lead_128_47 sat=58 tol=51 target=58 trust=0.0 phase=onboarding streak=0 cd=-1 mrr=2000 bugs=0
PROBE CUST day=153 id=co_lead_134_49 sat=58 tol=45 target=58 trust=0.0 phase=onboarding streak=0 cd=-1 mrr=500 bugs=0
PROBE CUST day=153 id=co_lead_145_54 sat=58 tol=47 target=58 trust=0.0 phase=onboarding streak=0 cd=-1 mrr=500 bugs=0
PROBE SAT day=153 satisfied=22/22 target=58
[HRSystem] Daily tick — 1 employees (0 izinde)
[SalesSystem] Daily tick — MRR $23750
[TimeManager] Daily tick — Day 154 (Δ 15 ms)
PROBE PLAY day=154 pitch Marmara Lojistik -> SIGNED (mrr 23750 -> 25450)
PROBE STATE day=154 cash=42920 mrr=25450 brand=50 burn=260 runway=INF cust=23 emp=1 promises=4 phase=2 aud=0 sat=-1 bugs=0 q=44.3 appetite=warming streak=3/3 profit_streak=2
PROBE CUST day=154 id=co_lead_31_4 sat=58 tol=47 target=58 trust=0.0 phase=active streak=0 cd=-1 mrr=785 bugs=0
PROBE CUST day=154 id=co_lead_31_5 sat=58 tol=47 target=58 trust=0.0 phase=active streak=0 cd=-1 mrr=860 bugs=0
PROBE CUST day=154 id=co_lead_37_7 sat=58 tol=42 target=58 trust=0.0 phase=active streak=0 cd=-1 mrr=860 bugs=0
PROBE CUST day=154 id=co_lead_51_13 sat=58 tol=51 target=58 trust=0.0 phase=active streak=0 cd=-1 mrr=2420 bugs=0
PROBE CUST day=154 id=co_lead_58_16 sat=58 tol=42 target=58 trust=0.0 phase=active streak=0 cd=-1 mrr=785 bugs=0
PROBE CUST day=154 id=co_lead_64_19 sat=58 tol=42 target=58 trust=0.0 phase=active streak=0 cd=-1 mrr=785 bugs=0
PROBE CUST day=154 id=co_lead_70_21 sat=58 tol=47 target=58 trust=0.0 phase=active streak=0 cd=-1 mrr=785 bugs=0
PROBE CUST day=154 id=co_lead_70_22 sat=58 tol=45 target=58 trust=0.0 phase=active streak=0 cd=-1 mrr=860 bugs=0
PROBE CUST day=154 id=co_lead_75_24 sat=58 tol=45 target=58 trust=0.0 phase=active streak=0 cd=-1 mrr=785 bugs=0
PROBE CUST day=154 id=co_lead_81_27 sat=58 tol=51 target=58 trust=0.0 phase=active streak=0 cd=-1 mrr=2720 bugs=0
PROBE CUST day=154 id=co_lead_86_28 sat=58 tol=47 target=58 trust=0.0 phase=active streak=0 cd=-1 mrr=860 bugs=0
PROBE CUST day=154 id=co_lead_91_30 sat=58 tol=47 target=58 trust=0.0 phase=active streak=0 cd=-1 mrr=860 bugs=0
PROBE CUST day=154 id=co_lead_97_33 sat=58 tol=42 target=58 trust=0.0 phase=active streak=0 cd=-1 mrr=860 bugs=0
PROBE CUST day=154 id=co_lead_107_38 sat=58 tol=51 target=58 trust=0.0 phase=active streak=0 cd=-1 mrr=1700 bugs=0
PROBE CUST day=154 id=co_lead_110_39 sat=58 tol=51 target=58 trust=0.0 phase=active streak=0 cd=-1 mrr=1700 bugs=0
PROBE CUST day=154 id=co_lead_113_40 sat=58 tol=42 target=58 trust=0.0 phase=active streak=0 cd=-1 mrr=500 bugs=0
PROBE CUST day=154 id=co_lead_113_41 sat=58 tol=51 target=58 trust=0.0 phase=active streak=0 cd=-1 mrr=1700 bugs=0
PROBE CUST day=154 id=co_lead_123_45 sat=58 tol=42 target=58 trust=0.0 phase=onboarding streak=0 cd=-1 mrr=500 bugs=0
PROBE CUST day=154 id=co_lead_128_46 sat=58 tol=42 target=58 trust=0.0 phase=onboarding streak=0 cd=-1 mrr=425 bugs=0
PROBE CUST day=154 id=co_lead_128_47 sat=58 tol=51 target=58 trust=0.0 phase=onboarding streak=0 cd=-1 mrr=2000 bugs=0
PROBE CUST day=154 id=co_lead_134_49 sat=58 tol=45 target=58 trust=0.0 phase=onboarding streak=0 cd=-1 mrr=500 bugs=0
PROBE CUST day=154 id=co_lead_145_54 sat=58 tol=47 target=58 trust=0.0 phase=onboarding streak=0 cd=-1 mrr=500 bugs=0
PROBE CUST day=154 id=co_lead_153_56 sat=58 tol=51 target=58 trust=0.0 phase=onboarding streak=0 cd=-1 mrr=1700 bugs=0
PROBE SAT day=154 satisfied=23/23 target=58
[HRSystem] Daily tick — 1 employees (0 izinde)
PROBE FIRE day=155 hour=0 id=ev_b2b_expand_co_lead_107_38 src=factory:b2b_sales_system:242 (expansion)
[EventManager] Modal requested: ev_b2b_expand_co_lead_107_38
[SalesSystem] Daily tick — MRR $25450
[TimeManager] Daily tick — Day 155 (Δ 17 ms)
PROBE PICK day=155 id=ev_b2b_expand_co_lead_107_38 choice=0 label=Büyüt
[EventManager] Resolved: ev_b2b_expand_co_lead_107_38 choice 0
PROBE STATE day=155 cash=43508 mrr=26170 brand=50 burn=260 runway=INF cust=23 emp=1 promises=4 phase=2 aud=0 sat=-1 bugs=1 q=43.9 appetite=warming streak=3/3 profit_streak=2
PROBE CUST day=155 id=co_lead_31_4 sat=57 tol=47 target=57 trust=0.0 phase=active streak=0 cd=-1 mrr=785 bugs=1
PROBE CUST day=155 id=co_lead_31_5 sat=57 tol=47 target=57 trust=0.0 phase=active streak=0 cd=-1 mrr=860 bugs=1
PROBE CUST day=155 id=co_lead_37_7 sat=57 tol=42 target=57 trust=0.0 phase=active streak=0 cd=-1 mrr=860 bugs=1
PROBE CUST day=155 id=co_lead_51_13 sat=57 tol=51 target=57 trust=0.0 phase=active streak=0 cd=-1 mrr=2420 bugs=1
PROBE CUST day=155 id=co_lead_58_16 sat=57 tol=42 target=57 trust=0.0 phase=active streak=0 cd=-1 mrr=785 bugs=1
PROBE CUST day=155 id=co_lead_64_19 sat=57 tol=42 target=57 trust=0.0 phase=active streak=0 cd=-1 mrr=785 bugs=1
PROBE CUST day=155 id=co_lead_70_21 sat=57 tol=47 target=57 trust=0.0 phase=active streak=0 cd=-1 mrr=785 bugs=1
PROBE CUST day=155 id=co_lead_70_22 sat=57 tol=45 target=57 trust=0.0 phase=active streak=0 cd=-1 mrr=860 bugs=1
PROBE CUST day=155 id=co_lead_75_24 sat=57 tol=45 target=57 trust=0.0 phase=active streak=0 cd=-1 mrr=785 bugs=1
PROBE CUST day=155 id=co_lead_81_27 sat=57 tol=51 target=57 trust=0.0 phase=active streak=0 cd=-1 mrr=2720 bugs=1
PROBE CUST day=155 id=co_lead_86_28 sat=57 tol=47 target=57 trust=0.0 phase=active streak=0 cd=-1 mrr=860 bugs=1
PROBE CUST day=155 id=co_lead_91_30 sat=57 tol=47 target=57 trust=0.0 phase=active streak=0 cd=-1 mrr=860 bugs=1
PROBE CUST day=155 id=co_lead_97_33 sat=57 tol=42 target=57 trust=0.0 phase=active streak=0 cd=-1 mrr=860 bugs=1
PROBE CUST day=155 id=co_lead_107_38 sat=57 tol=51 target=57 trust=0.0 phase=active streak=0 cd=-1 mrr=2420 bugs=1
PROBE CUST day=155 id=co_lead_110_39 sat=57 tol=51 target=57 trust=0.0 phase=active streak=0 cd=-1 mrr=1700 bugs=1
PROBE CUST day=155 id=co_lead_113_40 sat=57 tol=42 target=57 trust=0.0 phase=active streak=0 cd=-1 mrr=500 bugs=1
PROBE CUST day=155 id=co_lead_113_41 sat=57 tol=51 target=57 trust=0.0 phase=active streak=0 cd=-1 mrr=1700 bugs=1
PROBE CUST day=155 id=co_lead_123_45 sat=57 tol=42 target=57 trust=0.0 phase=onboarding streak=0 cd=-1 mrr=500 bugs=1
PROBE CUST day=155 id=co_lead_128_46 sat=57 tol=42 target=57 trust=0.0 phase=onboarding streak=0 cd=-1 mrr=425 bugs=1
PROBE CUST day=155 id=co_lead_128_47 sat=57 tol=51 target=57 trust=0.0 phase=onboarding streak=0 cd=-1 mrr=2000 bugs=1
PROBE CUST day=155 id=co_lead_134_49 sat=57 tol=45 target=57 trust=0.0 phase=onboarding streak=0 cd=-1 mrr=500 bugs=1
PROBE CUST day=155 id=co_lead_145_54 sat=57 tol=47 target=57 trust=0.0 phase=onboarding streak=0 cd=-1 mrr=500 bugs=1
PROBE CUST day=155 id=co_lead_153_56 sat=57 tol=51 target=57 trust=0.0 phase=onboarding streak=0 cd=-1 mrr=1700 bugs=1
PROBE SAT day=155 satisfied=23/23 target=57
PROBE FIRE day=155 hour=10 id=ev_ps_referral_b2b src=pool
[EventManager] Eligible: ev_ps_referral_b2b
[EventManager] Modal requested: ev_ps_referral_b2b
PROBE PICK day=155 id=ev_ps_referral_b2b choice=0 label=Kabul et — özellik sözü ver
[EventManager] Resolved: ev_ps_referral_b2b choice 0
[HRSystem] Daily tick — 1 employees (0 izinde)
[SalesSystem] Daily tick — MRR $26170
[TimeManager] Daily tick — Day 156 (Δ 17 ms)
PROBE PLAY day=156 pitch Ege Sigorta -> LOST (mrr 26170 -> 26170)
PROBE STATE day=156 cash=43720 mrr=26170 brand=50 burn=260 runway=INF cust=23 emp=1 promises=4 phase=2 aud=0 sat=-1 bugs=2 q=43.6 appetite=warming streak=3/3 profit_streak=2
PROBE CUST day=156 id=co_lead_31_4 sat=56 tol=47 target=56 trust=0.0 phase=active streak=0 cd=-1 mrr=785 bugs=2
PROBE CUST day=156 id=co_lead_31_5 sat=56 tol=47 target=56 trust=0.0 phase=active streak=0 cd=-1 mrr=860 bugs=2
PROBE CUST day=156 id=co_lead_37_7 sat=56 tol=42 target=56 trust=0.0 phase=active streak=0 cd=-1 mrr=860 bugs=2
PROBE CUST day=156 id=co_lead_51_13 sat=56 tol=51 target=56 trust=0.0 phase=active streak=0 cd=-1 mrr=2420 bugs=2
PROBE CUST day=156 id=co_lead_58_16 sat=56 tol=42 target=56 trust=0.0 phase=active streak=0 cd=-1 mrr=785 bugs=2
PROBE CUST day=156 id=co_lead_64_19 sat=56 tol=42 target=56 trust=0.0 phase=active streak=0 cd=-1 mrr=785 bugs=2
PROBE CUST day=156 id=co_lead_70_21 sat=56 tol=47 target=56 trust=0.0 phase=active streak=0 cd=-1 mrr=785 bugs=2
PROBE CUST day=156 id=co_lead_70_22 sat=56 tol=45 target=56 trust=0.0 phase=active streak=0 cd=-1 mrr=860 bugs=2
PROBE CUST day=156 id=co_lead_75_24 sat=56 tol=45 target=56 trust=0.0 phase=active streak=0 cd=-1 mrr=785 bugs=2
PROBE CUST day=156 id=co_lead_81_27 sat=56 tol=51 target=56 trust=0.0 phase=active streak=0 cd=-1 mrr=2720 bugs=2
PROBE CUST day=156 id=co_lead_86_28 sat=56 tol=47 target=56 trust=0.0 phase=active streak=0 cd=-1 mrr=860 bugs=2
PROBE CUST day=156 id=co_lead_91_30 sat=56 tol=47 target=56 trust=0.0 phase=active streak=0 cd=-1 mrr=860 bugs=2
PROBE CUST day=156 id=co_lead_97_33 sat=56 tol=42 target=56 trust=0.0 phase=active streak=0 cd=-1 mrr=860 bugs=2
PROBE CUST day=156 id=co_lead_107_38 sat=56 tol=51 target=56 trust=0.0 phase=active streak=0 cd=-1 mrr=2420 bugs=2
PROBE CUST day=156 id=co_lead_110_39 sat=56 tol=51 target=56 trust=0.0 phase=active streak=0 cd=-1 mrr=1700 bugs=2
PROBE CUST day=156 id=co_lead_113_40 sat=56 tol=42 target=56 trust=0.0 phase=active streak=0 cd=-1 mrr=500 bugs=2
PROBE CUST day=156 id=co_lead_113_41 sat=56 tol=51 target=56 trust=0.0 phase=active streak=0 cd=-1 mrr=1700 bugs=2
PROBE CUST day=156 id=co_lead_123_45 sat=56 tol=42 target=56 trust=0.0 phase=active streak=0 cd=-1 mrr=500 bugs=2
PROBE CUST day=156 id=co_lead_128_46 sat=56 tol=42 target=56 trust=0.0 phase=onboarding streak=0 cd=-1 mrr=425 bugs=2
PROBE CUST day=156 id=co_lead_128_47 sat=56 tol=51 target=56 trust=0.0 phase=onboarding streak=0 cd=-1 mrr=2000 bugs=2
PROBE CUST day=156 id=co_lead_134_49 sat=56 tol=45 target=56 trust=0.0 phase=onboarding streak=0 cd=-1 mrr=500 bugs=2
PROBE CUST day=156 id=co_lead_145_54 sat=56 tol=47 target=56 trust=0.0 phase=onboarding streak=0 cd=-1 mrr=500 bugs=2
PROBE CUST day=156 id=co_lead_153_56 sat=56 tol=51 target=56 trust=0.0 phase=onboarding streak=0 cd=-1 mrr=1700 bugs=2
PROBE SAT day=156 satisfied=23/23 target=56
[HRSystem] Daily tick — 1 employees (0 izinde)
PROBE FIRE day=157 hour=0 id=ev_b2b_expand_co_lead_110_39 src=factory:b2b_sales_system:242 (expansion)
[EventManager] Modal requested: ev_b2b_expand_co_lead_110_39
[SalesSystem] Daily tick — MRR $26170
[TimeManager] Daily tick — Day 157 (Δ 17 ms)
PROBE PICK day=157 id=ev_b2b_expand_co_lead_110_39 choice=0 label=Büyüt
[EventManager] Resolved: ev_b2b_expand_co_lead_110_39 choice 0
PROBE STATE day=157 cash=44332 mrr=26890 brand=50 burn=260 runway=INF cust=23 emp=1 promises=4 phase=2 aud=0 sat=-1 bugs=2 q=43.6 appetite=warming streak=3/3 profit_streak=2
PROBE CUST day=157 id=co_lead_31_4 sat=56 tol=47 target=56 trust=0.0 phase=active streak=0 cd=-1 mrr=785 bugs=2
PROBE CUST day=157 id=co_lead_31_5 sat=56 tol=47 target=56 trust=0.0 phase=active streak=0 cd=-1 mrr=860 bugs=2
PROBE CUST day=157 id=co_lead_37_7 sat=56 tol=42 target=56 trust=0.0 phase=active streak=0 cd=-1 mrr=860 bugs=2
PROBE CUST day=157 id=co_lead_51_13 sat=56 tol=51 target=56 trust=0.0 phase=active streak=0 cd=-1 mrr=2420 bugs=2
PROBE CUST day=157 id=co_lead_58_16 sat=56 tol=42 target=56 trust=0.0 phase=active streak=0 cd=-1 mrr=785 bugs=2
PROBE CUST day=157 id=co_lead_64_19 sat=56 tol=42 target=56 trust=0.0 phase=active streak=0 cd=-1 mrr=785 bugs=2
PROBE CUST day=157 id=co_lead_70_21 sat=56 tol=47 target=56 trust=0.0 phase=active streak=0 cd=-1 mrr=785 bugs=2
PROBE CUST day=157 id=co_lead_70_22 sat=56 tol=45 target=56 trust=0.0 phase=active streak=0 cd=-1 mrr=860 bugs=2
PROBE CUST day=157 id=co_lead_75_24 sat=56 tol=45 target=56 trust=0.0 phase=active streak=0 cd=-1 mrr=785 bugs=2
PROBE CUST day=157 id=co_lead_81_27 sat=56 tol=51 target=56 trust=0.0 phase=active streak=0 cd=-1 mrr=2720 bugs=2
PROBE CUST day=157 id=co_lead_86_28 sat=56 tol=47 target=56 trust=0.0 phase=active streak=0 cd=-1 mrr=860 bugs=2
PROBE CUST day=157 id=co_lead_91_30 sat=56 tol=47 target=56 trust=0.0 phase=active streak=0 cd=-1 mrr=860 bugs=2
PROBE CUST day=157 id=co_lead_97_33 sat=56 tol=42 target=56 trust=0.0 phase=active streak=0 cd=-1 mrr=860 bugs=2
PROBE CUST day=157 id=co_lead_107_38 sat=56 tol=51 target=56 trust=0.0 phase=active streak=0 cd=-1 mrr=2420 bugs=2
PROBE CUST day=157 id=co_lead_110_39 sat=56 tol=51 target=56 trust=0.0 phase=active streak=0 cd=-1 mrr=2420 bugs=2
PROBE CUST day=157 id=co_lead_113_40 sat=56 tol=42 target=56 trust=0.0 phase=active streak=0 cd=-1 mrr=500 bugs=2
PROBE CUST day=157 id=co_lead_113_41 sat=56 tol=51 target=56 trust=0.0 phase=active streak=0 cd=-1 mrr=1700 bugs=2
PROBE CUST day=157 id=co_lead_123_45 sat=56 tol=42 target=56 trust=0.0 phase=active streak=0 cd=-1 mrr=500 bugs=2
PROBE CUST day=157 id=co_lead_128_46 sat=56 tol=42 target=56 trust=0.0 phase=onboarding streak=0 cd=-1 mrr=425 bugs=2
PROBE CUST day=157 id=co_lead_128_47 sat=56 tol=51 target=56 trust=0.0 phase=onboarding streak=0 cd=-1 mrr=2000 bugs=2
PROBE CUST day=157 id=co_lead_134_49 sat=56 tol=45 target=56 trust=0.0 phase=onboarding streak=0 cd=-1 mrr=500 bugs=2
PROBE CUST day=157 id=co_lead_145_54 sat=56 tol=47 target=56 trust=0.0 phase=onboarding streak=0 cd=-1 mrr=500 bugs=2
PROBE CUST day=157 id=co_lead_153_56 sat=56 tol=51 target=56 trust=0.0 phase=onboarding streak=0 cd=-1 mrr=1700 bugs=2
PROBE SAT day=157 satisfied=23/23 target=56
[HRSystem] Daily tick — 1 employees (0 izinde)
[SalesSystem] Daily tick — MRR $26890
[TimeManager] Daily tick — Day 158 (Δ 17 ms)
PROBE PLAY day=158 pitch Poyraz Sigorta -> LOST (mrr 26890 -> 26890)
PROBE STATE day=158 cash=44968 mrr=26890 brand=50 burn=260 runway=INF cust=23 emp=1 promises=4 phase=2 aud=0 sat=-1 bugs=3 q=43.3 appetite=warming streak=3/3 profit_streak=2
PROBE CUST day=158 id=co_lead_31_4 sat=56 tol=47 target=56 trust=0.0 phase=active streak=0 cd=-1 mrr=785 bugs=3
PROBE CUST day=158 id=co_lead_31_5 sat=56 tol=47 target=56 trust=0.0 phase=active streak=0 cd=-1 mrr=860 bugs=3
PROBE CUST day=158 id=co_lead_37_7 sat=56 tol=42 target=56 trust=0.0 phase=active streak=0 cd=-1 mrr=860 bugs=3
PROBE CUST day=158 id=co_lead_51_13 sat=56 tol=51 target=56 trust=0.0 phase=active streak=0 cd=-1 mrr=2420 bugs=3
PROBE CUST day=158 id=co_lead_58_16 sat=56 tol=42 target=56 trust=0.0 phase=active streak=0 cd=-1 mrr=785 bugs=3
PROBE CUST day=158 id=co_lead_64_19 sat=56 tol=42 target=56 trust=0.0 phase=active streak=0 cd=-1 mrr=785 bugs=3
PROBE CUST day=158 id=co_lead_70_21 sat=56 tol=47 target=56 trust=0.0 phase=active streak=0 cd=-1 mrr=785 bugs=3
PROBE CUST day=158 id=co_lead_70_22 sat=56 tol=45 target=56 trust=0.0 phase=active streak=0 cd=-1 mrr=860 bugs=3
PROBE CUST day=158 id=co_lead_75_24 sat=56 tol=45 target=56 trust=0.0 phase=active streak=0 cd=-1 mrr=785 bugs=3
PROBE CUST day=158 id=co_lead_81_27 sat=56 tol=51 target=56 trust=0.0 phase=active streak=0 cd=-1 mrr=2720 bugs=3
PROBE CUST day=158 id=co_lead_86_28 sat=56 tol=47 target=56 trust=0.0 phase=active streak=0 cd=-1 mrr=860 bugs=3
PROBE CUST day=158 id=co_lead_91_30 sat=56 tol=47 target=56 trust=0.0 phase=active streak=0 cd=-1 mrr=860 bugs=3
PROBE CUST day=158 id=co_lead_97_33 sat=56 tol=42 target=56 trust=0.0 phase=active streak=0 cd=-1 mrr=860 bugs=3
PROBE CUST day=158 id=co_lead_107_38 sat=56 tol=51 target=56 trust=0.0 phase=active streak=0 cd=-1 mrr=2420 bugs=3
PROBE CUST day=158 id=co_lead_110_39 sat=56 tol=51 target=56 trust=0.0 phase=active streak=0 cd=-1 mrr=2420 bugs=3
PROBE CUST day=158 id=co_lead_113_40 sat=56 tol=42 target=56 trust=0.0 phase=active streak=0 cd=-1 mrr=500 bugs=3
PROBE CUST day=158 id=co_lead_113_41 sat=56 tol=51 target=56 trust=0.0 phase=active streak=0 cd=-1 mrr=1700 bugs=3
PROBE CUST day=158 id=co_lead_123_45 sat=56 tol=42 target=56 trust=0.0 phase=active streak=0 cd=-1 mrr=500 bugs=3
PROBE CUST day=158 id=co_lead_128_46 sat=56 tol=42 target=56 trust=0.0 phase=onboarding streak=0 cd=-1 mrr=425 bugs=3
PROBE CUST day=158 id=co_lead_128_47 sat=56 tol=51 target=56 trust=0.0 phase=onboarding streak=0 cd=-1 mrr=2000 bugs=3
PROBE CUST day=158 id=co_lead_134_49 sat=56 tol=45 target=56 trust=0.0 phase=onboarding streak=0 cd=-1 mrr=500 bugs=3
PROBE CUST day=158 id=co_lead_145_54 sat=56 tol=47 target=56 trust=0.0 phase=onboarding streak=0 cd=-1 mrr=500 bugs=3
PROBE CUST day=158 id=co_lead_153_56 sat=56 tol=51 target=56 trust=0.0 phase=onboarding streak=0 cd=-1 mrr=1700 bugs=3
PROBE SAT day=158 satisfied=23/23 target=56
[HRSystem] Daily tick — 1 employees (0 izinde)
PROBE FIRE day=159 hour=0 id=ev_b2b_expand_co_lead_113_40 src=factory:b2b_sales_system:242 (expansion)
[EventManager] Modal requested: ev_b2b_expand_co_lead_113_40
[SalesSystem] Daily tick — MRR $26890
[TimeManager] Daily tick — Day 159 (Δ 17 ms)
PROBE PICK day=159 id=ev_b2b_expand_co_lead_113_40 choice=0 label=Büyüt
[EventManager] Resolved: ev_b2b_expand_co_lead_113_40 choice 0
PROBE PLAY day=159 find_prospects (+2)
PROBE STATE day=159 cash=45604 mrr=27250 brand=50 burn=260 runway=INF cust=23 emp=1 promises=4 phase=2 aud=0 sat=-1 bugs=4 q=42.9 appetite=warming streak=3/3 profit_streak=2
PROBE CUST day=159 id=co_lead_31_4 sat=55 tol=47 target=55 trust=0.0 phase=active streak=0 cd=-1 mrr=785 bugs=4
PROBE CUST day=159 id=co_lead_31_5 sat=55 tol=47 target=55 trust=0.0 phase=active streak=0 cd=-1 mrr=860 bugs=4
PROBE CUST day=159 id=co_lead_37_7 sat=55 tol=42 target=55 trust=0.0 phase=active streak=0 cd=-1 mrr=860 bugs=4
PROBE CUST day=159 id=co_lead_51_13 sat=55 tol=51 target=55 trust=0.0 phase=active streak=0 cd=-1 mrr=2420 bugs=4
PROBE CUST day=159 id=co_lead_58_16 sat=55 tol=42 target=55 trust=0.0 phase=active streak=0 cd=-1 mrr=785 bugs=4
PROBE CUST day=159 id=co_lead_64_19 sat=55 tol=42 target=55 trust=0.0 phase=active streak=0 cd=-1 mrr=785 bugs=4
PROBE CUST day=159 id=co_lead_70_21 sat=55 tol=47 target=55 trust=0.0 phase=active streak=0 cd=-1 mrr=785 bugs=4
PROBE CUST day=159 id=co_lead_70_22 sat=55 tol=45 target=55 trust=0.0 phase=active streak=0 cd=-1 mrr=860 bugs=4
PROBE CUST day=159 id=co_lead_75_24 sat=55 tol=45 target=55 trust=0.0 phase=active streak=0 cd=-1 mrr=785 bugs=4
PROBE CUST day=159 id=co_lead_81_27 sat=55 tol=51 target=55 trust=0.0 phase=active streak=0 cd=-1 mrr=2720 bugs=4
PROBE CUST day=159 id=co_lead_86_28 sat=55 tol=47 target=55 trust=0.0 phase=active streak=0 cd=-1 mrr=860 bugs=4
PROBE CUST day=159 id=co_lead_91_30 sat=55 tol=47 target=55 trust=0.0 phase=active streak=0 cd=-1 mrr=860 bugs=4
PROBE CUST day=159 id=co_lead_97_33 sat=55 tol=42 target=55 trust=0.0 phase=active streak=0 cd=-1 mrr=860 bugs=4
PROBE CUST day=159 id=co_lead_107_38 sat=55 tol=51 target=55 trust=0.0 phase=active streak=0 cd=-1 mrr=2420 bugs=4
PROBE CUST day=159 id=co_lead_110_39 sat=55 tol=51 target=55 trust=0.0 phase=active streak=0 cd=-1 mrr=2420 bugs=4
PROBE CUST day=159 id=co_lead_113_40 sat=55 tol=42 target=55 trust=0.0 phase=active streak=0 cd=-1 mrr=860 bugs=4
PROBE CUST day=159 id=co_lead_113_41 sat=55 tol=51 target=55 trust=0.0 phase=active streak=0 cd=-1 mrr=1700 bugs=4
PROBE CUST day=159 id=co_lead_123_45 sat=55 tol=42 target=55 trust=0.0 phase=active streak=0 cd=-1 mrr=500 bugs=4
PROBE CUST day=159 id=co_lead_128_46 sat=55 tol=42 target=55 trust=0.0 phase=active streak=0 cd=-1 mrr=425 bugs=4
PROBE CUST day=159 id=co_lead_128_47 sat=55 tol=51 target=55 trust=0.0 phase=onboarding streak=0 cd=-1 mrr=2000 bugs=4
PROBE CUST day=159 id=co_lead_134_49 sat=55 tol=45 target=55 trust=0.0 phase=onboarding streak=0 cd=-1 mrr=500 bugs=4
PROBE CUST day=159 id=co_lead_145_54 sat=55 tol=47 target=55 trust=0.0 phase=onboarding streak=0 cd=-1 mrr=500 bugs=4
PROBE CUST day=159 id=co_lead_153_56 sat=55 tol=51 target=55 trust=0.0 phase=onboarding streak=0 cd=-1 mrr=1700 bugs=4
PROBE SAT day=159 satisfied=23/23 target=55
[HRSystem] Daily tick — 1 employees (0 izinde)
[SalesSystem] Daily tick — MRR $27250
[TimeManager] Daily tick — Day 160 (Δ 16 ms)
PROBE PLAY day=160 pitch Poyraz Sigorta -> LOST (mrr 27250 -> 27250)
PROBE STATE day=160 cash=46252 mrr=27250 brand=50 burn=260 runway=INF cust=23 emp=1 promises=4 phase=2 aud=0 sat=-1 bugs=4 q=42.9 appetite=warming streak=3/3 profit_streak=2
PROBE CUST day=160 id=co_lead_31_4 sat=55 tol=47 target=55 trust=0.0 phase=active streak=0 cd=-1 mrr=785 bugs=4
PROBE CUST day=160 id=co_lead_31_5 sat=55 tol=47 target=55 trust=0.0 phase=active streak=0 cd=-1 mrr=860 bugs=4
PROBE CUST day=160 id=co_lead_37_7 sat=55 tol=42 target=55 trust=0.0 phase=active streak=0 cd=-1 mrr=860 bugs=4
PROBE CUST day=160 id=co_lead_51_13 sat=55 tol=51 target=55 trust=0.0 phase=active streak=0 cd=-1 mrr=2420 bugs=4
PROBE CUST day=160 id=co_lead_58_16 sat=55 tol=42 target=55 trust=0.0 phase=active streak=0 cd=-1 mrr=785 bugs=4
PROBE CUST day=160 id=co_lead_64_19 sat=55 tol=42 target=55 trust=0.0 phase=active streak=0 cd=-1 mrr=785 bugs=4
PROBE CUST day=160 id=co_lead_70_21 sat=55 tol=47 target=55 trust=0.0 phase=active streak=0 cd=-1 mrr=785 bugs=4
PROBE CUST day=160 id=co_lead_70_22 sat=55 tol=45 target=55 trust=0.0 phase=active streak=0 cd=-1 mrr=860 bugs=4
PROBE CUST day=160 id=co_lead_75_24 sat=55 tol=45 target=55 trust=0.0 phase=active streak=0 cd=-1 mrr=785 bugs=4
PROBE CUST day=160 id=co_lead_81_27 sat=55 tol=51 target=55 trust=0.0 phase=active streak=0 cd=-1 mrr=2720 bugs=4
PROBE CUST day=160 id=co_lead_86_28 sat=55 tol=47 target=55 trust=0.0 phase=active streak=0 cd=-1 mrr=860 bugs=4
PROBE CUST day=160 id=co_lead_91_30 sat=55 tol=47 target=55 trust=0.0 phase=active streak=0 cd=-1 mrr=860 bugs=4
PROBE CUST day=160 id=co_lead_97_33 sat=55 tol=42 target=55 trust=0.0 phase=active streak=0 cd=-1 mrr=860 bugs=4
PROBE CUST day=160 id=co_lead_107_38 sat=55 tol=51 target=55 trust=0.0 phase=active streak=0 cd=-1 mrr=2420 bugs=4
PROBE CUST day=160 id=co_lead_110_39 sat=55 tol=51 target=55 trust=0.0 phase=active streak=0 cd=-1 mrr=2420 bugs=4
PROBE CUST day=160 id=co_lead_113_40 sat=55 tol=42 target=55 trust=0.0 phase=active streak=0 cd=-1 mrr=860 bugs=4
PROBE CUST day=160 id=co_lead_113_41 sat=55 tol=51 target=55 trust=0.0 phase=active streak=0 cd=-1 mrr=1700 bugs=4
PROBE CUST day=160 id=co_lead_123_45 sat=55 tol=42 target=55 trust=0.0 phase=active streak=0 cd=-1 mrr=500 bugs=4
PROBE CUST day=160 id=co_lead_128_46 sat=55 tol=42 target=55 trust=0.0 phase=active streak=0 cd=-1 mrr=425 bugs=4
PROBE CUST day=160 id=co_lead_128_47 sat=55 tol=51 target=55 trust=0.0 phase=onboarding streak=0 cd=-1 mrr=2000 bugs=4
PROBE CUST day=160 id=co_lead_134_49 sat=55 tol=45 target=55 trust=0.0 phase=onboarding streak=0 cd=-1 mrr=500 bugs=4
PROBE CUST day=160 id=co_lead_145_54 sat=55 tol=47 target=55 trust=0.0 phase=onboarding streak=0 cd=-1 mrr=500 bugs=4
PROBE CUST day=160 id=co_lead_153_56 sat=55 tol=51 target=55 trust=0.0 phase=onboarding streak=0 cd=-1 mrr=1700 bugs=4
PROBE SAT day=160 satisfied=23/23 target=55
[HRSystem] Daily tick — 1 employees (0 izinde)
PROBE FIRE day=161 hour=0 id=ev_b2b_expand_co_lead_113_41 src=factory:b2b_sales_system:242 (expansion)
[EventManager] Modal requested: ev_b2b_expand_co_lead_113_41
[SalesSystem] Daily tick — MRR $27250
[TimeManager] Daily tick — Day 161 (Δ 17 ms)
PROBE PICK day=161 id=ev_b2b_expand_co_lead_113_41 choice=0 label=Büyüt
[EventManager] Resolved: ev_b2b_expand_co_lead_113_41 choice 0
PROBE STATE day=161 cash=46900 mrr=27970 brand=50 burn=260 runway=INF cust=23 emp=1 promises=4 phase=2 aud=0 sat=-1 bugs=5 q=42.6 appetite=warming streak=3/3 profit_streak=2
PROBE CUST day=161 id=co_lead_31_4 sat=55 tol=47 target=55 trust=0.0 phase=active streak=0 cd=-1 mrr=785 bugs=5
PROBE CUST day=161 id=co_lead_31_5 sat=55 tol=47 target=55 trust=0.0 phase=active streak=0 cd=-1 mrr=860 bugs=5
PROBE CUST day=161 id=co_lead_37_7 sat=55 tol=42 target=55 trust=0.0 phase=active streak=0 cd=-1 mrr=860 bugs=5
PROBE CUST day=161 id=co_lead_51_13 sat=55 tol=51 target=55 trust=0.0 phase=active streak=0 cd=-1 mrr=2420 bugs=5
PROBE CUST day=161 id=co_lead_58_16 sat=55 tol=42 target=55 trust=0.0 phase=active streak=0 cd=-1 mrr=785 bugs=5
PROBE CUST day=161 id=co_lead_64_19 sat=55 tol=42 target=55 trust=0.0 phase=active streak=0 cd=-1 mrr=785 bugs=5
PROBE CUST day=161 id=co_lead_70_21 sat=55 tol=47 target=55 trust=0.0 phase=active streak=0 cd=-1 mrr=785 bugs=5
PROBE CUST day=161 id=co_lead_70_22 sat=55 tol=45 target=55 trust=0.0 phase=active streak=0 cd=-1 mrr=860 bugs=5
PROBE CUST day=161 id=co_lead_75_24 sat=55 tol=45 target=55 trust=0.0 phase=active streak=0 cd=-1 mrr=785 bugs=5
PROBE CUST day=161 id=co_lead_81_27 sat=55 tol=51 target=55 trust=0.0 phase=active streak=0 cd=-1 mrr=2720 bugs=5
PROBE CUST day=161 id=co_lead_86_28 sat=55 tol=47 target=55 trust=0.0 phase=active streak=0 cd=-1 mrr=860 bugs=5
PROBE CUST day=161 id=co_lead_91_30 sat=55 tol=47 target=55 trust=0.0 phase=active streak=0 cd=-1 mrr=860 bugs=5
PROBE CUST day=161 id=co_lead_97_33 sat=55 tol=42 target=55 trust=0.0 phase=active streak=0 cd=-1 mrr=860 bugs=5
PROBE CUST day=161 id=co_lead_107_38 sat=55 tol=51 target=55 trust=0.0 phase=active streak=0 cd=-1 mrr=2420 bugs=5
PROBE CUST day=161 id=co_lead_110_39 sat=55 tol=51 target=55 trust=0.0 phase=active streak=0 cd=-1 mrr=2420 bugs=5
PROBE CUST day=161 id=co_lead_113_40 sat=55 tol=42 target=55 trust=0.0 phase=active streak=0 cd=-1 mrr=860 bugs=5
PROBE CUST day=161 id=co_lead_113_41 sat=55 tol=51 target=55 trust=0.0 phase=active streak=0 cd=-1 mrr=2420 bugs=5
PROBE CUST day=161 id=co_lead_123_45 sat=55 tol=42 target=55 trust=0.0 phase=active streak=0 cd=-1 mrr=500 bugs=5
PROBE CUST day=161 id=co_lead_128_46 sat=55 tol=42 target=55 trust=0.0 phase=active streak=0 cd=-1 mrr=425 bugs=5
PROBE CUST day=161 id=co_lead_128_47 sat=55 tol=51 target=55 trust=0.0 phase=active streak=0 cd=-1 mrr=2000 bugs=5
PROBE CUST day=161 id=co_lead_134_49 sat=55 tol=45 target=55 trust=0.0 phase=onboarding streak=0 cd=-1 mrr=500 bugs=5
PROBE CUST day=161 id=co_lead_145_54 sat=55 tol=47 target=55 trust=0.0 phase=onboarding streak=0 cd=-1 mrr=500 bugs=5
PROBE CUST day=161 id=co_lead_153_56 sat=55 tol=51 target=55 trust=0.0 phase=onboarding streak=0 cd=-1 mrr=1700 bugs=5
PROBE SAT day=161 satisfied=23/23 target=55
[HRSystem] Daily tick — 1 employees (0 izinde)
[SalesSystem] Daily tick — MRR $27970
[TimeManager] Daily tick — Day 162 (Δ 18 ms)
PROBE PLAY day=162 pitch Ege Sigorta -> SIGNED (mrr 27970 -> 28395)
[ProductSystem] Bug sprint started: 6 bugs, 2 days
PROBE PLAY day=162 bug_sprint bugs=6
PROBE STATE day=162 cash=47572 mrr=28395 brand=50 burn=260 runway=INF cust=24 emp=1 promises=4 phase=2 aud=0 sat=-1 bugs=6 q=42.2 appetite=warming streak=3/3 profit_streak=2
PROBE CUST day=162 id=co_lead_31_4 sat=54 tol=47 target=54 trust=0.0 phase=active streak=0 cd=-1 mrr=785 bugs=6
PROBE CUST day=162 id=co_lead_31_5 sat=54 tol=47 target=54 trust=0.0 phase=active streak=0 cd=-1 mrr=860 bugs=6
PROBE CUST day=162 id=co_lead_37_7 sat=54 tol=42 target=54 trust=0.0 phase=active streak=0 cd=-1 mrr=860 bugs=6
PROBE CUST day=162 id=co_lead_51_13 sat=54 tol=51 target=54 trust=0.0 phase=active streak=0 cd=-1 mrr=2420 bugs=6
PROBE CUST day=162 id=co_lead_58_16 sat=54 tol=42 target=54 trust=0.0 phase=active streak=0 cd=-1 mrr=785 bugs=6
PROBE CUST day=162 id=co_lead_64_19 sat=54 tol=42 target=54 trust=0.0 phase=active streak=0 cd=-1 mrr=785 bugs=6
PROBE CUST day=162 id=co_lead_70_21 sat=54 tol=47 target=54 trust=0.0 phase=active streak=0 cd=-1 mrr=785 bugs=6
PROBE CUST day=162 id=co_lead_70_22 sat=54 tol=45 target=54 trust=0.0 phase=active streak=0 cd=-1 mrr=860 bugs=6
PROBE CUST day=162 id=co_lead_75_24 sat=54 tol=45 target=54 trust=0.0 phase=active streak=0 cd=-1 mrr=785 bugs=6
PROBE CUST day=162 id=co_lead_81_27 sat=54 tol=51 target=54 trust=0.0 phase=active streak=0 cd=-1 mrr=2720 bugs=6
PROBE CUST day=162 id=co_lead_86_28 sat=54 tol=47 target=54 trust=0.0 phase=active streak=0 cd=-1 mrr=860 bugs=6
PROBE CUST day=162 id=co_lead_91_30 sat=54 tol=47 target=54 trust=0.0 phase=active streak=0 cd=-1 mrr=860 bugs=6
PROBE CUST day=162 id=co_lead_97_33 sat=54 tol=42 target=54 trust=0.0 phase=active streak=0 cd=-1 mrr=860 bugs=6
PROBE CUST day=162 id=co_lead_107_38 sat=54 tol=51 target=54 trust=0.0 phase=active streak=0 cd=-1 mrr=2420 bugs=6
PROBE CUST day=162 id=co_lead_110_39 sat=54 tol=51 target=54 trust=0.0 phase=active streak=0 cd=-1 mrr=2420 bugs=6
PROBE CUST day=162 id=co_lead_113_40 sat=54 tol=42 target=54 trust=0.0 phase=active streak=0 cd=-1 mrr=860 bugs=6
PROBE CUST day=162 id=co_lead_113_41 sat=54 tol=51 target=54 trust=0.0 phase=active streak=0 cd=-1 mrr=2420 bugs=6
PROBE CUST day=162 id=co_lead_123_45 sat=54 tol=42 target=54 trust=0.0 phase=active streak=0 cd=-1 mrr=500 bugs=6
PROBE CUST day=162 id=co_lead_128_46 sat=54 tol=42 target=54 trust=0.0 phase=active streak=0 cd=-1 mrr=425 bugs=6
PROBE CUST day=162 id=co_lead_128_47 sat=54 tol=51 target=54 trust=0.0 phase=active streak=0 cd=-1 mrr=2000 bugs=6
PROBE CUST day=162 id=co_lead_134_49 sat=54 tol=45 target=54 trust=0.0 phase=onboarding streak=0 cd=-1 mrr=500 bugs=6
PROBE CUST day=162 id=co_lead_145_54 sat=54 tol=47 target=54 trust=0.0 phase=onboarding streak=0 cd=-1 mrr=500 bugs=6
PROBE CUST day=162 id=co_lead_153_56 sat=54 tol=51 target=54 trust=0.0 phase=onboarding streak=0 cd=-1 mrr=1700 bugs=6
PROBE CUST day=162 id=co_lead_159_60 sat=56 tol=45 target=54 trust=0.0 phase=onboarding streak=0 cd=-1 mrr=425 bugs=6
PROBE SAT day=162 satisfied=24/24 target=54
[HRSystem] Daily tick — 1 employees (0 izinde)
[SalesSystem] Daily tick — MRR $28395
[TimeManager] Daily tick — Day 163 (Δ 15 ms)
PROBE STATE day=163 cash=48259 mrr=28395 brand=50 burn=260 runway=INF cust=24 emp=1 promises=4 phase=2 aud=0 sat=-1 bugs=3 q=43.1 appetite=warming streak=3/3 profit_streak=2
PROBE CUST day=163 id=co_lead_31_4 sat=56 tol=47 target=56 trust=0.0 phase=active streak=0 cd=-1 mrr=785 bugs=3
PROBE CUST day=163 id=co_lead_31_5 sat=56 tol=47 target=56 trust=0.0 phase=active streak=0 cd=-1 mrr=860 bugs=3
PROBE CUST day=163 id=co_lead_37_7 sat=56 tol=42 target=56 trust=0.0 phase=active streak=0 cd=-1 mrr=860 bugs=3
PROBE CUST day=163 id=co_lead_51_13 sat=56 tol=51 target=56 trust=0.0 phase=active streak=0 cd=-1 mrr=2420 bugs=3
PROBE CUST day=163 id=co_lead_58_16 sat=56 tol=42 target=56 trust=0.0 phase=active streak=0 cd=-1 mrr=785 bugs=3
PROBE CUST day=163 id=co_lead_64_19 sat=56 tol=42 target=56 trust=0.0 phase=active streak=0 cd=-1 mrr=785 bugs=3
PROBE CUST day=163 id=co_lead_70_21 sat=56 tol=47 target=56 trust=0.0 phase=active streak=0 cd=-1 mrr=785 bugs=3
PROBE CUST day=163 id=co_lead_70_22 sat=56 tol=45 target=56 trust=0.0 phase=active streak=0 cd=-1 mrr=860 bugs=3
PROBE CUST day=163 id=co_lead_75_24 sat=56 tol=45 target=56 trust=0.0 phase=active streak=0 cd=-1 mrr=785 bugs=3
PROBE CUST day=163 id=co_lead_81_27 sat=56 tol=51 target=56 trust=0.0 phase=active streak=0 cd=-1 mrr=2720 bugs=3
PROBE CUST day=163 id=co_lead_86_28 sat=56 tol=47 target=56 trust=0.0 phase=active streak=0 cd=-1 mrr=860 bugs=3
PROBE CUST day=163 id=co_lead_91_30 sat=56 tol=47 target=56 trust=0.0 phase=active streak=0 cd=-1 mrr=860 bugs=3
PROBE CUST day=163 id=co_lead_97_33 sat=56 tol=42 target=56 trust=0.0 phase=active streak=0 cd=-1 mrr=860 bugs=3
PROBE CUST day=163 id=co_lead_107_38 sat=56 tol=51 target=56 trust=0.0 phase=active streak=0 cd=-1 mrr=2420 bugs=3
PROBE CUST day=163 id=co_lead_110_39 sat=56 tol=51 target=56 trust=0.0 phase=active streak=0 cd=-1 mrr=2420 bugs=3
PROBE CUST day=163 id=co_lead_113_40 sat=56 tol=42 target=56 trust=0.0 phase=active streak=0 cd=-1 mrr=860 bugs=3
PROBE CUST day=163 id=co_lead_113_41 sat=56 tol=51 target=56 trust=0.0 phase=active streak=0 cd=-1 mrr=2420 bugs=3
PROBE CUST day=163 id=co_lead_123_45 sat=56 tol=42 target=56 trust=0.0 phase=active streak=0 cd=-1 mrr=500 bugs=3
PROBE CUST day=163 id=co_lead_128_46 sat=56 tol=42 target=56 trust=0.0 phase=active streak=0 cd=-1 mrr=425 bugs=3
PROBE CUST day=163 id=co_lead_128_47 sat=56 tol=51 target=56 trust=0.0 phase=active streak=0 cd=-1 mrr=2000 bugs=3
PROBE CUST day=163 id=co_lead_134_49 sat=56 tol=45 target=56 trust=0.0 phase=onboarding streak=0 cd=-1 mrr=500 bugs=3
PROBE CUST day=163 id=co_lead_145_54 sat=56 tol=47 target=56 trust=0.0 phase=onboarding streak=0 cd=-1 mrr=500 bugs=3
PROBE CUST day=163 id=co_lead_153_56 sat=56 tol=51 target=56 trust=0.0 phase=onboarding streak=0 cd=-1 mrr=1700 bugs=3
PROBE CUST day=163 id=co_lead_159_60 sat=56 tol=45 target=56 trust=0.0 phase=onboarding streak=0 cd=-1 mrr=425 bugs=3
PROBE SAT day=163 satisfied=24/24 target=56
[ProductSystem] Bug sprint complete. live_bug now 0
[HRSystem] Daily tick — 1 employees (0 izinde)
[SalesSystem] Daily tick — MRR $28395
[TimeManager] Daily tick — Day 164 (Δ 16 ms)
PROBE PLAY day=164 find_prospects (+2)
PROBE STATE day=164 cash=48946 mrr=28395 brand=50 burn=260 runway=INF cust=24 emp=1 promises=4 phase=2 aud=0 sat=-1 bugs=0 q=43.9 appetite=warming streak=3/3 profit_streak=2
PROBE CUST day=164 id=co_lead_31_4 sat=58 tol=47 target=58 trust=0.0 phase=active streak=0 cd=-1 mrr=785 bugs=0
PROBE CUST day=164 id=co_lead_31_5 sat=58 tol=47 target=58 trust=0.0 phase=active streak=0 cd=-1 mrr=860 bugs=0
PROBE CUST day=164 id=co_lead_37_7 sat=58 tol=42 target=58 trust=0.0 phase=active streak=0 cd=-1 mrr=860 bugs=0
PROBE CUST day=164 id=co_lead_51_13 sat=58 tol=51 target=58 trust=0.0 phase=active streak=0 cd=-1 mrr=2420 bugs=0
PROBE CUST day=164 id=co_lead_58_16 sat=58 tol=42 target=58 trust=0.0 phase=active streak=0 cd=-1 mrr=785 bugs=0
PROBE CUST day=164 id=co_lead_64_19 sat=58 tol=42 target=58 trust=0.0 phase=active streak=0 cd=-1 mrr=785 bugs=0
PROBE CUST day=164 id=co_lead_70_21 sat=58 tol=47 target=58 trust=0.0 phase=active streak=0 cd=-1 mrr=785 bugs=0
PROBE CUST day=164 id=co_lead_70_22 sat=58 tol=45 target=58 trust=0.0 phase=active streak=0 cd=-1 mrr=860 bugs=0
PROBE CUST day=164 id=co_lead_75_24 sat=58 tol=45 target=58 trust=0.0 phase=active streak=0 cd=-1 mrr=785 bugs=0
PROBE CUST day=164 id=co_lead_81_27 sat=58 tol=51 target=58 trust=0.0 phase=active streak=0 cd=-1 mrr=2720 bugs=0
PROBE CUST day=164 id=co_lead_86_28 sat=58 tol=47 target=58 trust=0.0 phase=active streak=0 cd=-1 mrr=860 bugs=0
PROBE CUST day=164 id=co_lead_91_30 sat=58 tol=47 target=58 trust=0.0 phase=active streak=0 cd=-1 mrr=860 bugs=0
PROBE CUST day=164 id=co_lead_97_33 sat=58 tol=42 target=58 trust=0.0 phase=active streak=0 cd=-1 mrr=860 bugs=0
PROBE CUST day=164 id=co_lead_107_38 sat=58 tol=51 target=58 trust=0.0 phase=active streak=0 cd=-1 mrr=2420 bugs=0
PROBE CUST day=164 id=co_lead_110_39 sat=58 tol=51 target=58 trust=0.0 phase=active streak=0 cd=-1 mrr=2420 bugs=0
PROBE CUST day=164 id=co_lead_113_40 sat=58 tol=42 target=58 trust=0.0 phase=active streak=0 cd=-1 mrr=860 bugs=0
PROBE CUST day=164 id=co_lead_113_41 sat=58 tol=51 target=58 trust=0.0 phase=active streak=0 cd=-1 mrr=2420 bugs=0
PROBE CUST day=164 id=co_lead_123_45 sat=58 tol=42 target=58 trust=0.0 phase=active streak=0 cd=-1 mrr=500 bugs=0
PROBE CUST day=164 id=co_lead_128_46 sat=58 tol=42 target=58 trust=0.0 phase=active streak=0 cd=-1 mrr=425 bugs=0
PROBE CUST day=164 id=co_lead_128_47 sat=58 tol=51 target=58 trust=0.0 phase=active streak=0 cd=-1 mrr=2000 bugs=0
PROBE CUST day=164 id=co_lead_134_49 sat=58 tol=45 target=58 trust=0.0 phase=onboarding streak=0 cd=-1 mrr=500 bugs=0
PROBE CUST day=164 id=co_lead_145_54 sat=58 tol=47 target=58 trust=0.0 phase=onboarding streak=0 cd=-1 mrr=500 bugs=0
PROBE CUST day=164 id=co_lead_153_56 sat=58 tol=51 target=58 trust=0.0 phase=onboarding streak=0 cd=-1 mrr=1700 bugs=0
PROBE CUST day=164 id=co_lead_159_60 sat=58 tol=45 target=58 trust=0.0 phase=onboarding streak=0 cd=-1 mrr=425 bugs=0
PROBE SAT day=164 satisfied=24/24 target=58
[HRSystem] Daily tick — 1 employees (0 izinde)
[SalesSystem] Daily tick — MRR $28395
[TimeManager] Daily tick — Day 165 (Δ 17 ms)
PROBE PLAY day=165 pitch Poyraz Sigorta -> CALLBACK (mrr 28395 -> 28395)
PROBE STATE day=165 cash=49633 mrr=28395 brand=50 burn=260 runway=INF cust=24 emp=1 promises=4 phase=2 aud=0 sat=-1 bugs=0 q=43.9 appetite=warming streak=3/3 profit_streak=2
PROBE CUST day=165 id=co_lead_31_4 sat=58 tol=47 target=58 trust=0.0 phase=active streak=0 cd=-1 mrr=785 bugs=0
PROBE CUST day=165 id=co_lead_31_5 sat=58 tol=47 target=58 trust=0.0 phase=active streak=0 cd=-1 mrr=860 bugs=0
PROBE CUST day=165 id=co_lead_37_7 sat=58 tol=42 target=58 trust=0.0 phase=active streak=0 cd=-1 mrr=860 bugs=0
PROBE CUST day=165 id=co_lead_51_13 sat=58 tol=51 target=58 trust=0.0 phase=active streak=0 cd=-1 mrr=2420 bugs=0
PROBE CUST day=165 id=co_lead_58_16 sat=58 tol=42 target=58 trust=0.0 phase=active streak=0 cd=-1 mrr=785 bugs=0
PROBE CUST day=165 id=co_lead_64_19 sat=58 tol=42 target=58 trust=0.0 phase=active streak=0 cd=-1 mrr=785 bugs=0
PROBE CUST day=165 id=co_lead_70_21 sat=58 tol=47 target=58 trust=0.0 phase=active streak=0 cd=-1 mrr=785 bugs=0
PROBE CUST day=165 id=co_lead_70_22 sat=58 tol=45 target=58 trust=0.0 phase=active streak=0 cd=-1 mrr=860 bugs=0
PROBE CUST day=165 id=co_lead_75_24 sat=58 tol=45 target=58 trust=0.0 phase=active streak=0 cd=-1 mrr=785 bugs=0
PROBE CUST day=165 id=co_lead_81_27 sat=58 tol=51 target=58 trust=0.0 phase=active streak=0 cd=-1 mrr=2720 bugs=0
PROBE CUST day=165 id=co_lead_86_28 sat=58 tol=47 target=58 trust=0.0 phase=active streak=0 cd=-1 mrr=860 bugs=0
PROBE CUST day=165 id=co_lead_91_30 sat=58 tol=47 target=58 trust=0.0 phase=active streak=0 cd=-1 mrr=860 bugs=0
PROBE CUST day=165 id=co_lead_97_33 sat=58 tol=42 target=58 trust=0.0 phase=active streak=0 cd=-1 mrr=860 bugs=0
PROBE CUST day=165 id=co_lead_107_38 sat=58 tol=51 target=58 trust=0.0 phase=active streak=0 cd=-1 mrr=2420 bugs=0
PROBE CUST day=165 id=co_lead_110_39 sat=58 tol=51 target=58 trust=0.0 phase=active streak=0 cd=-1 mrr=2420 bugs=0
PROBE CUST day=165 id=co_lead_113_40 sat=58 tol=42 target=58 trust=0.0 phase=active streak=0 cd=-1 mrr=860 bugs=0
PROBE CUST day=165 id=co_lead_113_41 sat=58 tol=51 target=58 trust=0.0 phase=active streak=0 cd=-1 mrr=2420 bugs=0
PROBE CUST day=165 id=co_lead_123_45 sat=58 tol=42 target=58 trust=0.0 phase=active streak=0 cd=-1 mrr=500 bugs=0
PROBE CUST day=165 id=co_lead_128_46 sat=58 tol=42 target=58 trust=0.0 phase=active streak=0 cd=-1 mrr=425 bugs=0
PROBE CUST day=165 id=co_lead_128_47 sat=58 tol=51 target=58 trust=0.0 phase=active streak=0 cd=-1 mrr=2000 bugs=0
PROBE CUST day=165 id=co_lead_134_49 sat=58 tol=45 target=58 trust=0.0 phase=active streak=0 cd=-1 mrr=500 bugs=0
PROBE CUST day=165 id=co_lead_145_54 sat=58 tol=47 target=58 trust=0.0 phase=onboarding streak=0 cd=-1 mrr=500 bugs=0
PROBE CUST day=165 id=co_lead_153_56 sat=58 tol=51 target=58 trust=0.0 phase=onboarding streak=0 cd=-1 mrr=1700 bugs=0
PROBE CUST day=165 id=co_lead_159_60 sat=58 tol=45 target=58 trust=0.0 phase=onboarding streak=0 cd=-1 mrr=425 bugs=0
PROBE SAT day=165 satisfied=24/24 target=58
[HRSystem] Daily tick — 1 employees (0 izinde)
[SalesSystem] Daily tick — MRR $28395
[TimeManager] Daily tick — Day 166 (Δ 16 ms)
PROBE STATE day=166 cash=50320 mrr=28395 brand=50 burn=260 runway=INF cust=24 emp=1 promises=4 phase=2 aud=0 sat=-1 bugs=1 q=43.5 appetite=warming streak=3/3 profit_streak=2
PROBE CUST day=166 id=co_lead_31_4 sat=57 tol=47 target=57 trust=0.0 phase=active streak=0 cd=-1 mrr=785 bugs=1
PROBE CUST day=166 id=co_lead_31_5 sat=57 tol=47 target=57 trust=0.0 phase=active streak=0 cd=-1 mrr=860 bugs=1
PROBE CUST day=166 id=co_lead_37_7 sat=57 tol=42 target=57 trust=0.0 phase=active streak=0 cd=-1 mrr=860 bugs=1
PROBE CUST day=166 id=co_lead_51_13 sat=57 tol=51 target=57 trust=0.0 phase=active streak=0 cd=-1 mrr=2420 bugs=1
PROBE CUST day=166 id=co_lead_58_16 sat=57 tol=42 target=57 trust=0.0 phase=active streak=0 cd=-1 mrr=785 bugs=1
PROBE CUST day=166 id=co_lead_64_19 sat=57 tol=42 target=57 trust=0.0 phase=active streak=0 cd=-1 mrr=785 bugs=1
PROBE CUST day=166 id=co_lead_70_21 sat=57 tol=47 target=57 trust=0.0 phase=active streak=0 cd=-1 mrr=785 bugs=1
PROBE CUST day=166 id=co_lead_70_22 sat=57 tol=45 target=57 trust=0.0 phase=active streak=0 cd=-1 mrr=860 bugs=1
PROBE CUST day=166 id=co_lead_75_24 sat=57 tol=45 target=57 trust=0.0 phase=active streak=0 cd=-1 mrr=785 bugs=1
PROBE CUST day=166 id=co_lead_81_27 sat=57 tol=51 target=57 trust=0.0 phase=active streak=0 cd=-1 mrr=2720 bugs=1
PROBE CUST day=166 id=co_lead_86_28 sat=57 tol=47 target=57 trust=0.0 phase=active streak=0 cd=-1 mrr=860 bugs=1
PROBE CUST day=166 id=co_lead_91_30 sat=57 tol=47 target=57 trust=0.0 phase=active streak=0 cd=-1 mrr=860 bugs=1
PROBE CUST day=166 id=co_lead_97_33 sat=57 tol=42 target=57 trust=0.0 phase=active streak=0 cd=-1 mrr=860 bugs=1
PROBE CUST day=166 id=co_lead_107_38 sat=57 tol=51 target=57 trust=0.0 phase=active streak=0 cd=-1 mrr=2420 bugs=1
PROBE CUST day=166 id=co_lead_110_39 sat=57 tol=51 target=57 trust=0.0 phase=active streak=0 cd=-1 mrr=2420 bugs=1
PROBE CUST day=166 id=co_lead_113_40 sat=57 tol=42 target=57 trust=0.0 phase=active streak=0 cd=-1 mrr=860 bugs=1
PROBE CUST day=166 id=co_lead_113_41 sat=57 tol=51 target=57 trust=0.0 phase=active streak=0 cd=-1 mrr=2420 bugs=1
PROBE CUST day=166 id=co_lead_123_45 sat=57 tol=42 target=57 trust=0.0 phase=active streak=0 cd=-1 mrr=500 bugs=1
PROBE CUST day=166 id=co_lead_128_46 sat=57 tol=42 target=57 trust=0.0 phase=active streak=0 cd=-1 mrr=425 bugs=1
PROBE CUST day=166 id=co_lead_128_47 sat=57 tol=51 target=57 trust=0.0 phase=active streak=0 cd=-1 mrr=2000 bugs=1
PROBE CUST day=166 id=co_lead_134_49 sat=57 tol=45 target=57 trust=0.0 phase=active streak=0 cd=-1 mrr=500 bugs=1
PROBE CUST day=166 id=co_lead_145_54 sat=57 tol=47 target=57 trust=0.0 phase=onboarding streak=0 cd=-1 mrr=500 bugs=1
PROBE CUST day=166 id=co_lead_153_56 sat=57 tol=51 target=57 trust=0.0 phase=onboarding streak=0 cd=-1 mrr=1700 bugs=1
PROBE CUST day=166 id=co_lead_159_60 sat=57 tol=45 target=57 trust=0.0 phase=onboarding streak=0 cd=-1 mrr=425 bugs=1
PROBE SAT day=166 satisfied=24/24 target=57
[HRSystem] Daily tick — 1 employees (0 izinde)
[SalesSystem] Daily tick — MRR $28395
[TimeManager] Daily tick — Day 167 (Δ 18 ms)
PROBE PLAY day=167 pitch Poyraz Sigorta -> SIGNED (mrr 28395 -> 28895)
PROBE STATE day=167 cash=51007 mrr=28895 brand=50 burn=260 runway=INF cust=25 emp=1 promises=4 phase=2 aud=0 sat=-1 bugs=2 q=43.2 appetite=warming streak=3/3 profit_streak=2
PROBE CUST day=167 id=co_lead_31_4 sat=56 tol=47 target=56 trust=0.0 phase=active streak=0 cd=-1 mrr=785 bugs=2
PROBE CUST day=167 id=co_lead_31_5 sat=56 tol=47 target=56 trust=0.0 phase=active streak=0 cd=-1 mrr=860 bugs=2
PROBE CUST day=167 id=co_lead_37_7 sat=56 tol=42 target=56 trust=0.0 phase=active streak=0 cd=-1 mrr=860 bugs=2
PROBE CUST day=167 id=co_lead_51_13 sat=56 tol=51 target=56 trust=0.0 phase=active streak=0 cd=-1 mrr=2420 bugs=2
PROBE CUST day=167 id=co_lead_58_16 sat=56 tol=42 target=56 trust=0.0 phase=active streak=0 cd=-1 mrr=785 bugs=2
PROBE CUST day=167 id=co_lead_64_19 sat=56 tol=42 target=56 trust=0.0 phase=active streak=0 cd=-1 mrr=785 bugs=2
PROBE CUST day=167 id=co_lead_70_21 sat=56 tol=47 target=56 trust=0.0 phase=active streak=0 cd=-1 mrr=785 bugs=2
PROBE CUST day=167 id=co_lead_70_22 sat=56 tol=45 target=56 trust=0.0 phase=active streak=0 cd=-1 mrr=860 bugs=2
PROBE CUST day=167 id=co_lead_75_24 sat=56 tol=45 target=56 trust=0.0 phase=active streak=0 cd=-1 mrr=785 bugs=2
PROBE CUST day=167 id=co_lead_81_27 sat=56 tol=51 target=56 trust=0.0 phase=active streak=0 cd=-1 mrr=2720 bugs=2
PROBE CUST day=167 id=co_lead_86_28 sat=56 tol=47 target=56 trust=0.0 phase=active streak=0 cd=-1 mrr=860 bugs=2
PROBE CUST day=167 id=co_lead_91_30 sat=56 tol=47 target=56 trust=0.0 phase=active streak=0 cd=-1 mrr=860 bugs=2
PROBE CUST day=167 id=co_lead_97_33 sat=56 tol=42 target=56 trust=0.0 phase=active streak=0 cd=-1 mrr=860 bugs=2
PROBE CUST day=167 id=co_lead_107_38 sat=56 tol=51 target=56 trust=0.0 phase=active streak=0 cd=-1 mrr=2420 bugs=2
PROBE CUST day=167 id=co_lead_110_39 sat=56 tol=51 target=56 trust=0.0 phase=active streak=0 cd=-1 mrr=2420 bugs=2
PROBE CUST day=167 id=co_lead_113_40 sat=56 tol=42 target=56 trust=0.0 phase=active streak=0 cd=-1 mrr=860 bugs=2
PROBE CUST day=167 id=co_lead_113_41 sat=56 tol=51 target=56 trust=0.0 phase=active streak=0 cd=-1 mrr=2420 bugs=2
PROBE CUST day=167 id=co_lead_123_45 sat=56 tol=42 target=56 trust=0.0 phase=active streak=0 cd=-1 mrr=500 bugs=2
PROBE CUST day=167 id=co_lead_128_46 sat=56 tol=42 target=56 trust=0.0 phase=active streak=0 cd=-1 mrr=425 bugs=2
PROBE CUST day=167 id=co_lead_128_47 sat=56 tol=51 target=56 trust=0.0 phase=active streak=0 cd=-1 mrr=2000 bugs=2
PROBE CUST day=167 id=co_lead_134_49 sat=56 tol=45 target=56 trust=0.0 phase=active streak=0 cd=-1 mrr=500 bugs=2
PROBE CUST day=167 id=co_lead_145_54 sat=56 tol=47 target=56 trust=0.0 phase=onboarding streak=0 cd=-1 mrr=500 bugs=2
PROBE CUST day=167 id=co_lead_153_56 sat=56 tol=51 target=56 trust=0.0 phase=onboarding streak=0 cd=-1 mrr=1700 bugs=2
PROBE CUST day=167 id=co_lead_159_60 sat=56 tol=45 target=56 trust=0.0 phase=onboarding streak=0 cd=-1 mrr=425 bugs=2
PROBE CUST day=167 id=co_lead_164_61 sat=63 tol=45 target=56 trust=0.0 phase=onboarding streak=0 cd=-1 mrr=500 bugs=2
PROBE SAT day=167 satisfied=25/25 target=56
[HRSystem] Daily tick — 1 employees (0 izinde)
[SalesSystem] Daily tick — MRR $28895
[TimeManager] Daily tick — Day 168 (Δ 18 ms)
PROBE STATE day=168 cash=51710 mrr=28895 brand=50 burn=260 runway=INF cust=25 emp=1 promises=4 phase=2 aud=0 sat=-1 bugs=2 q=43.2 appetite=warming streak=3/3 profit_streak=2
PROBE CUST day=168 id=co_lead_31_4 sat=56 tol=47 target=56 trust=0.0 phase=active streak=0 cd=-1 mrr=785 bugs=2
PROBE CUST day=168 id=co_lead_31_5 sat=56 tol=47 target=56 trust=0.0 phase=active streak=0 cd=-1 mrr=860 bugs=2
PROBE CUST day=168 id=co_lead_37_7 sat=56 tol=42 target=56 trust=0.0 phase=active streak=0 cd=-1 mrr=860 bugs=2
PROBE CUST day=168 id=co_lead_51_13 sat=56 tol=51 target=56 trust=0.0 phase=active streak=0 cd=-1 mrr=2420 bugs=2
PROBE CUST day=168 id=co_lead_58_16 sat=56 tol=42 target=56 trust=0.0 phase=active streak=0 cd=-1 mrr=785 bugs=2
PROBE CUST day=168 id=co_lead_64_19 sat=56 tol=42 target=56 trust=0.0 phase=active streak=0 cd=-1 mrr=785 bugs=2
PROBE CUST day=168 id=co_lead_70_21 sat=56 tol=47 target=56 trust=0.0 phase=active streak=0 cd=-1 mrr=785 bugs=2
PROBE CUST day=168 id=co_lead_70_22 sat=56 tol=45 target=56 trust=0.0 phase=active streak=0 cd=-1 mrr=860 bugs=2
PROBE CUST day=168 id=co_lead_75_24 sat=56 tol=45 target=56 trust=0.0 phase=active streak=0 cd=-1 mrr=785 bugs=2
PROBE CUST day=168 id=co_lead_81_27 sat=56 tol=51 target=56 trust=0.0 phase=active streak=0 cd=-1 mrr=2720 bugs=2
PROBE CUST day=168 id=co_lead_86_28 sat=56 tol=47 target=56 trust=0.0 phase=active streak=0 cd=-1 mrr=860 bugs=2
PROBE CUST day=168 id=co_lead_91_30 sat=56 tol=47 target=56 trust=0.0 phase=active streak=0 cd=-1 mrr=860 bugs=2
PROBE CUST day=168 id=co_lead_97_33 sat=56 tol=42 target=56 trust=0.0 phase=active streak=0 cd=-1 mrr=860 bugs=2
PROBE CUST day=168 id=co_lead_107_38 sat=56 tol=51 target=56 trust=0.0 phase=active streak=0 cd=-1 mrr=2420 bugs=2
PROBE CUST day=168 id=co_lead_110_39 sat=56 tol=51 target=56 trust=0.0 phase=active streak=0 cd=-1 mrr=2420 bugs=2
PROBE CUST day=168 id=co_lead_113_40 sat=56 tol=42 target=56 trust=0.0 phase=active streak=0 cd=-1 mrr=860 bugs=2
PROBE CUST day=168 id=co_lead_113_41 sat=56 tol=51 target=56 trust=0.0 phase=active streak=0 cd=-1 mrr=2420 bugs=2
PROBE CUST day=168 id=co_lead_123_45 sat=56 tol=42 target=56 trust=0.0 phase=active streak=0 cd=-1 mrr=500 bugs=2
PROBE CUST day=168 id=co_lead_128_46 sat=56 tol=42 target=56 trust=0.0 phase=active streak=0 cd=-1 mrr=425 bugs=2
PROBE CUST day=168 id=co_lead_128_47 sat=56 tol=51 target=56 trust=0.0 phase=active streak=0 cd=-1 mrr=2000 bugs=2
PROBE CUST day=168 id=co_lead_134_49 sat=56 tol=45 target=56 trust=0.0 phase=active streak=0 cd=-1 mrr=500 bugs=2
PROBE CUST day=168 id=co_lead_145_54 sat=56 tol=47 target=56 trust=0.0 phase=onboarding streak=0 cd=-1 mrr=500 bugs=2
PROBE CUST day=168 id=co_lead_153_56 sat=56 tol=51 target=56 trust=0.0 phase=onboarding streak=0 cd=-1 mrr=1700 bugs=2
PROBE CUST day=168 id=co_lead_159_60 sat=56 tol=45 target=56 trust=0.0 phase=onboarding streak=0 cd=-1 mrr=425 bugs=2
PROBE CUST day=168 id=co_lead_164_61 sat=58 tol=45 target=56 trust=0.0 phase=onboarding streak=0 cd=-1 mrr=500 bugs=2
PROBE SAT day=168 satisfied=25/25 target=56
[HRSystem] Daily tick — 1 employees (0 izinde)
[SalesSystem] Daily tick — MRR $28895
[TimeManager] Daily tick — Day 169 (Δ 16 ms)
PROBE PLAY day=169 find_prospects (+2)
PROBE STATE day=169 cash=52413 mrr=28895 brand=50 burn=260 runway=INF cust=25 emp=1 promises=4 phase=2 aud=0 sat=-1 bugs=3 q=42.9 appetite=warming streak=3/3 profit_streak=2
PROBE CUST day=169 id=co_lead_31_4 sat=56 tol=47 target=56 trust=0.0 phase=active streak=0 cd=-1 mrr=785 bugs=3
PROBE CUST day=169 id=co_lead_31_5 sat=56 tol=47 target=56 trust=0.0 phase=active streak=0 cd=-1 mrr=860 bugs=3
PROBE CUST day=169 id=co_lead_37_7 sat=56 tol=42 target=56 trust=0.0 phase=active streak=0 cd=-1 mrr=860 bugs=3
PROBE CUST day=169 id=co_lead_51_13 sat=56 tol=51 target=56 trust=0.0 phase=active streak=0 cd=-1 mrr=2420 bugs=3
PROBE CUST day=169 id=co_lead_58_16 sat=56 tol=42 target=56 trust=0.0 phase=active streak=0 cd=-1 mrr=785 bugs=3
PROBE CUST day=169 id=co_lead_64_19 sat=56 tol=42 target=56 trust=0.0 phase=active streak=0 cd=-1 mrr=785 bugs=3
PROBE CUST day=169 id=co_lead_70_21 sat=56 tol=47 target=56 trust=0.0 phase=active streak=0 cd=-1 mrr=785 bugs=3
PROBE CUST day=169 id=co_lead_70_22 sat=56 tol=45 target=56 trust=0.0 phase=active streak=0 cd=-1 mrr=860 bugs=3
PROBE CUST day=169 id=co_lead_75_24 sat=56 tol=45 target=56 trust=0.0 phase=active streak=0 cd=-1 mrr=785 bugs=3
PROBE CUST day=169 id=co_lead_81_27 sat=56 tol=51 target=56 trust=0.0 phase=active streak=0 cd=-1 mrr=2720 bugs=3
PROBE CUST day=169 id=co_lead_86_28 sat=56 tol=47 target=56 trust=0.0 phase=active streak=0 cd=-1 mrr=860 bugs=3
PROBE CUST day=169 id=co_lead_91_30 sat=56 tol=47 target=56 trust=0.0 phase=active streak=0 cd=-1 mrr=860 bugs=3
PROBE CUST day=169 id=co_lead_97_33 sat=56 tol=42 target=56 trust=0.0 phase=active streak=0 cd=-1 mrr=860 bugs=3
PROBE CUST day=169 id=co_lead_107_38 sat=56 tol=51 target=56 trust=0.0 phase=active streak=0 cd=-1 mrr=2420 bugs=3
PROBE CUST day=169 id=co_lead_110_39 sat=56 tol=51 target=56 trust=0.0 phase=active streak=0 cd=-1 mrr=2420 bugs=3
PROBE CUST day=169 id=co_lead_113_40 sat=56 tol=42 target=56 trust=0.0 phase=active streak=0 cd=-1 mrr=860 bugs=3
PROBE CUST day=169 id=co_lead_113_41 sat=56 tol=51 target=56 trust=0.0 phase=active streak=0 cd=-1 mrr=2420 bugs=3
PROBE CUST day=169 id=co_lead_123_45 sat=56 tol=42 target=56 trust=0.0 phase=active streak=0 cd=-1 mrr=500 bugs=3
PROBE CUST day=169 id=co_lead_128_46 sat=56 tol=42 target=56 trust=0.0 phase=active streak=0 cd=-1 mrr=425 bugs=3
PROBE CUST day=169 id=co_lead_128_47 sat=56 tol=51 target=56 trust=0.0 phase=active streak=0 cd=-1 mrr=2000 bugs=3
PROBE CUST day=169 id=co_lead_134_49 sat=56 tol=45 target=56 trust=0.0 phase=active streak=0 cd=-1 mrr=500 bugs=3
PROBE CUST day=169 id=co_lead_145_54 sat=56 tol=47 target=56 trust=0.0 phase=onboarding streak=0 cd=-1 mrr=500 bugs=3
PROBE CUST day=169 id=co_lead_153_56 sat=56 tol=51 target=56 trust=0.0 phase=onboarding streak=0 cd=-1 mrr=1700 bugs=3
PROBE CUST day=169 id=co_lead_159_60 sat=56 tol=45 target=56 trust=0.0 phase=onboarding streak=0 cd=-1 mrr=425 bugs=3
PROBE CUST day=169 id=co_lead_164_61 sat=56 tol=45 target=56 trust=0.0 phase=onboarding streak=0 cd=-1 mrr=500 bugs=3
PROBE SAT day=169 satisfied=25/25 target=56
PROBE FIRE day=169 hour=9 id=ev_ps_referral_b2b src=pool
[EventManager] Eligible: ev_ps_referral_b2b
[EventManager] Modal requested: ev_ps_referral_b2b
PROBE PICK day=169 id=ev_ps_referral_b2b choice=0 label=Kabul et — özellik sözü ver
[EventManager] Resolved: ev_ps_referral_b2b choice 0
[HRSystem] Daily tick — 1 employees (0 izinde)
[SalesSystem] Daily tick — MRR $28895
[TimeManager] Daily tick — Day 170 (Δ 17 ms)
PROBE STATE day=170 cash=52716 mrr=28895 brand=50 burn=260 runway=INF cust=25 emp=1 promises=4 phase=2 aud=0 sat=-1 bugs=4 q=42.5 appetite=warming streak=3/3 profit_streak=2
PROBE CUST day=170 id=co_lead_31_4 sat=55 tol=47 target=55 trust=0.0 phase=active streak=0 cd=-1 mrr=785 bugs=4
PROBE CUST day=170 id=co_lead_31_5 sat=55 tol=47 target=55 trust=0.0 phase=active streak=0 cd=-1 mrr=860 bugs=4
PROBE CUST day=170 id=co_lead_37_7 sat=55 tol=42 target=55 trust=0.0 phase=active streak=0 cd=-1 mrr=860 bugs=4
PROBE CUST day=170 id=co_lead_51_13 sat=55 tol=51 target=55 trust=0.0 phase=active streak=0 cd=-1 mrr=2420 bugs=4
PROBE CUST day=170 id=co_lead_58_16 sat=55 tol=42 target=55 trust=0.0 phase=active streak=0 cd=-1 mrr=785 bugs=4
PROBE CUST day=170 id=co_lead_64_19 sat=55 tol=42 target=55 trust=0.0 phase=active streak=0 cd=-1 mrr=785 bugs=4
PROBE CUST day=170 id=co_lead_70_21 sat=55 tol=47 target=55 trust=0.0 phase=active streak=0 cd=-1 mrr=785 bugs=4
PROBE CUST day=170 id=co_lead_70_22 sat=55 tol=45 target=55 trust=0.0 phase=active streak=0 cd=-1 mrr=860 bugs=4
PROBE CUST day=170 id=co_lead_75_24 sat=55 tol=45 target=55 trust=0.0 phase=active streak=0 cd=-1 mrr=785 bugs=4
PROBE CUST day=170 id=co_lead_81_27 sat=55 tol=51 target=55 trust=0.0 phase=active streak=0 cd=-1 mrr=2720 bugs=4
PROBE CUST day=170 id=co_lead_86_28 sat=55 tol=47 target=55 trust=0.0 phase=active streak=0 cd=-1 mrr=860 bugs=4
PROBE CUST day=170 id=co_lead_91_30 sat=55 tol=47 target=55 trust=0.0 phase=active streak=0 cd=-1 mrr=860 bugs=4
PROBE CUST day=170 id=co_lead_97_33 sat=55 tol=42 target=55 trust=0.0 phase=active streak=0 cd=-1 mrr=860 bugs=4
PROBE CUST day=170 id=co_lead_107_38 sat=55 tol=51 target=55 trust=0.0 phase=active streak=0 cd=-1 mrr=2420 bugs=4
PROBE CUST day=170 id=co_lead_110_39 sat=55 tol=51 target=55 trust=0.0 phase=active streak=0 cd=-1 mrr=2420 bugs=4
PROBE CUST day=170 id=co_lead_113_40 sat=55 tol=42 target=55 trust=0.0 phase=active streak=0 cd=-1 mrr=860 bugs=4
PROBE CUST day=170 id=co_lead_113_41 sat=55 tol=51 target=55 trust=0.0 phase=active streak=0 cd=-1 mrr=2420 bugs=4
PROBE CUST day=170 id=co_lead_123_45 sat=55 tol=42 target=55 trust=0.0 phase=active streak=0 cd=-1 mrr=500 bugs=4
PROBE CUST day=170 id=co_lead_128_46 sat=55 tol=42 target=55 trust=0.0 phase=active streak=0 cd=-1 mrr=425 bugs=4
PROBE CUST day=170 id=co_lead_128_47 sat=55 tol=51 target=55 trust=0.0 phase=active streak=0 cd=-1 mrr=2000 bugs=4
PROBE CUST day=170 id=co_lead_134_49 sat=55 tol=45 target=55 trust=0.0 phase=active streak=0 cd=-1 mrr=500 bugs=4
PROBE CUST day=170 id=co_lead_145_54 sat=55 tol=47 target=55 trust=0.0 phase=onboarding streak=0 cd=-1 mrr=500 bugs=4
PROBE CUST day=170 id=co_lead_153_56 sat=55 tol=51 target=55 trust=0.0 phase=onboarding streak=0 cd=-1 mrr=1700 bugs=4
PROBE CUST day=170 id=co_lead_159_60 sat=55 tol=45 target=55 trust=0.0 phase=onboarding streak=0 cd=-1 mrr=425 bugs=4
PROBE CUST day=170 id=co_lead_164_61 sat=55 tol=45 target=55 trust=0.0 phase=onboarding streak=0 cd=-1 mrr=500 bugs=4
PROBE SAT day=170 satisfied=25/25 target=55
[HRSystem] Daily tick — 1 employees (0 izinde)
PROBE FIRE day=171 hour=0 id=ev_b2b_expand_co_lead_123_45 src=factory:b2b_sales_system:242 (expansion)
[EventManager] Modal requested: ev_b2b_expand_co_lead_123_45
[SalesSystem] Daily tick — MRR $28895
[TimeManager] Daily tick — Day 171 (Δ 17 ms)
PROBE PICK day=171 id=ev_b2b_expand_co_lead_123_45 choice=0 label=Büyüt
[EventManager] Resolved: ev_b2b_expand_co_lead_123_45 choice 0
PROBE STATE day=171 cash=53419 mrr=29255 brand=50 burn=260 runway=INF cust=25 emp=1 promises=4 phase=2 aud=0 sat=-1 bugs=4 q=42.5 appetite=warming streak=3/3 profit_streak=2
PROBE CUST day=171 id=co_lead_31_4 sat=55 tol=47 target=55 trust=0.0 phase=active streak=0 cd=-1 mrr=785 bugs=4
PROBE CUST day=171 id=co_lead_31_5 sat=55 tol=47 target=55 trust=0.0 phase=active streak=0 cd=-1 mrr=860 bugs=4
PROBE CUST day=171 id=co_lead_37_7 sat=55 tol=42 target=55 trust=0.0 phase=active streak=0 cd=-1 mrr=860 bugs=4
PROBE CUST day=171 id=co_lead_51_13 sat=55 tol=51 target=55 trust=0.0 phase=active streak=0 cd=-1 mrr=2420 bugs=4
PROBE CUST day=171 id=co_lead_58_16 sat=55 tol=42 target=55 trust=0.0 phase=active streak=0 cd=-1 mrr=785 bugs=4
PROBE CUST day=171 id=co_lead_64_19 sat=55 tol=42 target=55 trust=0.0 phase=active streak=0 cd=-1 mrr=785 bugs=4
PROBE CUST day=171 id=co_lead_70_21 sat=55 tol=47 target=55 trust=0.0 phase=active streak=0 cd=-1 mrr=785 bugs=4
PROBE CUST day=171 id=co_lead_70_22 sat=55 tol=45 target=55 trust=0.0 phase=active streak=0 cd=-1 mrr=860 bugs=4
PROBE CUST day=171 id=co_lead_75_24 sat=55 tol=45 target=55 trust=0.0 phase=active streak=0 cd=-1 mrr=785 bugs=4
PROBE CUST day=171 id=co_lead_81_27 sat=55 tol=51 target=55 trust=0.0 phase=active streak=0 cd=-1 mrr=2720 bugs=4
PROBE CUST day=171 id=co_lead_86_28 sat=55 tol=47 target=55 trust=0.0 phase=active streak=0 cd=-1 mrr=860 bugs=4
PROBE CUST day=171 id=co_lead_91_30 sat=55 tol=47 target=55 trust=0.0 phase=active streak=0 cd=-1 mrr=860 bugs=4
PROBE CUST day=171 id=co_lead_97_33 sat=55 tol=42 target=55 trust=0.0 phase=active streak=0 cd=-1 mrr=860 bugs=4
PROBE CUST day=171 id=co_lead_107_38 sat=55 tol=51 target=55 trust=0.0 phase=active streak=0 cd=-1 mrr=2420 bugs=4
PROBE CUST day=171 id=co_lead_110_39 sat=55 tol=51 target=55 trust=0.0 phase=active streak=0 cd=-1 mrr=2420 bugs=4
PROBE CUST day=171 id=co_lead_113_40 sat=55 tol=42 target=55 trust=0.0 phase=active streak=0 cd=-1 mrr=860 bugs=4
PROBE CUST day=171 id=co_lead_113_41 sat=55 tol=51 target=55 trust=0.0 phase=active streak=0 cd=-1 mrr=2420 bugs=4
PROBE CUST day=171 id=co_lead_123_45 sat=55 tol=42 target=55 trust=0.0 phase=active streak=0 cd=-1 mrr=860 bugs=4
PROBE CUST day=171 id=co_lead_128_46 sat=55 tol=42 target=55 trust=0.0 phase=active streak=0 cd=-1 mrr=425 bugs=4
PROBE CUST day=171 id=co_lead_128_47 sat=55 tol=51 target=55 trust=0.0 phase=active streak=0 cd=-1 mrr=2000 bugs=4
PROBE CUST day=171 id=co_lead_134_49 sat=55 tol=45 target=55 trust=0.0 phase=active streak=0 cd=-1 mrr=500 bugs=4
PROBE CUST day=171 id=co_lead_145_54 sat=55 tol=47 target=55 trust=0.0 phase=onboarding streak=0 cd=-1 mrr=500 bugs=4
PROBE CUST day=171 id=co_lead_153_56 sat=55 tol=51 target=55 trust=0.0 phase=onboarding streak=0 cd=-1 mrr=1700 bugs=4
PROBE CUST day=171 id=co_lead_159_60 sat=55 tol=45 target=55 trust=0.0 phase=onboarding streak=0 cd=-1 mrr=425 bugs=4
PROBE CUST day=171 id=co_lead_164_61 sat=55 tol=45 target=55 trust=0.0 phase=onboarding streak=0 cd=-1 mrr=500 bugs=4
PROBE SAT day=171 satisfied=25/25 target=55
[HRSystem] Daily tick — 1 employees (0 izinde)
[SalesSystem] Daily tick — MRR $29255
[TimeManager] Daily tick — Day 172 (Δ 18 ms)
PROBE STATE day=172 cash=54134 mrr=29255 brand=50 burn=260 runway=INF cust=25 emp=1 promises=4 phase=2 aud=0 sat=-1 bugs=5 q=42.2 appetite=warming streak=3/3 profit_streak=2
PROBE CUST day=172 id=co_lead_31_4 sat=55 tol=47 target=55 trust=0.0 phase=active streak=0 cd=-1 mrr=785 bugs=5
PROBE CUST day=172 id=co_lead_31_5 sat=55 tol=47 target=55 trust=0.0 phase=active streak=0 cd=-1 mrr=860 bugs=5
PROBE CUST day=172 id=co_lead_37_7 sat=55 tol=42 target=55 trust=0.0 phase=active streak=0 cd=-1 mrr=860 bugs=5
PROBE CUST day=172 id=co_lead_51_13 sat=55 tol=51 target=55 trust=0.0 phase=active streak=0 cd=-1 mrr=2420 bugs=5
PROBE CUST day=172 id=co_lead_58_16 sat=55 tol=42 target=55 trust=0.0 phase=active streak=0 cd=-1 mrr=785 bugs=5
PROBE CUST day=172 id=co_lead_64_19 sat=55 tol=42 target=55 trust=0.0 phase=active streak=0 cd=-1 mrr=785 bugs=5
PROBE CUST day=172 id=co_lead_70_21 sat=55 tol=47 target=55 trust=0.0 phase=active streak=0 cd=-1 mrr=785 bugs=5
PROBE CUST day=172 id=co_lead_70_22 sat=55 tol=45 target=55 trust=0.0 phase=active streak=0 cd=-1 mrr=860 bugs=5
PROBE CUST day=172 id=co_lead_75_24 sat=55 tol=45 target=55 trust=0.0 phase=active streak=0 cd=-1 mrr=785 bugs=5
PROBE CUST day=172 id=co_lead_81_27 sat=55 tol=51 target=55 trust=0.0 phase=active streak=0 cd=-1 mrr=2720 bugs=5
PROBE CUST day=172 id=co_lead_86_28 sat=55 tol=47 target=55 trust=0.0 phase=active streak=0 cd=-1 mrr=860 bugs=5
PROBE CUST day=172 id=co_lead_91_30 sat=55 tol=47 target=55 trust=0.0 phase=active streak=0 cd=-1 mrr=860 bugs=5
PROBE CUST day=172 id=co_lead_97_33 sat=55 tol=42 target=55 trust=0.0 phase=active streak=0 cd=-1 mrr=860 bugs=5
PROBE CUST day=172 id=co_lead_107_38 sat=55 tol=51 target=55 trust=0.0 phase=active streak=0 cd=-1 mrr=2420 bugs=5
PROBE CUST day=172 id=co_lead_110_39 sat=55 tol=51 target=55 trust=0.0 phase=active streak=0 cd=-1 mrr=2420 bugs=5
PROBE CUST day=172 id=co_lead_113_40 sat=55 tol=42 target=55 trust=0.0 phase=active streak=0 cd=-1 mrr=860 bugs=5
PROBE CUST day=172 id=co_lead_113_41 sat=55 tol=51 target=55 trust=0.0 phase=active streak=0 cd=-1 mrr=2420 bugs=5
PROBE CUST day=172 id=co_lead_123_45 sat=55 tol=42 target=55 trust=0.0 phase=active streak=0 cd=-1 mrr=860 bugs=5
PROBE CUST day=172 id=co_lead_128_46 sat=55 tol=42 target=55 trust=0.0 phase=active streak=0 cd=-1 mrr=425 bugs=5
PROBE CUST day=172 id=co_lead_128_47 sat=55 tol=51 target=55 trust=0.0 phase=active streak=0 cd=-1 mrr=2000 bugs=5
PROBE CUST day=172 id=co_lead_134_49 sat=55 tol=45 target=55 trust=0.0 phase=active streak=0 cd=-1 mrr=500 bugs=5
PROBE CUST day=172 id=co_lead_145_54 sat=55 tol=47 target=55 trust=0.0 phase=onboarding streak=0 cd=-1 mrr=500 bugs=5
PROBE CUST day=172 id=co_lead_153_56 sat=55 tol=51 target=55 trust=0.0 phase=onboarding streak=0 cd=-1 mrr=1700 bugs=5
PROBE CUST day=172 id=co_lead_159_60 sat=55 tol=45 target=55 trust=0.0 phase=onboarding streak=0 cd=-1 mrr=425 bugs=5
PROBE CUST day=172 id=co_lead_164_61 sat=55 tol=45 target=55 trust=0.0 phase=onboarding streak=0 cd=-1 mrr=500 bugs=5
PROBE SAT day=172 satisfied=25/25 target=55
[HRSystem] Daily tick — 1 employees (0 izinde)
[SalesSystem] Daily tick — MRR $29255
[TimeManager] Daily tick — Day 173 (Δ 15 ms)
[ProductSystem] Bug sprint started: 6 bugs, 2 days
PROBE PLAY day=173 bug_sprint bugs=6
PROBE STATE day=173 cash=54849 mrr=29255 brand=50 burn=260 runway=INF cust=25 emp=1 promises=4 phase=2 aud=0 sat=-1 bugs=6 q=41.9 appetite=warming streak=3/3 profit_streak=2
PROBE CUST day=173 id=co_lead_31_4 sat=54 tol=47 target=54 trust=0.0 phase=active streak=0 cd=-1 mrr=785 bugs=6
PROBE CUST day=173 id=co_lead_31_5 sat=54 tol=47 target=54 trust=0.0 phase=active streak=0 cd=-1 mrr=860 bugs=6
PROBE CUST day=173 id=co_lead_37_7 sat=54 tol=42 target=54 trust=0.0 phase=active streak=0 cd=-1 mrr=860 bugs=6
PROBE CUST day=173 id=co_lead_51_13 sat=54 tol=51 target=54 trust=0.0 phase=active streak=0 cd=-1 mrr=2420 bugs=6
PROBE CUST day=173 id=co_lead_58_16 sat=54 tol=42 target=54 trust=0.0 phase=active streak=0 cd=-1 mrr=785 bugs=6
PROBE CUST day=173 id=co_lead_64_19 sat=54 tol=42 target=54 trust=0.0 phase=active streak=0 cd=-1 mrr=785 bugs=6
PROBE CUST day=173 id=co_lead_70_21 sat=54 tol=47 target=54 trust=0.0 phase=active streak=0 cd=-1 mrr=785 bugs=6
PROBE CUST day=173 id=co_lead_70_22 sat=54 tol=45 target=54 trust=0.0 phase=active streak=0 cd=-1 mrr=860 bugs=6
PROBE CUST day=173 id=co_lead_75_24 sat=54 tol=45 target=54 trust=0.0 phase=active streak=0 cd=-1 mrr=785 bugs=6
PROBE CUST day=173 id=co_lead_81_27 sat=54 tol=51 target=54 trust=0.0 phase=active streak=0 cd=-1 mrr=2720 bugs=6
PROBE CUST day=173 id=co_lead_86_28 sat=54 tol=47 target=54 trust=0.0 phase=active streak=0 cd=-1 mrr=860 bugs=6
PROBE CUST day=173 id=co_lead_91_30 sat=54 tol=47 target=54 trust=0.0 phase=active streak=0 cd=-1 mrr=860 bugs=6
PROBE CUST day=173 id=co_lead_97_33 sat=54 tol=42 target=54 trust=0.0 phase=active streak=0 cd=-1 mrr=860 bugs=6
PROBE CUST day=173 id=co_lead_107_38 sat=54 tol=51 target=54 trust=0.0 phase=active streak=0 cd=-1 mrr=2420 bugs=6
PROBE CUST day=173 id=co_lead_110_39 sat=54 tol=51 target=54 trust=0.0 phase=active streak=0 cd=-1 mrr=2420 bugs=6
PROBE CUST day=173 id=co_lead_113_40 sat=54 tol=42 target=54 trust=0.0 phase=active streak=0 cd=-1 mrr=860 bugs=6
PROBE CUST day=173 id=co_lead_113_41 sat=54 tol=51 target=54 trust=0.0 phase=active streak=0 cd=-1 mrr=2420 bugs=6
PROBE CUST day=173 id=co_lead_123_45 sat=54 tol=42 target=54 trust=0.0 phase=active streak=0 cd=-1 mrr=860 bugs=6
PROBE CUST day=173 id=co_lead_128_46 sat=54 tol=42 target=54 trust=0.0 phase=active streak=0 cd=-1 mrr=425 bugs=6
PROBE CUST day=173 id=co_lead_128_47 sat=54 tol=51 target=54 trust=0.0 phase=active streak=0 cd=-1 mrr=2000 bugs=6
PROBE CUST day=173 id=co_lead_134_49 sat=54 tol=45 target=54 trust=0.0 phase=active streak=0 cd=-1 mrr=500 bugs=6
PROBE CUST day=173 id=co_lead_145_54 sat=54 tol=47 target=54 trust=0.0 phase=onboarding streak=0 cd=-1 mrr=500 bugs=6
PROBE CUST day=173 id=co_lead_153_56 sat=54 tol=51 target=54 trust=0.0 phase=onboarding streak=0 cd=-1 mrr=1700 bugs=6
PROBE CUST day=173 id=co_lead_159_60 sat=54 tol=45 target=54 trust=0.0 phase=onboarding streak=0 cd=-1 mrr=425 bugs=6
PROBE CUST day=173 id=co_lead_164_61 sat=54 tol=45 target=54 trust=0.0 phase=onboarding streak=0 cd=-1 mrr=500 bugs=6
PROBE SAT day=173 satisfied=25/25 target=54
[HRSystem] Daily tick — 1 employees (0 izinde)
PROBE FIRE day=174 hour=0 id=ev_b2b_expand_co_lead_128_46 src=factory:b2b_sales_system:242 (expansion)
[EventManager] Modal requested: ev_b2b_expand_co_lead_128_46
[SalesSystem] Daily tick — MRR $29255
[TimeManager] Daily tick — Day 174 (Δ 16 ms)
PROBE PICK day=174 id=ev_b2b_expand_co_lead_128_46 choice=0 label=Büyüt
[EventManager] Resolved: ev_b2b_expand_co_lead_128_46 choice 0
PROBE PLAY day=174 find_prospects (+2)
PROBE STATE day=174 cash=55564 mrr=29615 brand=50 burn=260 runway=INF cust=25 emp=1 promises=4 phase=2 aud=0 sat=-1 bugs=3 q=42.7 appetite=warming streak=3/3 profit_streak=2
PROBE CUST day=174 id=co_lead_31_4 sat=56 tol=47 target=56 trust=0.0 phase=active streak=0 cd=-1 mrr=785 bugs=3
PROBE CUST day=174 id=co_lead_31_5 sat=56 tol=47 target=56 trust=0.0 phase=active streak=0 cd=-1 mrr=860 bugs=3
PROBE CUST day=174 id=co_lead_37_7 sat=56 tol=42 target=56 trust=0.0 phase=active streak=0 cd=-1 mrr=860 bugs=3
PROBE CUST day=174 id=co_lead_51_13 sat=56 tol=51 target=56 trust=0.0 phase=active streak=0 cd=-1 mrr=2420 bugs=3
PROBE CUST day=174 id=co_lead_58_16 sat=56 tol=42 target=56 trust=0.0 phase=active streak=0 cd=-1 mrr=785 bugs=3
PROBE CUST day=174 id=co_lead_64_19 sat=56 tol=42 target=56 trust=0.0 phase=active streak=0 cd=-1 mrr=785 bugs=3
PROBE CUST day=174 id=co_lead_70_21 sat=56 tol=47 target=56 trust=0.0 phase=active streak=0 cd=-1 mrr=785 bugs=3
PROBE CUST day=174 id=co_lead_70_22 sat=56 tol=45 target=56 trust=0.0 phase=active streak=0 cd=-1 mrr=860 bugs=3
PROBE CUST day=174 id=co_lead_75_24 sat=56 tol=45 target=56 trust=0.0 phase=active streak=0 cd=-1 mrr=785 bugs=3
PROBE CUST day=174 id=co_lead_81_27 sat=56 tol=51 target=56 trust=0.0 phase=active streak=0 cd=-1 mrr=2720 bugs=3
PROBE CUST day=174 id=co_lead_86_28 sat=56 tol=47 target=56 trust=0.0 phase=active streak=0 cd=-1 mrr=860 bugs=3
PROBE CUST day=174 id=co_lead_91_30 sat=56 tol=47 target=56 trust=0.0 phase=active streak=0 cd=-1 mrr=860 bugs=3
PROBE CUST day=174 id=co_lead_97_33 sat=56 tol=42 target=56 trust=0.0 phase=active streak=0 cd=-1 mrr=860 bugs=3
PROBE CUST day=174 id=co_lead_107_38 sat=56 tol=51 target=56 trust=0.0 phase=active streak=0 cd=-1 mrr=2420 bugs=3
PROBE CUST day=174 id=co_lead_110_39 sat=56 tol=51 target=56 trust=0.0 phase=active streak=0 cd=-1 mrr=2420 bugs=3
PROBE CUST day=174 id=co_lead_113_40 sat=56 tol=42 target=56 trust=0.0 phase=active streak=0 cd=-1 mrr=860 bugs=3
PROBE CUST day=174 id=co_lead_113_41 sat=56 tol=51 target=56 trust=0.0 phase=active streak=0 cd=-1 mrr=2420 bugs=3
PROBE CUST day=174 id=co_lead_123_45 sat=56 tol=42 target=56 trust=0.0 phase=active streak=0 cd=-1 mrr=860 bugs=3
PROBE CUST day=174 id=co_lead_128_46 sat=56 tol=42 target=56 trust=0.0 phase=active streak=0 cd=-1 mrr=785 bugs=3
PROBE CUST day=174 id=co_lead_128_47 sat=56 tol=51 target=56 trust=0.0 phase=active streak=0 cd=-1 mrr=2000 bugs=3
PROBE CUST day=174 id=co_lead_134_49 sat=56 tol=45 target=56 trust=0.0 phase=active streak=0 cd=-1 mrr=500 bugs=3
PROBE CUST day=174 id=co_lead_145_54 sat=56 tol=47 target=56 trust=0.0 phase=onboarding streak=0 cd=-1 mrr=500 bugs=3
PROBE CUST day=174 id=co_lead_153_56 sat=56 tol=51 target=56 trust=0.0 phase=onboarding streak=0 cd=-1 mrr=1700 bugs=3
PROBE CUST day=174 id=co_lead_159_60 sat=56 tol=45 target=56 trust=0.0 phase=onboarding streak=0 cd=-1 mrr=425 bugs=3
PROBE CUST day=174 id=co_lead_164_61 sat=56 tol=45 target=56 trust=0.0 phase=onboarding streak=0 cd=-1 mrr=500 bugs=3
PROBE SAT day=174 satisfied=25/25 target=56
[ProductSystem] Bug sprint complete. live_bug now 0
[HRSystem] Daily tick — 1 employees (0 izinde)
[SalesSystem] Daily tick — MRR $29615
[TimeManager] Daily tick — Day 175 (Δ 16 ms)
PROBE STATE day=175 cash=56291 mrr=29615 brand=50 burn=260 runway=INF cust=25 emp=1 promises=4 phase=2 aud=0 sat=-1 bugs=0 q=43.5 appetite=warming streak=3/3 profit_streak=2
PROBE CUST day=175 id=co_lead_31_4 sat=58 tol=47 target=58 trust=0.0 phase=active streak=0 cd=-1 mrr=785 bugs=0
PROBE CUST day=175 id=co_lead_31_5 sat=58 tol=47 target=58 trust=0.0 phase=active streak=0 cd=-1 mrr=860 bugs=0
PROBE CUST day=175 id=co_lead_37_7 sat=58 tol=42 target=58 trust=0.0 phase=active streak=0 cd=-1 mrr=860 bugs=0
PROBE CUST day=175 id=co_lead_51_13 sat=58 tol=51 target=58 trust=0.0 phase=active streak=0 cd=-1 mrr=2420 bugs=0
PROBE CUST day=175 id=co_lead_58_16 sat=58 tol=42 target=58 trust=0.0 phase=active streak=0 cd=-1 mrr=785 bugs=0
PROBE CUST day=175 id=co_lead_64_19 sat=58 tol=42 target=58 trust=0.0 phase=active streak=0 cd=-1 mrr=785 bugs=0
PROBE CUST day=175 id=co_lead_70_21 sat=58 tol=47 target=58 trust=0.0 phase=active streak=0 cd=-1 mrr=785 bugs=0
PROBE CUST day=175 id=co_lead_70_22 sat=58 tol=45 target=58 trust=0.0 phase=active streak=0 cd=-1 mrr=860 bugs=0
PROBE CUST day=175 id=co_lead_75_24 sat=58 tol=45 target=58 trust=0.0 phase=active streak=0 cd=-1 mrr=785 bugs=0
PROBE CUST day=175 id=co_lead_81_27 sat=58 tol=51 target=58 trust=0.0 phase=active streak=0 cd=-1 mrr=2720 bugs=0
PROBE CUST day=175 id=co_lead_86_28 sat=58 tol=47 target=58 trust=0.0 phase=active streak=0 cd=-1 mrr=860 bugs=0
PROBE CUST day=175 id=co_lead_91_30 sat=58 tol=47 target=58 trust=0.0 phase=active streak=0 cd=-1 mrr=860 bugs=0
PROBE CUST day=175 id=co_lead_97_33 sat=58 tol=42 target=58 trust=0.0 phase=active streak=0 cd=-1 mrr=860 bugs=0
PROBE CUST day=175 id=co_lead_107_38 sat=58 tol=51 target=58 trust=0.0 phase=active streak=0 cd=-1 mrr=2420 bugs=0
PROBE CUST day=175 id=co_lead_110_39 sat=58 tol=51 target=58 trust=0.0 phase=active streak=0 cd=-1 mrr=2420 bugs=0
PROBE CUST day=175 id=co_lead_113_40 sat=58 tol=42 target=58 trust=0.0 phase=active streak=0 cd=-1 mrr=860 bugs=0
PROBE CUST day=175 id=co_lead_113_41 sat=58 tol=51 target=58 trust=0.0 phase=active streak=0 cd=-1 mrr=2420 bugs=0
PROBE CUST day=175 id=co_lead_123_45 sat=58 tol=42 target=58 trust=0.0 phase=active streak=0 cd=-1 mrr=860 bugs=0
PROBE CUST day=175 id=co_lead_128_46 sat=58 tol=42 target=58 trust=0.0 phase=active streak=0 cd=-1 mrr=785 bugs=0
PROBE CUST day=175 id=co_lead_128_47 sat=58 tol=51 target=58 trust=0.0 phase=active streak=0 cd=-1 mrr=2000 bugs=0
PROBE CUST day=175 id=co_lead_134_49 sat=58 tol=45 target=58 trust=0.0 phase=active streak=0 cd=-1 mrr=500 bugs=0
PROBE CUST day=175 id=co_lead_145_54 sat=58 tol=47 target=58 trust=0.0 phase=onboarding streak=0 cd=-1 mrr=500 bugs=0
PROBE CUST day=175 id=co_lead_153_56 sat=58 tol=51 target=58 trust=0.0 phase=onboarding streak=0 cd=-1 mrr=1700 bugs=0
PROBE CUST day=175 id=co_lead_159_60 sat=58 tol=45 target=58 trust=0.0 phase=onboarding streak=0 cd=-1 mrr=425 bugs=0
PROBE CUST day=175 id=co_lead_164_61 sat=58 tol=45 target=58 trust=0.0 phase=onboarding streak=0 cd=-1 mrr=500 bugs=0
PROBE SAT day=175 satisfied=25/25 target=58
[HRSystem] Daily tick — 1 employees (0 izinde)
PROBE FIRE day=176 hour=0 id=ev_b2b_expand_co_lead_128_47 src=factory:b2b_sales_system:242 (expansion)
[EventManager] Modal requested: ev_b2b_expand_co_lead_128_47
[SalesSystem] Daily tick — MRR $29615
[TimeManager] Daily tick — Day 176 (Δ 19 ms)
PROBE PICK day=176 id=ev_b2b_expand_co_lead_128_47 choice=0 label=Büyüt
[EventManager] Resolved: ev_b2b_expand_co_lead_128_47 choice 0
PROBE STATE day=176 cash=57018 mrr=30335 brand=50 burn=260 runway=INF cust=25 emp=1 promises=4 phase=2 aud=0 sat=-1 bugs=0 q=43.5 appetite=warming streak=3/3 profit_streak=2
PROBE CUST day=176 id=co_lead_31_4 sat=58 tol=47 target=58 trust=0.0 phase=active streak=0 cd=-1 mrr=785 bugs=0
PROBE CUST day=176 id=co_lead_31_5 sat=58 tol=47 target=58 trust=0.0 phase=active streak=0 cd=-1 mrr=860 bugs=0
PROBE CUST day=176 id=co_lead_37_7 sat=58 tol=42 target=58 trust=0.0 phase=active streak=0 cd=-1 mrr=860 bugs=0
PROBE CUST day=176 id=co_lead_51_13 sat=58 tol=51 target=58 trust=0.0 phase=active streak=0 cd=-1 mrr=2420 bugs=0
PROBE CUST day=176 id=co_lead_58_16 sat=58 tol=42 target=58 trust=0.0 phase=active streak=0 cd=-1 mrr=785 bugs=0
PROBE CUST day=176 id=co_lead_64_19 sat=58 tol=42 target=58 trust=0.0 phase=active streak=0 cd=-1 mrr=785 bugs=0
PROBE CUST day=176 id=co_lead_70_21 sat=58 tol=47 target=58 trust=0.0 phase=active streak=0 cd=-1 mrr=785 bugs=0
PROBE CUST day=176 id=co_lead_70_22 sat=58 tol=45 target=58 trust=0.0 phase=active streak=0 cd=-1 mrr=860 bugs=0
PROBE CUST day=176 id=co_lead_75_24 sat=58 tol=45 target=58 trust=0.0 phase=active streak=0 cd=-1 mrr=785 bugs=0
PROBE CUST day=176 id=co_lead_81_27 sat=58 tol=51 target=58 trust=0.0 phase=active streak=0 cd=-1 mrr=2720 bugs=0
PROBE CUST day=176 id=co_lead_86_28 sat=58 tol=47 target=58 trust=0.0 phase=active streak=0 cd=-1 mrr=860 bugs=0
PROBE CUST day=176 id=co_lead_91_30 sat=58 tol=47 target=58 trust=0.0 phase=active streak=0 cd=-1 mrr=860 bugs=0
PROBE CUST day=176 id=co_lead_97_33 sat=58 tol=42 target=58 trust=0.0 phase=active streak=0 cd=-1 mrr=860 bugs=0
PROBE CUST day=176 id=co_lead_107_38 sat=58 tol=51 target=58 trust=0.0 phase=active streak=0 cd=-1 mrr=2420 bugs=0
PROBE CUST day=176 id=co_lead_110_39 sat=58 tol=51 target=58 trust=0.0 phase=active streak=0 cd=-1 mrr=2420 bugs=0
PROBE CUST day=176 id=co_lead_113_40 sat=58 tol=42 target=58 trust=0.0 phase=active streak=0 cd=-1 mrr=860 bugs=0
PROBE CUST day=176 id=co_lead_113_41 sat=58 tol=51 target=58 trust=0.0 phase=active streak=0 cd=-1 mrr=2420 bugs=0
PROBE CUST day=176 id=co_lead_123_45 sat=58 tol=42 target=58 trust=0.0 phase=active streak=0 cd=-1 mrr=860 bugs=0
PROBE CUST day=176 id=co_lead_128_46 sat=58 tol=42 target=58 trust=0.0 phase=active streak=0 cd=-1 mrr=785 bugs=0
PROBE CUST day=176 id=co_lead_128_47 sat=58 tol=51 target=58 trust=0.0 phase=active streak=0 cd=-1 mrr=2720 bugs=0
PROBE CUST day=176 id=co_lead_134_49 sat=58 tol=45 target=58 trust=0.0 phase=active streak=0 cd=-1 mrr=500 bugs=0
PROBE CUST day=176 id=co_lead_145_54 sat=58 tol=47 target=58 trust=0.0 phase=onboarding streak=0 cd=-1 mrr=500 bugs=0
PROBE CUST day=176 id=co_lead_153_56 sat=58 tol=51 target=58 trust=0.0 phase=onboarding streak=0 cd=-1 mrr=1700 bugs=0
PROBE CUST day=176 id=co_lead_159_60 sat=58 tol=45 target=58 trust=0.0 phase=onboarding streak=0 cd=-1 mrr=425 bugs=0
PROBE CUST day=176 id=co_lead_164_61 sat=58 tol=45 target=58 trust=0.0 phase=onboarding streak=0 cd=-1 mrr=500 bugs=0
PROBE SAT day=176 satisfied=25/25 target=58
[HRSystem] Daily tick — 1 employees (0 izinde)
[SalesSystem] Daily tick — MRR $30335
[TimeManager] Daily tick — Day 177 (Δ 19 ms)
PROBE STATE day=177 cash=57769 mrr=30335 brand=50 burn=260 runway=INF cust=25 emp=1 promises=4 phase=2 aud=0 sat=-1 bugs=1 q=43.2 appetite=warming streak=3/3 profit_streak=2
PROBE CUST day=177 id=co_lead_31_4 sat=57 tol=47 target=57 trust=0.0 phase=active streak=0 cd=-1 mrr=785 bugs=1
PROBE CUST day=177 id=co_lead_31_5 sat=57 tol=47 target=57 trust=0.0 phase=active streak=0 cd=-1 mrr=860 bugs=1
PROBE CUST day=177 id=co_lead_37_7 sat=57 tol=42 target=57 trust=0.0 phase=active streak=0 cd=-1 mrr=860 bugs=1
PROBE CUST day=177 id=co_lead_51_13 sat=57 tol=51 target=57 trust=0.0 phase=active streak=0 cd=-1 mrr=2420 bugs=1
PROBE CUST day=177 id=co_lead_58_16 sat=57 tol=42 target=57 trust=0.0 phase=active streak=0 cd=-1 mrr=785 bugs=1
PROBE CUST day=177 id=co_lead_64_19 sat=57 tol=42 target=57 trust=0.0 phase=active streak=0 cd=-1 mrr=785 bugs=1
PROBE CUST day=177 id=co_lead_70_21 sat=57 tol=47 target=57 trust=0.0 phase=active streak=0 cd=-1 mrr=785 bugs=1
PROBE CUST day=177 id=co_lead_70_22 sat=57 tol=45 target=57 trust=0.0 phase=active streak=0 cd=-1 mrr=860 bugs=1
PROBE CUST day=177 id=co_lead_75_24 sat=57 tol=45 target=57 trust=0.0 phase=active streak=0 cd=-1 mrr=785 bugs=1
PROBE CUST day=177 id=co_lead_81_27 sat=57 tol=51 target=57 trust=0.0 phase=active streak=0 cd=-1 mrr=2720 bugs=1
PROBE CUST day=177 id=co_lead_86_28 sat=57 tol=47 target=57 trust=0.0 phase=active streak=0 cd=-1 mrr=860 bugs=1
PROBE CUST day=177 id=co_lead_91_30 sat=57 tol=47 target=57 trust=0.0 phase=active streak=0 cd=-1 mrr=860 bugs=1
PROBE CUST day=177 id=co_lead_97_33 sat=57 tol=42 target=57 trust=0.0 phase=active streak=0 cd=-1 mrr=860 bugs=1
PROBE CUST day=177 id=co_lead_107_38 sat=57 tol=51 target=57 trust=0.0 phase=active streak=0 cd=-1 mrr=2420 bugs=1
PROBE CUST day=177 id=co_lead_110_39 sat=57 tol=51 target=57 trust=0.0 phase=active streak=0 cd=-1 mrr=2420 bugs=1
PROBE CUST day=177 id=co_lead_113_40 sat=57 tol=42 target=57 trust=0.0 phase=active streak=0 cd=-1 mrr=860 bugs=1
PROBE CUST day=177 id=co_lead_113_41 sat=57 tol=51 target=57 trust=0.0 phase=active streak=0 cd=-1 mrr=2420 bugs=1
PROBE CUST day=177 id=co_lead_123_45 sat=57 tol=42 target=57 trust=0.0 phase=active streak=0 cd=-1 mrr=860 bugs=1
PROBE CUST day=177 id=co_lead_128_46 sat=57 tol=42 target=57 trust=0.0 phase=active streak=0 cd=-1 mrr=785 bugs=1
PROBE CUST day=177 id=co_lead_128_47 sat=57 tol=51 target=57 trust=0.0 phase=active streak=0 cd=-1 mrr=2720 bugs=1
PROBE CUST day=177 id=co_lead_134_49 sat=57 tol=45 target=57 trust=0.0 phase=active streak=0 cd=-1 mrr=500 bugs=1
PROBE CUST day=177 id=co_lead_145_54 sat=57 tol=47 target=57 trust=0.0 phase=onboarding streak=0 cd=-1 mrr=500 bugs=1
PROBE CUST day=177 id=co_lead_153_56 sat=57 tol=51 target=57 trust=0.0 phase=onboarding streak=0 cd=-1 mrr=1700 bugs=1
PROBE CUST day=177 id=co_lead_159_60 sat=57 tol=45 target=57 trust=0.0 phase=onboarding streak=0 cd=-1 mrr=425 bugs=1
PROBE CUST day=177 id=co_lead_164_61 sat=57 tol=45 target=57 trust=0.0 phase=onboarding streak=0 cd=-1 mrr=500 bugs=1
PROBE SAT day=177 satisfied=25/25 target=57
[HRSystem] Daily tick — 1 employees (0 izinde)
[SalesSystem] Daily tick — MRR $30335
[TimeManager] Daily tick — Day 178 (Δ 15 ms)
PROBE STATE day=178 cash=58520 mrr=30335 brand=50 burn=260 runway=INF cust=25 emp=1 promises=4 phase=2 aud=0 sat=-1 bugs=2 q=42.9 appetite=warming streak=3/3 profit_streak=2
PROBE CUST day=178 id=co_lead_31_4 sat=56 tol=47 target=56 trust=0.0 phase=active streak=0 cd=-1 mrr=785 bugs=2
PROBE CUST day=178 id=co_lead_31_5 sat=56 tol=47 target=56 trust=0.0 phase=active streak=0 cd=-1 mrr=860 bugs=2
PROBE CUST day=178 id=co_lead_37_7 sat=56 tol=42 target=56 trust=0.0 phase=active streak=0 cd=-1 mrr=860 bugs=2
PROBE CUST day=178 id=co_lead_51_13 sat=56 tol=51 target=56 trust=0.0 phase=active streak=0 cd=-1 mrr=2420 bugs=2
PROBE CUST day=178 id=co_lead_58_16 sat=56 tol=42 target=56 trust=0.0 phase=active streak=0 cd=-1 mrr=785 bugs=2
PROBE CUST day=178 id=co_lead_64_19 sat=56 tol=42 target=56 trust=0.0 phase=active streak=0 cd=-1 mrr=785 bugs=2
PROBE CUST day=178 id=co_lead_70_21 sat=56 tol=47 target=56 trust=0.0 phase=active streak=0 cd=-1 mrr=785 bugs=2
PROBE CUST day=178 id=co_lead_70_22 sat=56 tol=45 target=56 trust=0.0 phase=active streak=0 cd=-1 mrr=860 bugs=2
PROBE CUST day=178 id=co_lead_75_24 sat=56 tol=45 target=56 trust=0.0 phase=active streak=0 cd=-1 mrr=785 bugs=2
PROBE CUST day=178 id=co_lead_81_27 sat=56 tol=51 target=56 trust=0.0 phase=active streak=0 cd=-1 mrr=2720 bugs=2
PROBE CUST day=178 id=co_lead_86_28 sat=56 tol=47 target=56 trust=0.0 phase=active streak=0 cd=-1 mrr=860 bugs=2
PROBE CUST day=178 id=co_lead_91_30 sat=56 tol=47 target=56 trust=0.0 phase=active streak=0 cd=-1 mrr=860 bugs=2
PROBE CUST day=178 id=co_lead_97_33 sat=56 tol=42 target=56 trust=0.0 phase=active streak=0 cd=-1 mrr=860 bugs=2
PROBE CUST day=178 id=co_lead_107_38 sat=56 tol=51 target=56 trust=0.0 phase=active streak=0 cd=-1 mrr=2420 bugs=2
PROBE CUST day=178 id=co_lead_110_39 sat=56 tol=51 target=56 trust=0.0 phase=active streak=0 cd=-1 mrr=2420 bugs=2
PROBE CUST day=178 id=co_lead_113_40 sat=56 tol=42 target=56 trust=0.0 phase=active streak=0 cd=-1 mrr=860 bugs=2
PROBE CUST day=178 id=co_lead_113_41 sat=56 tol=51 target=56 trust=0.0 phase=active streak=0 cd=-1 mrr=2420 bugs=2
PROBE CUST day=178 id=co_lead_123_45 sat=56 tol=42 target=56 trust=0.0 phase=active streak=0 cd=-1 mrr=860 bugs=2
PROBE CUST day=178 id=co_lead_128_46 sat=56 tol=42 target=56 trust=0.0 phase=active streak=0 cd=-1 mrr=785 bugs=2
PROBE CUST day=178 id=co_lead_128_47 sat=56 tol=51 target=56 trust=0.0 phase=active streak=0 cd=-1 mrr=2720 bugs=2
PROBE CUST day=178 id=co_lead_134_49 sat=56 tol=45 target=56 trust=0.0 phase=active streak=0 cd=-1 mrr=500 bugs=2
PROBE CUST day=178 id=co_lead_145_54 sat=56 tol=47 target=56 trust=0.0 phase=onboarding streak=0 cd=-1 mrr=500 bugs=2
PROBE CUST day=178 id=co_lead_153_56 sat=56 tol=51 target=56 trust=0.0 phase=onboarding streak=0 cd=-1 mrr=1700 bugs=2
PROBE CUST day=178 id=co_lead_159_60 sat=56 tol=45 target=56 trust=0.0 phase=onboarding streak=0 cd=-1 mrr=425 bugs=2
PROBE CUST day=178 id=co_lead_164_61 sat=56 tol=45 target=56 trust=0.0 phase=onboarding streak=0 cd=-1 mrr=500 bugs=2
PROBE SAT day=178 satisfied=25/25 target=56
[HRSystem] Daily tick — 1 employees (0 izinde)
[SalesSystem] Daily tick — MRR $30335
[TimeManager] Daily tick — Day 179 (Δ 16 ms)
PROBE PLAY day=179 find_prospects (+2)
PROBE STATE day=179 cash=59271 mrr=30335 brand=50 burn=260 runway=INF cust=25 emp=1 promises=4 phase=2 aud=0 sat=-1 bugs=2 q=42.8 appetite=warming streak=3/3 profit_streak=2
PROBE CUST day=179 id=co_lead_31_4 sat=56 tol=47 target=56 trust=0.0 phase=active streak=0 cd=-1 mrr=785 bugs=2
PROBE CUST day=179 id=co_lead_31_5 sat=56 tol=47 target=56 trust=0.0 phase=active streak=0 cd=-1 mrr=860 bugs=2
PROBE CUST day=179 id=co_lead_37_7 sat=56 tol=42 target=56 trust=0.0 phase=active streak=0 cd=-1 mrr=860 bugs=2
PROBE CUST day=179 id=co_lead_51_13 sat=56 tol=51 target=56 trust=0.0 phase=active streak=0 cd=-1 mrr=2420 bugs=2
PROBE CUST day=179 id=co_lead_58_16 sat=56 tol=42 target=56 trust=0.0 phase=active streak=0 cd=-1 mrr=785 bugs=2
PROBE CUST day=179 id=co_lead_64_19 sat=56 tol=42 target=56 trust=0.0 phase=active streak=0 cd=-1 mrr=785 bugs=2
PROBE CUST day=179 id=co_lead_70_21 sat=56 tol=47 target=56 trust=0.0 phase=active streak=0 cd=-1 mrr=785 bugs=2
PROBE CUST day=179 id=co_lead_70_22 sat=56 tol=45 target=56 trust=0.0 phase=active streak=0 cd=-1 mrr=860 bugs=2
PROBE CUST day=179 id=co_lead_75_24 sat=56 tol=45 target=56 trust=0.0 phase=active streak=0 cd=-1 mrr=785 bugs=2
PROBE CUST day=179 id=co_lead_81_27 sat=56 tol=51 target=56 trust=0.0 phase=active streak=0 cd=-1 mrr=2720 bugs=2
PROBE CUST day=179 id=co_lead_86_28 sat=56 tol=47 target=56 trust=0.0 phase=active streak=0 cd=-1 mrr=860 bugs=2
PROBE CUST day=179 id=co_lead_91_30 sat=56 tol=47 target=56 trust=0.0 phase=active streak=0 cd=-1 mrr=860 bugs=2
PROBE CUST day=179 id=co_lead_97_33 sat=56 tol=42 target=56 trust=0.0 phase=active streak=0 cd=-1 mrr=860 bugs=2
PROBE CUST day=179 id=co_lead_107_38 sat=56 tol=51 target=56 trust=0.0 phase=active streak=0 cd=-1 mrr=2420 bugs=2
PROBE CUST day=179 id=co_lead_110_39 sat=56 tol=51 target=56 trust=0.0 phase=active streak=0 cd=-1 mrr=2420 bugs=2
PROBE CUST day=179 id=co_lead_113_40 sat=56 tol=42 target=56 trust=0.0 phase=active streak=0 cd=-1 mrr=860 bugs=2
PROBE CUST day=179 id=co_lead_113_41 sat=56 tol=51 target=56 trust=0.0 phase=active streak=0 cd=-1 mrr=2420 bugs=2
PROBE CUST day=179 id=co_lead_123_45 sat=56 tol=42 target=56 trust=0.0 phase=active streak=0 cd=-1 mrr=860 bugs=2
PROBE CUST day=179 id=co_lead_128_46 sat=56 tol=42 target=56 trust=0.0 phase=active streak=0 cd=-1 mrr=785 bugs=2
PROBE CUST day=179 id=co_lead_128_47 sat=56 tol=51 target=56 trust=0.0 phase=active streak=0 cd=-1 mrr=2720 bugs=2
PROBE CUST day=179 id=co_lead_134_49 sat=56 tol=45 target=56 trust=0.0 phase=active streak=0 cd=-1 mrr=500 bugs=2
PROBE CUST day=179 id=co_lead_145_54 sat=56 tol=47 target=56 trust=0.0 phase=onboarding streak=0 cd=-1 mrr=500 bugs=2
PROBE CUST day=179 id=co_lead_153_56 sat=56 tol=51 target=56 trust=0.0 phase=onboarding streak=0 cd=-1 mrr=1700 bugs=2
PROBE CUST day=179 id=co_lead_159_60 sat=56 tol=45 target=56 trust=0.0 phase=onboarding streak=0 cd=-1 mrr=425 bugs=2
PROBE CUST day=179 id=co_lead_164_61 sat=56 tol=45 target=56 trust=0.0 phase=onboarding streak=0 cd=-1 mrr=500 bugs=2
PROBE SAT day=179 satisfied=25/25 target=56
[HRSystem] Daily tick — 1 employees (0 izinde)
PROBE FIRE day=180 hour=0 id=ev_b2b_expand_co_lead_134_49 src=factory:b2b_sales_system:242 (expansion)
[EventManager] Modal requested: ev_b2b_expand_co_lead_134_49
[SalesSystem] Daily tick — MRR $30335
[TimeManager] Daily tick — Day 180 (Δ 19 ms)
PROBE PICK day=180 id=ev_b2b_expand_co_lead_134_49 choice=0 label=Büyüt
[EventManager] Resolved: ev_b2b_expand_co_lead_134_49 choice 0
PROBE STATE day=180 cash=60022 mrr=30695 brand=50 burn=260 runway=INF cust=25 emp=1 promises=4 phase=2 aud=0 sat=-1 bugs=3 q=42.5 appetite=warming streak=3/3 profit_streak=2
PROBE CUST day=180 id=co_lead_31_4 sat=56 tol=47 target=56 trust=0.0 phase=active streak=0 cd=-1 mrr=785 bugs=3
PROBE CUST day=180 id=co_lead_31_5 sat=56 tol=47 target=56 trust=0.0 phase=active streak=0 cd=-1 mrr=860 bugs=3
PROBE CUST day=180 id=co_lead_37_7 sat=56 tol=42 target=56 trust=0.0 phase=active streak=0 cd=-1 mrr=860 bugs=3
PROBE CUST day=180 id=co_lead_51_13 sat=56 tol=51 target=56 trust=0.0 phase=active streak=0 cd=-1 mrr=2420 bugs=3
PROBE CUST day=180 id=co_lead_58_16 sat=56 tol=42 target=56 trust=0.0 phase=active streak=0 cd=-1 mrr=785 bugs=3
PROBE CUST day=180 id=co_lead_64_19 sat=56 tol=42 target=56 trust=0.0 phase=active streak=0 cd=-1 mrr=785 bugs=3
PROBE CUST day=180 id=co_lead_70_21 sat=56 tol=47 target=56 trust=0.0 phase=active streak=0 cd=-1 mrr=785 bugs=3
PROBE CUST day=180 id=co_lead_70_22 sat=56 tol=45 target=56 trust=0.0 phase=active streak=0 cd=-1 mrr=860 bugs=3
PROBE CUST day=180 id=co_lead_75_24 sat=56 tol=45 target=56 trust=0.0 phase=active streak=0 cd=-1 mrr=785 bugs=3
PROBE CUST day=180 id=co_lead_81_27 sat=56 tol=51 target=56 trust=0.0 phase=active streak=0 cd=-1 mrr=2720 bugs=3
PROBE CUST day=180 id=co_lead_86_28 sat=56 tol=47 target=56 trust=0.0 phase=active streak=0 cd=-1 mrr=860 bugs=3
PROBE CUST day=180 id=co_lead_91_30 sat=56 tol=47 target=56 trust=0.0 phase=active streak=0 cd=-1 mrr=860 bugs=3
PROBE CUST day=180 id=co_lead_97_33 sat=56 tol=42 target=56 trust=0.0 phase=active streak=0 cd=-1 mrr=860 bugs=3
PROBE CUST day=180 id=co_lead_107_38 sat=56 tol=51 target=56 trust=0.0 phase=active streak=0 cd=-1 mrr=2420 bugs=3
PROBE CUST day=180 id=co_lead_110_39 sat=56 tol=51 target=56 trust=0.0 phase=active streak=0 cd=-1 mrr=2420 bugs=3
PROBE CUST day=180 id=co_lead_113_40 sat=56 tol=42 target=56 trust=0.0 phase=active streak=0 cd=-1 mrr=860 bugs=3
PROBE CUST day=180 id=co_lead_113_41 sat=56 tol=51 target=56 trust=0.0 phase=active streak=0 cd=-1 mrr=2420 bugs=3
PROBE CUST day=180 id=co_lead_123_45 sat=56 tol=42 target=56 trust=0.0 phase=active streak=0 cd=-1 mrr=860 bugs=3
PROBE CUST day=180 id=co_lead_128_46 sat=56 tol=42 target=56 trust=0.0 phase=active streak=0 cd=-1 mrr=785 bugs=3
PROBE CUST day=180 id=co_lead_128_47 sat=56 tol=51 target=56 trust=0.0 phase=active streak=0 cd=-1 mrr=2720 bugs=3
PROBE CUST day=180 id=co_lead_134_49 sat=56 tol=45 target=56 trust=0.0 phase=active streak=0 cd=-1 mrr=860 bugs=3
PROBE CUST day=180 id=co_lead_145_54 sat=56 tol=47 target=56 trust=0.0 phase=active streak=0 cd=-1 mrr=500 bugs=3
PROBE CUST day=180 id=co_lead_153_56 sat=56 tol=51 target=56 trust=0.0 phase=onboarding streak=0 cd=-1 mrr=1700 bugs=3
PROBE CUST day=180 id=co_lead_159_60 sat=56 tol=45 target=56 trust=0.0 phase=onboarding streak=0 cd=-1 mrr=425 bugs=3
PROBE CUST day=180 id=co_lead_164_61 sat=56 tol=45 target=56 trust=0.0 phase=onboarding streak=0 cd=-1 mrr=500 bugs=3
PROBE SAT day=180 satisfied=25/25 target=56
[HRSystem] Daily tick — 1 employees (0 izinde)
[SalesSystem] Daily tick — MRR $30695
[TimeManager] Daily tick — Day 181 (Δ 16 ms)
PROBE STATE day=181 cash=60785 mrr=30695 brand=50 burn=260 runway=INF cust=25 emp=1 promises=4 phase=2 aud=0 sat=-1 bugs=4 q=42.2 appetite=warming streak=3/3 profit_streak=2
PROBE CUST day=181 id=co_lead_31_4 sat=55 tol=47 target=55 trust=0.0 phase=active streak=0 cd=-1 mrr=785 bugs=4
PROBE CUST day=181 id=co_lead_31_5 sat=55 tol=47 target=55 trust=0.0 phase=active streak=0 cd=-1 mrr=860 bugs=4
PROBE CUST day=181 id=co_lead_37_7 sat=55 tol=42 target=55 trust=0.0 phase=active streak=0 cd=-1 mrr=860 bugs=4
PROBE CUST day=181 id=co_lead_51_13 sat=55 tol=51 target=55 trust=0.0 phase=active streak=0 cd=-1 mrr=2420 bugs=4
PROBE CUST day=181 id=co_lead_58_16 sat=55 tol=42 target=55 trust=0.0 phase=active streak=0 cd=-1 mrr=785 bugs=4
PROBE CUST day=181 id=co_lead_64_19 sat=55 tol=42 target=55 trust=0.0 phase=active streak=0 cd=-1 mrr=785 bugs=4
PROBE CUST day=181 id=co_lead_70_21 sat=55 tol=47 target=55 trust=0.0 phase=active streak=0 cd=-1 mrr=785 bugs=4
PROBE CUST day=181 id=co_lead_70_22 sat=55 tol=45 target=55 trust=0.0 phase=active streak=0 cd=-1 mrr=860 bugs=4
PROBE CUST day=181 id=co_lead_75_24 sat=55 tol=45 target=55 trust=0.0 phase=active streak=0 cd=-1 mrr=785 bugs=4
PROBE CUST day=181 id=co_lead_81_27 sat=55 tol=51 target=55 trust=0.0 phase=active streak=0 cd=-1 mrr=2720 bugs=4
PROBE CUST day=181 id=co_lead_86_28 sat=55 tol=47 target=55 trust=0.0 phase=active streak=0 cd=-1 mrr=860 bugs=4
PROBE CUST day=181 id=co_lead_91_30 sat=55 tol=47 target=55 trust=0.0 phase=active streak=0 cd=-1 mrr=860 bugs=4
PROBE CUST day=181 id=co_lead_97_33 sat=55 tol=42 target=55 trust=0.0 phase=active streak=0 cd=-1 mrr=860 bugs=4
PROBE CUST day=181 id=co_lead_107_38 sat=55 tol=51 target=55 trust=0.0 phase=active streak=0 cd=-1 mrr=2420 bugs=4
PROBE CUST day=181 id=co_lead_110_39 sat=55 tol=51 target=55 trust=0.0 phase=active streak=0 cd=-1 mrr=2420 bugs=4
PROBE CUST day=181 id=co_lead_113_40 sat=55 tol=42 target=55 trust=0.0 phase=active streak=0 cd=-1 mrr=860 bugs=4
PROBE CUST day=181 id=co_lead_113_41 sat=55 tol=51 target=55 trust=0.0 phase=active streak=0 cd=-1 mrr=2420 bugs=4
PROBE CUST day=181 id=co_lead_123_45 sat=55 tol=42 target=55 trust=0.0 phase=active streak=0 cd=-1 mrr=860 bugs=4
PROBE CUST day=181 id=co_lead_128_46 sat=55 tol=42 target=55 trust=0.0 phase=active streak=0 cd=-1 mrr=785 bugs=4
PROBE CUST day=181 id=co_lead_128_47 sat=55 tol=51 target=55 trust=0.0 phase=active streak=0 cd=-1 mrr=2720 bugs=4
PROBE CUST day=181 id=co_lead_134_49 sat=55 tol=45 target=55 trust=0.0 phase=active streak=0 cd=-1 mrr=860 bugs=4
PROBE CUST day=181 id=co_lead_145_54 sat=55 tol=47 target=55 trust=0.0 phase=active streak=0 cd=-1 mrr=500 bugs=4
PROBE CUST day=181 id=co_lead_153_56 sat=55 tol=51 target=55 trust=0.0 phase=onboarding streak=0 cd=-1 mrr=1700 bugs=4
PROBE CUST day=181 id=co_lead_159_60 sat=55 tol=45 target=55 trust=0.0 phase=onboarding streak=0 cd=-1 mrr=425 bugs=4
PROBE CUST day=181 id=co_lead_164_61 sat=55 tol=45 target=55 trust=0.0 phase=onboarding streak=0 cd=-1 mrr=500 bugs=4
PROBE SAT day=181 satisfied=25/25 target=55
[HRSystem] Daily tick — 1 employees (0 izinde)
[SalesSystem] Daily tick — MRR $30695
PROBE MONTH day=182 n=6 mrr_close=30695 income=28292 expense=7800 net=20492 red=0 growth_pct=29.2 streak=4 profit_streak=3
[TimeManager] Daily tick — Day 182 (Δ 17 ms)
PROBE STATE day=182 cash=61548 mrr=30695 brand=50 burn=260 runway=INF cust=25 emp=1 promises=4 phase=2 aud=0 sat=-1 bugs=4 q=42.2 appetite=warming streak=4/3 profit_streak=3
PROBE CUST day=182 id=co_lead_31_4 sat=55 tol=47 target=55 trust=0.0 phase=active streak=0 cd=-1 mrr=785 bugs=4
PROBE CUST day=182 id=co_lead_31_5 sat=55 tol=47 target=55 trust=0.0 phase=active streak=0 cd=-1 mrr=860 bugs=4
PROBE CUST day=182 id=co_lead_37_7 sat=55 tol=42 target=55 trust=0.0 phase=active streak=0 cd=-1 mrr=860 bugs=4
PROBE CUST day=182 id=co_lead_51_13 sat=55 tol=51 target=55 trust=0.0 phase=active streak=0 cd=-1 mrr=2420 bugs=4
PROBE CUST day=182 id=co_lead_58_16 sat=55 tol=42 target=55 trust=0.0 phase=active streak=0 cd=-1 mrr=785 bugs=4
PROBE CUST day=182 id=co_lead_64_19 sat=55 tol=42 target=55 trust=0.0 phase=active streak=0 cd=-1 mrr=785 bugs=4
PROBE CUST day=182 id=co_lead_70_21 sat=55 tol=47 target=55 trust=0.0 phase=active streak=0 cd=-1 mrr=785 bugs=4
PROBE CUST day=182 id=co_lead_70_22 sat=55 tol=45 target=55 trust=0.0 phase=active streak=0 cd=-1 mrr=860 bugs=4
PROBE CUST day=182 id=co_lead_75_24 sat=55 tol=45 target=55 trust=0.0 phase=active streak=0 cd=-1 mrr=785 bugs=4
PROBE CUST day=182 id=co_lead_81_27 sat=55 tol=51 target=55 trust=0.0 phase=active streak=0 cd=-1 mrr=2720 bugs=4
PROBE CUST day=182 id=co_lead_86_28 sat=55 tol=47 target=55 trust=0.0 phase=active streak=0 cd=-1 mrr=860 bugs=4
PROBE CUST day=182 id=co_lead_91_30 sat=55 tol=47 target=55 trust=0.0 phase=active streak=0 cd=-1 mrr=860 bugs=4
PROBE CUST day=182 id=co_lead_97_33 sat=55 tol=42 target=55 trust=0.0 phase=active streak=0 cd=-1 mrr=860 bugs=4
PROBE CUST day=182 id=co_lead_107_38 sat=55 tol=51 target=55 trust=0.0 phase=active streak=0 cd=-1 mrr=2420 bugs=4
PROBE CUST day=182 id=co_lead_110_39 sat=55 tol=51 target=55 trust=0.0 phase=active streak=0 cd=-1 mrr=2420 bugs=4
PROBE CUST day=182 id=co_lead_113_40 sat=55 tol=42 target=55 trust=0.0 phase=active streak=0 cd=-1 mrr=860 bugs=4
PROBE CUST day=182 id=co_lead_113_41 sat=55 tol=51 target=55 trust=0.0 phase=active streak=0 cd=-1 mrr=2420 bugs=4
PROBE CUST day=182 id=co_lead_123_45 sat=55 tol=42 target=55 trust=0.0 phase=active streak=0 cd=-1 mrr=860 bugs=4
PROBE CUST day=182 id=co_lead_128_46 sat=55 tol=42 target=55 trust=0.0 phase=active streak=0 cd=-1 mrr=785 bugs=4
PROBE CUST day=182 id=co_lead_128_47 sat=55 tol=51 target=55 trust=0.0 phase=active streak=0 cd=-1 mrr=2720 bugs=4
PROBE CUST day=182 id=co_lead_134_49 sat=55 tol=45 target=55 trust=0.0 phase=active streak=0 cd=-1 mrr=860 bugs=4
PROBE CUST day=182 id=co_lead_145_54 sat=55 tol=47 target=55 trust=0.0 phase=active streak=0 cd=-1 mrr=500 bugs=4
PROBE CUST day=182 id=co_lead_153_56 sat=55 tol=51 target=55 trust=0.0 phase=onboarding streak=0 cd=-1 mrr=1700 bugs=4
PROBE CUST day=182 id=co_lead_159_60 sat=55 tol=45 target=55 trust=0.0 phase=onboarding streak=0 cd=-1 mrr=425 bugs=4
PROBE CUST day=182 id=co_lead_164_61 sat=55 tol=45 target=55 trust=0.0 phase=onboarding streak=0 cd=-1 mrr=500 bugs=4
PROBE SAT day=182 satisfied=25/25 target=55
[HRSystem] Daily tick — 1 employees (0 izinde)
[SalesSystem] Daily tick — MRR $30695
[TimeManager] Daily tick — Day 183 (Δ 16 ms)
PROBE STATE day=183 cash=62311 mrr=30695 brand=50 burn=260 runway=INF cust=25 emp=1 promises=4 phase=2 aud=0 sat=-1 bugs=5 q=41.8 appetite=warming streak=4/3 profit_streak=3
PROBE CUST day=183 id=co_lead_31_4 sat=55 tol=47 target=55 trust=0.0 phase=active streak=0 cd=-1 mrr=785 bugs=5
PROBE CUST day=183 id=co_lead_31_5 sat=55 tol=47 target=55 trust=0.0 phase=active streak=0 cd=-1 mrr=860 bugs=5
PROBE CUST day=183 id=co_lead_37_7 sat=55 tol=42 target=55 trust=0.0 phase=active streak=0 cd=-1 mrr=860 bugs=5
PROBE CUST day=183 id=co_lead_51_13 sat=55 tol=51 target=55 trust=0.0 phase=active streak=0 cd=-1 mrr=2420 bugs=5
PROBE CUST day=183 id=co_lead_58_16 sat=55 tol=42 target=55 trust=0.0 phase=active streak=0 cd=-1 mrr=785 bugs=5
PROBE CUST day=183 id=co_lead_64_19 sat=55 tol=42 target=55 trust=0.0 phase=active streak=0 cd=-1 mrr=785 bugs=5
PROBE CUST day=183 id=co_lead_70_21 sat=55 tol=47 target=55 trust=0.0 phase=active streak=0 cd=-1 mrr=785 bugs=5
PROBE CUST day=183 id=co_lead_70_22 sat=55 tol=45 target=55 trust=0.0 phase=active streak=0 cd=-1 mrr=860 bugs=5
PROBE CUST day=183 id=co_lead_75_24 sat=55 tol=45 target=55 trust=0.0 phase=active streak=0 cd=-1 mrr=785 bugs=5
PROBE CUST day=183 id=co_lead_81_27 sat=55 tol=51 target=55 trust=0.0 phase=active streak=0 cd=-1 mrr=2720 bugs=5
PROBE CUST day=183 id=co_lead_86_28 sat=55 tol=47 target=55 trust=0.0 phase=active streak=0 cd=-1 mrr=860 bugs=5
PROBE CUST day=183 id=co_lead_91_30 sat=55 tol=47 target=55 trust=0.0 phase=active streak=0 cd=-1 mrr=860 bugs=5
PROBE CUST day=183 id=co_lead_97_33 sat=55 tol=42 target=55 trust=0.0 phase=active streak=0 cd=-1 mrr=860 bugs=5
PROBE CUST day=183 id=co_lead_107_38 sat=55 tol=51 target=55 trust=0.0 phase=active streak=0 cd=-1 mrr=2420 bugs=5
PROBE CUST day=183 id=co_lead_110_39 sat=55 tol=51 target=55 trust=0.0 phase=active streak=0 cd=-1 mrr=2420 bugs=5
PROBE CUST day=183 id=co_lead_113_40 sat=55 tol=42 target=55 trust=0.0 phase=active streak=0 cd=-1 mrr=860 bugs=5
PROBE CUST day=183 id=co_lead_113_41 sat=55 tol=51 target=55 trust=0.0 phase=active streak=0 cd=-1 mrr=2420 bugs=5
PROBE CUST day=183 id=co_lead_123_45 sat=55 tol=42 target=55 trust=0.0 phase=active streak=0 cd=-1 mrr=860 bugs=5
PROBE CUST day=183 id=co_lead_128_46 sat=55 tol=42 target=55 trust=0.0 phase=active streak=0 cd=-1 mrr=785 bugs=5
PROBE CUST day=183 id=co_lead_128_47 sat=55 tol=51 target=55 trust=0.0 phase=active streak=0 cd=-1 mrr=2720 bugs=5
PROBE CUST day=183 id=co_lead_134_49 sat=55 tol=45 target=55 trust=0.0 phase=active streak=0 cd=-1 mrr=860 bugs=5
PROBE CUST day=183 id=co_lead_145_54 sat=55 tol=47 target=55 trust=0.0 phase=active streak=0 cd=-1 mrr=500 bugs=5
PROBE CUST day=183 id=co_lead_153_56 sat=55 tol=51 target=55 trust=0.0 phase=onboarding streak=0 cd=-1 mrr=1700 bugs=5
PROBE CUST day=183 id=co_lead_159_60 sat=55 tol=45 target=55 trust=0.0 phase=onboarding streak=0 cd=-1 mrr=425 bugs=5
PROBE CUST day=183 id=co_lead_164_61 sat=55 tol=45 target=55 trust=0.0 phase=onboarding streak=0 cd=-1 mrr=500 bugs=5
PROBE SAT day=183 satisfied=25/25 target=55
PROBE FIRE day=183 hour=9 id=ev_ps_referral_b2b src=pool
[EventManager] Eligible: ev_ps_referral_b2b
[EventManager] Modal requested: ev_ps_referral_b2b
PROBE PICK day=183 id=ev_ps_referral_b2b choice=0 label=Kabul et — özellik sözü ver
[EventManager] Resolved: ev_ps_referral_b2b choice 0
[HRSystem] Daily tick — 1 employees (0 izinde)
[SalesSystem] Daily tick — MRR $30695
[TimeManager] Daily tick — Day 184 (Δ 17 ms)
PROBE PLAY day=184 find_prospects (+2)
[ProductSystem] Bug sprint started: 6 bugs, 2 days
PROBE PLAY day=184 bug_sprint bugs=6
PROBE STATE day=184 cash=62674 mrr=30695 brand=50 burn=260 runway=INF cust=25 emp=1 promises=4 phase=2 aud=0 sat=-1 bugs=6 q=41.5 appetite=warming streak=4/3 profit_streak=3
PROBE CUST day=184 id=co_lead_31_4 sat=54 tol=47 target=54 trust=0.0 phase=active streak=0 cd=-1 mrr=785 bugs=6
PROBE CUST day=184 id=co_lead_31_5 sat=54 tol=47 target=54 trust=0.0 phase=active streak=0 cd=-1 mrr=860 bugs=6
PROBE CUST day=184 id=co_lead_37_7 sat=54 tol=42 target=54 trust=0.0 phase=active streak=0 cd=-1 mrr=860 bugs=6
PROBE CUST day=184 id=co_lead_51_13 sat=54 tol=51 target=54 trust=0.0 phase=active streak=0 cd=-1 mrr=2420 bugs=6
PROBE CUST day=184 id=co_lead_58_16 sat=54 tol=42 target=54 trust=0.0 phase=active streak=0 cd=-1 mrr=785 bugs=6
PROBE CUST day=184 id=co_lead_64_19 sat=54 tol=42 target=54 trust=0.0 phase=active streak=0 cd=-1 mrr=785 bugs=6
PROBE CUST day=184 id=co_lead_70_21 sat=54 tol=47 target=54 trust=0.0 phase=active streak=0 cd=-1 mrr=785 bugs=6
PROBE CUST day=184 id=co_lead_70_22 sat=54 tol=45 target=54 trust=0.0 phase=active streak=0 cd=-1 mrr=860 bugs=6
PROBE CUST day=184 id=co_lead_75_24 sat=54 tol=45 target=54 trust=0.0 phase=active streak=0 cd=-1 mrr=785 bugs=6
PROBE CUST day=184 id=co_lead_81_27 sat=54 tol=51 target=54 trust=0.0 phase=active streak=0 cd=-1 mrr=2720 bugs=6
PROBE CUST day=184 id=co_lead_86_28 sat=54 tol=47 target=54 trust=0.0 phase=active streak=0 cd=-1 mrr=860 bugs=6
PROBE CUST day=184 id=co_lead_91_30 sat=54 tol=47 target=54 trust=0.0 phase=active streak=0 cd=-1 mrr=860 bugs=6
PROBE CUST day=184 id=co_lead_97_33 sat=54 tol=42 target=54 trust=0.0 phase=active streak=0 cd=-1 mrr=860 bugs=6
PROBE CUST day=184 id=co_lead_107_38 sat=54 tol=51 target=54 trust=0.0 phase=active streak=0 cd=-1 mrr=2420 bugs=6
PROBE CUST day=184 id=co_lead_110_39 sat=54 tol=51 target=54 trust=0.0 phase=active streak=0 cd=-1 mrr=2420 bugs=6
PROBE CUST day=184 id=co_lead_113_40 sat=54 tol=42 target=54 trust=0.0 phase=active streak=0 cd=-1 mrr=860 bugs=6
PROBE CUST day=184 id=co_lead_113_41 sat=54 tol=51 target=54 trust=0.0 phase=active streak=0 cd=-1 mrr=2420 bugs=6
PROBE CUST day=184 id=co_lead_123_45 sat=54 tol=42 target=54 trust=0.0 phase=active streak=0 cd=-1 mrr=860 bugs=6
PROBE CUST day=184 id=co_lead_128_46 sat=54 tol=42 target=54 trust=0.0 phase=active streak=0 cd=-1 mrr=785 bugs=6
PROBE CUST day=184 id=co_lead_128_47 sat=54 tol=51 target=54 trust=0.0 phase=active streak=0 cd=-1 mrr=2720 bugs=6
PROBE CUST day=184 id=co_lead_134_49 sat=54 tol=45 target=54 trust=0.0 phase=active streak=0 cd=-1 mrr=860 bugs=6
PROBE CUST day=184 id=co_lead_145_54 sat=54 tol=47 target=54 trust=0.0 phase=active streak=0 cd=-1 mrr=500 bugs=6
PROBE CUST day=184 id=co_lead_153_56 sat=54 tol=51 target=54 trust=0.0 phase=active streak=0 cd=-1 mrr=1700 bugs=6
PROBE CUST day=184 id=co_lead_159_60 sat=54 tol=45 target=54 trust=0.0 phase=onboarding streak=0 cd=-1 mrr=425 bugs=6
PROBE CUST day=184 id=co_lead_164_61 sat=54 tol=45 target=54 trust=0.0 phase=onboarding streak=0 cd=-1 mrr=500 bugs=6
PROBE SAT day=184 satisfied=25/25 target=54
[HRSystem] Daily tick — 1 employees (0 izinde)
[SalesSystem] Daily tick — MRR $30695
[TimeManager] Daily tick — Day 185 (Δ 15 ms)
PROBE STATE day=185 cash=63437 mrr=30695 brand=50 burn=260 runway=INF cust=25 emp=1 promises=4 phase=2 aud=0 sat=-1 bugs=3 q=42.4 appetite=warming streak=4/3 profit_streak=3
PROBE CUST day=185 id=co_lead_31_4 sat=56 tol=47 target=56 trust=0.0 phase=active streak=0 cd=-1 mrr=785 bugs=3
PROBE CUST day=185 id=co_lead_31_5 sat=56 tol=47 target=56 trust=0.0 phase=active streak=0 cd=-1 mrr=860 bugs=3
PROBE CUST day=185 id=co_lead_37_7 sat=56 tol=42 target=56 trust=0.0 phase=active streak=0 cd=-1 mrr=860 bugs=3
PROBE CUST day=185 id=co_lead_51_13 sat=56 tol=51 target=56 trust=0.0 phase=active streak=0 cd=-1 mrr=2420 bugs=3
PROBE CUST day=185 id=co_lead_58_16 sat=56 tol=42 target=56 trust=0.0 phase=active streak=0 cd=-1 mrr=785 bugs=3
PROBE CUST day=185 id=co_lead_64_19 sat=56 tol=42 target=56 trust=0.0 phase=active streak=0 cd=-1 mrr=785 bugs=3
PROBE CUST day=185 id=co_lead_70_21 sat=56 tol=47 target=56 trust=0.0 phase=active streak=0 cd=-1 mrr=785 bugs=3
PROBE CUST day=185 id=co_lead_70_22 sat=56 tol=45 target=56 trust=0.0 phase=active streak=0 cd=-1 mrr=860 bugs=3
PROBE CUST day=185 id=co_lead_75_24 sat=56 tol=45 target=56 trust=0.0 phase=active streak=0 cd=-1 mrr=785 bugs=3
PROBE CUST day=185 id=co_lead_81_27 sat=56 tol=51 target=56 trust=0.0 phase=active streak=0 cd=-1 mrr=2720 bugs=3
PROBE CUST day=185 id=co_lead_86_28 sat=56 tol=47 target=56 trust=0.0 phase=active streak=0 cd=-1 mrr=860 bugs=3
PROBE CUST day=185 id=co_lead_91_30 sat=56 tol=47 target=56 trust=0.0 phase=active streak=0 cd=-1 mrr=860 bugs=3
PROBE CUST day=185 id=co_lead_97_33 sat=56 tol=42 target=56 trust=0.0 phase=active streak=0 cd=-1 mrr=860 bugs=3
PROBE CUST day=185 id=co_lead_107_38 sat=56 tol=51 target=56 trust=0.0 phase=active streak=0 cd=-1 mrr=2420 bugs=3
PROBE CUST day=185 id=co_lead_110_39 sat=56 tol=51 target=56 trust=0.0 phase=active streak=0 cd=-1 mrr=2420 bugs=3
PROBE CUST day=185 id=co_lead_113_40 sat=56 tol=42 target=56 trust=0.0 phase=active streak=0 cd=-1 mrr=860 bugs=3
PROBE CUST day=185 id=co_lead_113_41 sat=56 tol=51 target=56 trust=0.0 phase=active streak=0 cd=-1 mrr=2420 bugs=3
PROBE CUST day=185 id=co_lead_123_45 sat=56 tol=42 target=56 trust=0.0 phase=active streak=0 cd=-1 mrr=860 bugs=3
PROBE CUST day=185 id=co_lead_128_46 sat=56 tol=42 target=56 trust=0.0 phase=active streak=0 cd=-1 mrr=785 bugs=3
PROBE CUST day=185 id=co_lead_128_47 sat=56 tol=51 target=56 trust=0.0 phase=active streak=0 cd=-1 mrr=2720 bugs=3
PROBE CUST day=185 id=co_lead_134_49 sat=56 tol=45 target=56 trust=0.0 phase=active streak=0 cd=-1 mrr=860 bugs=3
PROBE CUST day=185 id=co_lead_145_54 sat=56 tol=47 target=56 trust=0.0 phase=active streak=0 cd=-1 mrr=500 bugs=3
PROBE CUST day=185 id=co_lead_153_56 sat=56 tol=51 target=56 trust=0.0 phase=active streak=0 cd=-1 mrr=1700 bugs=3
PROBE CUST day=185 id=co_lead_159_60 sat=56 tol=45 target=56 trust=0.0 phase=onboarding streak=0 cd=-1 mrr=425 bugs=3
PROBE CUST day=185 id=co_lead_164_61 sat=56 tol=45 target=56 trust=0.0 phase=onboarding streak=0 cd=-1 mrr=500 bugs=3
PROBE SAT day=185 satisfied=25/25 target=56
[ProductSystem] Bug sprint complete. live_bug now 0
[HRSystem] Daily tick — 1 employees (0 izinde)
[SalesSystem] Daily tick — MRR $30695
[TimeManager] Daily tick — Day 186 (Δ 14 ms)
PROBE STATE day=186 cash=64200 mrr=30695 brand=50 burn=260 runway=INF cust=25 emp=1 promises=4 phase=2 aud=0 sat=-1 bugs=0 q=43.2 appetite=warming streak=4/3 profit_streak=3
PROBE CUST day=186 id=co_lead_31_4 sat=58 tol=47 target=58 trust=0.0 phase=active streak=0 cd=-1 mrr=785 bugs=0
PROBE CUST day=186 id=co_lead_31_5 sat=58 tol=47 target=58 trust=0.0 phase=active streak=0 cd=-1 mrr=860 bugs=0
PROBE CUST day=186 id=co_lead_37_7 sat=58 tol=42 target=58 trust=0.0 phase=active streak=0 cd=-1 mrr=860 bugs=0
PROBE CUST day=186 id=co_lead_51_13 sat=58 tol=51 target=58 trust=0.0 phase=active streak=0 cd=-1 mrr=2420 bugs=0
PROBE CUST day=186 id=co_lead_58_16 sat=58 tol=42 target=58 trust=0.0 phase=active streak=0 cd=-1 mrr=785 bugs=0
PROBE CUST day=186 id=co_lead_64_19 sat=58 tol=42 target=58 trust=0.0 phase=active streak=0 cd=-1 mrr=785 bugs=0
PROBE CUST day=186 id=co_lead_70_21 sat=58 tol=47 target=58 trust=0.0 phase=active streak=0 cd=-1 mrr=785 bugs=0
PROBE CUST day=186 id=co_lead_70_22 sat=58 tol=45 target=58 trust=0.0 phase=active streak=0 cd=-1 mrr=860 bugs=0
PROBE CUST day=186 id=co_lead_75_24 sat=58 tol=45 target=58 trust=0.0 phase=active streak=0 cd=-1 mrr=785 bugs=0
PROBE CUST day=186 id=co_lead_81_27 sat=58 tol=51 target=58 trust=0.0 phase=active streak=0 cd=-1 mrr=2720 bugs=0
PROBE CUST day=186 id=co_lead_86_28 sat=58 tol=47 target=58 trust=0.0 phase=active streak=0 cd=-1 mrr=860 bugs=0
PROBE CUST day=186 id=co_lead_91_30 sat=58 tol=47 target=58 trust=0.0 phase=active streak=0 cd=-1 mrr=860 bugs=0
PROBE CUST day=186 id=co_lead_97_33 sat=58 tol=42 target=58 trust=0.0 phase=active streak=0 cd=-1 mrr=860 bugs=0
PROBE CUST day=186 id=co_lead_107_38 sat=58 tol=51 target=58 trust=0.0 phase=active streak=0 cd=-1 mrr=2420 bugs=0
PROBE CUST day=186 id=co_lead_110_39 sat=58 tol=51 target=58 trust=0.0 phase=active streak=0 cd=-1 mrr=2420 bugs=0
PROBE CUST day=186 id=co_lead_113_40 sat=58 tol=42 target=58 trust=0.0 phase=active streak=0 cd=-1 mrr=860 bugs=0
PROBE CUST day=186 id=co_lead_113_41 sat=58 tol=51 target=58 trust=0.0 phase=active streak=0 cd=-1 mrr=2420 bugs=0
PROBE CUST day=186 id=co_lead_123_45 sat=58 tol=42 target=58 trust=0.0 phase=active streak=0 cd=-1 mrr=860 bugs=0
PROBE CUST day=186 id=co_lead_128_46 sat=58 tol=42 target=58 trust=0.0 phase=active streak=0 cd=-1 mrr=785 bugs=0
PROBE CUST day=186 id=co_lead_128_47 sat=58 tol=51 target=58 trust=0.0 phase=active streak=0 cd=-1 mrr=2720 bugs=0
PROBE CUST day=186 id=co_lead_134_49 sat=58 tol=45 target=58 trust=0.0 phase=active streak=0 cd=-1 mrr=860 bugs=0
PROBE CUST day=186 id=co_lead_145_54 sat=58 tol=47 target=58 trust=0.0 phase=active streak=0 cd=-1 mrr=500 bugs=0
PROBE CUST day=186 id=co_lead_153_56 sat=58 tol=51 target=58 trust=0.0 phase=active streak=0 cd=-1 mrr=1700 bugs=0
PROBE CUST day=186 id=co_lead_159_60 sat=58 tol=45 target=58 trust=0.0 phase=onboarding streak=0 cd=-1 mrr=425 bugs=0
PROBE CUST day=186 id=co_lead_164_61 sat=58 tol=45 target=58 trust=0.0 phase=onboarding streak=0 cd=-1 mrr=500 bugs=0
PROBE SAT day=186 satisfied=25/25 target=58
[HRSystem] Daily tick — 1 employees (0 izinde)
[SalesSystem] Daily tick — MRR $30695
[TimeManager] Daily tick — Day 187 (Δ 17 ms)
PROBE STATE day=187 cash=64963 mrr=30695 brand=50 burn=260 runway=INF cust=25 emp=1 promises=4 phase=2 aud=0 sat=-1 bugs=0 q=43.2 appetite=warming streak=4/3 profit_streak=3
PROBE CUST day=187 id=co_lead_31_4 sat=58 tol=47 target=58 trust=0.0 phase=active streak=0 cd=-1 mrr=785 bugs=0
PROBE CUST day=187 id=co_lead_31_5 sat=58 tol=47 target=58 trust=0.0 phase=active streak=0 cd=-1 mrr=860 bugs=0
PROBE CUST day=187 id=co_lead_37_7 sat=58 tol=42 target=58 trust=0.0 phase=active streak=0 cd=-1 mrr=860 bugs=0
PROBE CUST day=187 id=co_lead_51_13 sat=58 tol=51 target=58 trust=0.0 phase=active streak=0 cd=-1 mrr=2420 bugs=0
PROBE CUST day=187 id=co_lead_58_16 sat=58 tol=42 target=58 trust=0.0 phase=active streak=0 cd=-1 mrr=785 bugs=0
PROBE CUST day=187 id=co_lead_64_19 sat=58 tol=42 target=58 trust=0.0 phase=active streak=0 cd=-1 mrr=785 bugs=0
PROBE CUST day=187 id=co_lead_70_21 sat=58 tol=47 target=58 trust=0.0 phase=active streak=0 cd=-1 mrr=785 bugs=0
PROBE CUST day=187 id=co_lead_70_22 sat=58 tol=45 target=58 trust=0.0 phase=active streak=0 cd=-1 mrr=860 bugs=0
PROBE CUST day=187 id=co_lead_75_24 sat=58 tol=45 target=58 trust=0.0 phase=active streak=0 cd=-1 mrr=785 bugs=0
PROBE CUST day=187 id=co_lead_81_27 sat=58 tol=51 target=58 trust=0.0 phase=active streak=0 cd=-1 mrr=2720 bugs=0
PROBE CUST day=187 id=co_lead_86_28 sat=58 tol=47 target=58 trust=0.0 phase=active streak=0 cd=-1 mrr=860 bugs=0
PROBE CUST day=187 id=co_lead_91_30 sat=58 tol=47 target=58 trust=0.0 phase=active streak=0 cd=-1 mrr=860 bugs=0
PROBE CUST day=187 id=co_lead_97_33 sat=58 tol=42 target=58 trust=0.0 phase=active streak=0 cd=-1 mrr=860 bugs=0
PROBE CUST day=187 id=co_lead_107_38 sat=58 tol=51 target=58 trust=0.0 phase=active streak=0 cd=-1 mrr=2420 bugs=0
PROBE CUST day=187 id=co_lead_110_39 sat=58 tol=51 target=58 trust=0.0 phase=active streak=0 cd=-1 mrr=2420 bugs=0
PROBE CUST day=187 id=co_lead_113_40 sat=58 tol=42 target=58 trust=0.0 phase=active streak=0 cd=-1 mrr=860 bugs=0
PROBE CUST day=187 id=co_lead_113_41 sat=58 tol=51 target=58 trust=0.0 phase=active streak=0 cd=-1 mrr=2420 bugs=0
PROBE CUST day=187 id=co_lead_123_45 sat=58 tol=42 target=58 trust=0.0 phase=active streak=0 cd=-1 mrr=860 bugs=0
PROBE CUST day=187 id=co_lead_128_46 sat=58 tol=42 target=58 trust=0.0 phase=active streak=0 cd=-1 mrr=785 bugs=0
PROBE CUST day=187 id=co_lead_128_47 sat=58 tol=51 target=58 trust=0.0 phase=active streak=0 cd=-1 mrr=2720 bugs=0
PROBE CUST day=187 id=co_lead_134_49 sat=58 tol=45 target=58 trust=0.0 phase=active streak=0 cd=-1 mrr=860 bugs=0
PROBE CUST day=187 id=co_lead_145_54 sat=58 tol=47 target=58 trust=0.0 phase=active streak=0 cd=-1 mrr=500 bugs=0
PROBE CUST day=187 id=co_lead_153_56 sat=58 tol=51 target=58 trust=0.0 phase=active streak=0 cd=-1 mrr=1700 bugs=0
PROBE CUST day=187 id=co_lead_159_60 sat=58 tol=45 target=58 trust=0.0 phase=onboarding streak=0 cd=-1 mrr=425 bugs=0
PROBE CUST day=187 id=co_lead_164_61 sat=58 tol=45 target=58 trust=0.0 phase=onboarding streak=0 cd=-1 mrr=500 bugs=0
PROBE SAT day=187 satisfied=25/25 target=58
[HRSystem] Daily tick — 1 employees (0 izinde)
[SalesSystem] Daily tick — MRR $30695
[TimeManager] Daily tick — Day 188 (Δ 17 ms)
PROBE STATE day=188 cash=65726 mrr=30695 brand=50 burn=260 runway=INF cust=25 emp=1 promises=4 phase=2 aud=0 sat=-1 bugs=1 q=42.8 appetite=warming streak=4/3 profit_streak=3
PROBE CUST day=188 id=co_lead_31_4 sat=57 tol=47 target=57 trust=0.0 phase=active streak=0 cd=-1 mrr=785 bugs=1
PROBE CUST day=188 id=co_lead_31_5 sat=57 tol=47 target=57 trust=0.0 phase=active streak=0 cd=-1 mrr=860 bugs=1
PROBE CUST day=188 id=co_lead_37_7 sat=57 tol=42 target=57 trust=0.0 phase=active streak=0 cd=-1 mrr=860 bugs=1
PROBE CUST day=188 id=co_lead_51_13 sat=57 tol=51 target=57 trust=0.0 phase=active streak=0 cd=-1 mrr=2420 bugs=1
PROBE CUST day=188 id=co_lead_58_16 sat=57 tol=42 target=57 trust=0.0 phase=active streak=0 cd=-1 mrr=785 bugs=1
PROBE CUST day=188 id=co_lead_64_19 sat=57 tol=42 target=57 trust=0.0 phase=active streak=0 cd=-1 mrr=785 bugs=1
PROBE CUST day=188 id=co_lead_70_21 sat=57 tol=47 target=57 trust=0.0 phase=active streak=0 cd=-1 mrr=785 bugs=1
PROBE CUST day=188 id=co_lead_70_22 sat=57 tol=45 target=57 trust=0.0 phase=active streak=0 cd=-1 mrr=860 bugs=1
PROBE CUST day=188 id=co_lead_75_24 sat=57 tol=45 target=57 trust=0.0 phase=active streak=0 cd=-1 mrr=785 bugs=1
PROBE CUST day=188 id=co_lead_81_27 sat=57 tol=51 target=57 trust=0.0 phase=active streak=0 cd=-1 mrr=2720 bugs=1
PROBE CUST day=188 id=co_lead_86_28 sat=57 tol=47 target=57 trust=0.0 phase=active streak=0 cd=-1 mrr=860 bugs=1
PROBE CUST day=188 id=co_lead_91_30 sat=57 tol=47 target=57 trust=0.0 phase=active streak=0 cd=-1 mrr=860 bugs=1
PROBE CUST day=188 id=co_lead_97_33 sat=57 tol=42 target=57 trust=0.0 phase=active streak=0 cd=-1 mrr=860 bugs=1
PROBE CUST day=188 id=co_lead_107_38 sat=57 tol=51 target=57 trust=0.0 phase=active streak=0 cd=-1 mrr=2420 bugs=1
PROBE CUST day=188 id=co_lead_110_39 sat=57 tol=51 target=57 trust=0.0 phase=active streak=0 cd=-1 mrr=2420 bugs=1
PROBE CUST day=188 id=co_lead_113_40 sat=57 tol=42 target=57 trust=0.0 phase=active streak=0 cd=-1 mrr=860 bugs=1
PROBE CUST day=188 id=co_lead_113_41 sat=57 tol=51 target=57 trust=0.0 phase=active streak=0 cd=-1 mrr=2420 bugs=1
PROBE CUST day=188 id=co_lead_123_45 sat=57 tol=42 target=57 trust=0.0 phase=active streak=0 cd=-1 mrr=860 bugs=1
PROBE CUST day=188 id=co_lead_128_46 sat=57 tol=42 target=57 trust=0.0 phase=active streak=0 cd=-1 mrr=785 bugs=1
PROBE CUST day=188 id=co_lead_128_47 sat=57 tol=51 target=57 trust=0.0 phase=active streak=0 cd=-1 mrr=2720 bugs=1
PROBE CUST day=188 id=co_lead_134_49 sat=57 tol=45 target=57 trust=0.0 phase=active streak=0 cd=-1 mrr=860 bugs=1
PROBE CUST day=188 id=co_lead_145_54 sat=57 tol=47 target=57 trust=0.0 phase=active streak=0 cd=-1 mrr=500 bugs=1
PROBE CUST day=188 id=co_lead_153_56 sat=57 tol=51 target=57 trust=0.0 phase=active streak=0 cd=-1 mrr=1700 bugs=1
PROBE CUST day=188 id=co_lead_159_60 sat=57 tol=45 target=57 trust=0.0 phase=onboarding streak=0 cd=-1 mrr=425 bugs=1
PROBE CUST day=188 id=co_lead_164_61 sat=57 tol=45 target=57 trust=0.0 phase=onboarding streak=0 cd=-1 mrr=500 bugs=1
PROBE SAT day=188 satisfied=25/25 target=57
[HRSystem] Daily tick — 1 employees (0 izinde)
[SalesSystem] Daily tick — MRR $30695
[TimeManager] Daily tick — Day 189 (Δ 15 ms)
PROBE PLAY day=189 find_prospects (+2)
PROBE STATE day=189 cash=66489 mrr=30695 brand=50 burn=260 runway=INF cust=25 emp=1 promises=4 phase=2 aud=0 sat=-1 bugs=2 q=42.5 appetite=warming streak=4/3 profit_streak=3
PROBE CUST day=189 id=co_lead_31_4 sat=56 tol=47 target=56 trust=0.0 phase=active streak=0 cd=-1 mrr=785 bugs=2
PROBE CUST day=189 id=co_lead_31_5 sat=56 tol=47 target=56 trust=0.0 phase=active streak=0 cd=-1 mrr=860 bugs=2
PROBE CUST day=189 id=co_lead_37_7 sat=56 tol=42 target=56 trust=0.0 phase=active streak=0 cd=-1 mrr=860 bugs=2
PROBE CUST day=189 id=co_lead_51_13 sat=56 tol=51 target=56 trust=0.0 phase=active streak=0 cd=-1 mrr=2420 bugs=2
PROBE CUST day=189 id=co_lead_58_16 sat=56 tol=42 target=56 trust=0.0 phase=active streak=0 cd=-1 mrr=785 bugs=2
PROBE CUST day=189 id=co_lead_64_19 sat=56 tol=42 target=56 trust=0.0 phase=active streak=0 cd=-1 mrr=785 bugs=2
PROBE CUST day=189 id=co_lead_70_21 sat=56 tol=47 target=56 trust=0.0 phase=active streak=0 cd=-1 mrr=785 bugs=2
PROBE CUST day=189 id=co_lead_70_22 sat=56 tol=45 target=56 trust=0.0 phase=active streak=0 cd=-1 mrr=860 bugs=2
PROBE CUST day=189 id=co_lead_75_24 sat=56 tol=45 target=56 trust=0.0 phase=active streak=0 cd=-1 mrr=785 bugs=2
PROBE CUST day=189 id=co_lead_81_27 sat=56 tol=51 target=56 trust=0.0 phase=active streak=0 cd=-1 mrr=2720 bugs=2
PROBE CUST day=189 id=co_lead_86_28 sat=56 tol=47 target=56 trust=0.0 phase=active streak=0 cd=-1 mrr=860 bugs=2
PROBE CUST day=189 id=co_lead_91_30 sat=56 tol=47 target=56 trust=0.0 phase=active streak=0 cd=-1 mrr=860 bugs=2
PROBE CUST day=189 id=co_lead_97_33 sat=56 tol=42 target=56 trust=0.0 phase=active streak=0 cd=-1 mrr=860 bugs=2
PROBE CUST day=189 id=co_lead_107_38 sat=56 tol=51 target=56 trust=0.0 phase=active streak=0 cd=-1 mrr=2420 bugs=2
PROBE CUST day=189 id=co_lead_110_39 sat=56 tol=51 target=56 trust=0.0 phase=active streak=0 cd=-1 mrr=2420 bugs=2
PROBE CUST day=189 id=co_lead_113_40 sat=56 tol=42 target=56 trust=0.0 phase=active streak=0 cd=-1 mrr=860 bugs=2
PROBE CUST day=189 id=co_lead_113_41 sat=56 tol=51 target=56 trust=0.0 phase=active streak=0 cd=-1 mrr=2420 bugs=2
PROBE CUST day=189 id=co_lead_123_45 sat=56 tol=42 target=56 trust=0.0 phase=active streak=0 cd=-1 mrr=860 bugs=2
PROBE CUST day=189 id=co_lead_128_46 sat=56 tol=42 target=56 trust=0.0 phase=active streak=0 cd=-1 mrr=785 bugs=2
PROBE CUST day=189 id=co_lead_128_47 sat=56 tol=51 target=56 trust=0.0 phase=active streak=0 cd=-1 mrr=2720 bugs=2
PROBE CUST day=189 id=co_lead_134_49 sat=56 tol=45 target=56 trust=0.0 phase=active streak=0 cd=-1 mrr=860 bugs=2
PROBE CUST day=189 id=co_lead_145_54 sat=56 tol=47 target=56 trust=0.0 phase=active streak=0 cd=-1 mrr=500 bugs=2
PROBE CUST day=189 id=co_lead_153_56 sat=56 tol=51 target=56 trust=0.0 phase=active streak=0 cd=-1 mrr=1700 bugs=2
PROBE CUST day=189 id=co_lead_159_60 sat=56 tol=45 target=56 trust=0.0 phase=onboarding streak=0 cd=-1 mrr=425 bugs=2
PROBE CUST day=189 id=co_lead_164_61 sat=56 tol=45 target=56 trust=0.0 phase=onboarding streak=0 cd=-1 mrr=500 bugs=2
PROBE SAT day=189 satisfied=25/25 target=56
[HRSystem] Daily tick — 1 employees (0 izinde)
[SalesSystem] Daily tick — MRR $30695
[TimeManager] Daily tick — Day 190 (Δ 17 ms)
PROBE STATE day=190 cash=67252 mrr=30695 brand=50 burn=260 runway=INF cust=25 emp=1 promises=4 phase=2 aud=0 sat=-1 bugs=2 q=42.5 appetite=warming streak=4/3 profit_streak=3
PROBE CUST day=190 id=co_lead_31_4 sat=56 tol=47 target=56 trust=0.0 phase=active streak=0 cd=-1 mrr=785 bugs=2
PROBE CUST day=190 id=co_lead_31_5 sat=56 tol=47 target=56 trust=0.0 phase=active streak=0 cd=-1 mrr=860 bugs=2
PROBE CUST day=190 id=co_lead_37_7 sat=56 tol=42 target=56 trust=0.0 phase=active streak=0 cd=-1 mrr=860 bugs=2
PROBE CUST day=190 id=co_lead_51_13 sat=56 tol=51 target=56 trust=0.0 phase=active streak=0 cd=-1 mrr=2420 bugs=2
PROBE CUST day=190 id=co_lead_58_16 sat=56 tol=42 target=56 trust=0.0 phase=active streak=0 cd=-1 mrr=785 bugs=2
PROBE CUST day=190 id=co_lead_64_19 sat=56 tol=42 target=56 trust=0.0 phase=active streak=0 cd=-1 mrr=785 bugs=2
PROBE CUST day=190 id=co_lead_70_21 sat=56 tol=47 target=56 trust=0.0 phase=active streak=0 cd=-1 mrr=785 bugs=2
PROBE CUST day=190 id=co_lead_70_22 sat=56 tol=45 target=56 trust=0.0 phase=active streak=0 cd=-1 mrr=860 bugs=2
PROBE CUST day=190 id=co_lead_75_24 sat=56 tol=45 target=56 trust=0.0 phase=active streak=0 cd=-1 mrr=785 bugs=2
PROBE CUST day=190 id=co_lead_81_27 sat=56 tol=51 target=56 trust=0.0 phase=active streak=0 cd=-1 mrr=2720 bugs=2
PROBE CUST day=190 id=co_lead_86_28 sat=56 tol=47 target=56 trust=0.0 phase=active streak=0 cd=-1 mrr=860 bugs=2
PROBE CUST day=190 id=co_lead_91_30 sat=56 tol=47 target=56 trust=0.0 phase=active streak=0 cd=-1 mrr=860 bugs=2
PROBE CUST day=190 id=co_lead_97_33 sat=56 tol=42 target=56 trust=0.0 phase=active streak=0 cd=-1 mrr=860 bugs=2
PROBE CUST day=190 id=co_lead_107_38 sat=56 tol=51 target=56 trust=0.0 phase=active streak=0 cd=-1 mrr=2420 bugs=2
PROBE CUST day=190 id=co_lead_110_39 sat=56 tol=51 target=56 trust=0.0 phase=active streak=0 cd=-1 mrr=2420 bugs=2
PROBE CUST day=190 id=co_lead_113_40 sat=56 tol=42 target=56 trust=0.0 phase=active streak=0 cd=-1 mrr=860 bugs=2
PROBE CUST day=190 id=co_lead_113_41 sat=56 tol=51 target=56 trust=0.0 phase=active streak=0 cd=-1 mrr=2420 bugs=2
PROBE CUST day=190 id=co_lead_123_45 sat=56 tol=42 target=56 trust=0.0 phase=active streak=0 cd=-1 mrr=860 bugs=2
PROBE CUST day=190 id=co_lead_128_46 sat=56 tol=42 target=56 trust=0.0 phase=active streak=0 cd=-1 mrr=785 bugs=2
PROBE CUST day=190 id=co_lead_128_47 sat=56 tol=51 target=56 trust=0.0 phase=active streak=0 cd=-1 mrr=2720 bugs=2
PROBE CUST day=190 id=co_lead_134_49 sat=56 tol=45 target=56 trust=0.0 phase=active streak=0 cd=-1 mrr=860 bugs=2
PROBE CUST day=190 id=co_lead_145_54 sat=56 tol=47 target=56 trust=0.0 phase=active streak=0 cd=-1 mrr=500 bugs=2
PROBE CUST day=190 id=co_lead_153_56 sat=56 tol=51 target=56 trust=0.0 phase=active streak=0 cd=-1 mrr=1700 bugs=2
PROBE CUST day=190 id=co_lead_159_60 sat=56 tol=45 target=56 trust=0.0 phase=onboarding streak=0 cd=-1 mrr=425 bugs=2
PROBE CUST day=190 id=co_lead_164_61 sat=56 tol=45 target=56 trust=0.0 phase=onboarding streak=0 cd=-1 mrr=500 bugs=2
PROBE SAT day=190 satisfied=25/25 target=56
[HRSystem] Daily tick — 1 employees (0 izinde)
[SalesSystem] Daily tick — MRR $30695
[TimeManager] Daily tick — Day 191 (Δ 17 ms)
PROBE STATE day=191 cash=68015 mrr=30695 brand=50 burn=260 runway=INF cust=25 emp=1 promises=4 phase=2 aud=0 sat=-1 bugs=3 q=42.2 appetite=warming streak=4/3 profit_streak=3
PROBE CUST day=191 id=co_lead_31_4 sat=56 tol=47 target=56 trust=0.0 phase=active streak=0 cd=-1 mrr=785 bugs=3
PROBE CUST day=191 id=co_lead_31_5 sat=56 tol=47 target=56 trust=0.0 phase=active streak=0 cd=-1 mrr=860 bugs=3
PROBE CUST day=191 id=co_lead_37_7 sat=56 tol=42 target=56 trust=0.0 phase=active streak=0 cd=-1 mrr=860 bugs=3
PROBE CUST day=191 id=co_lead_51_13 sat=56 tol=51 target=56 trust=0.0 phase=active streak=0 cd=-1 mrr=2420 bugs=3
PROBE CUST day=191 id=co_lead_58_16 sat=56 tol=42 target=56 trust=0.0 phase=active streak=0 cd=-1 mrr=785 bugs=3
PROBE CUST day=191 id=co_lead_64_19 sat=56 tol=42 target=56 trust=0.0 phase=active streak=0 cd=-1 mrr=785 bugs=3
PROBE CUST day=191 id=co_lead_70_21 sat=56 tol=47 target=56 trust=0.0 phase=active streak=0 cd=-1 mrr=785 bugs=3
PROBE CUST day=191 id=co_lead_70_22 sat=56 tol=45 target=56 trust=0.0 phase=active streak=0 cd=-1 mrr=860 bugs=3
PROBE CUST day=191 id=co_lead_75_24 sat=56 tol=45 target=56 trust=0.0 phase=active streak=0 cd=-1 mrr=785 bugs=3
PROBE CUST day=191 id=co_lead_81_27 sat=56 tol=51 target=56 trust=0.0 phase=active streak=0 cd=-1 mrr=2720 bugs=3
PROBE CUST day=191 id=co_lead_86_28 sat=56 tol=47 target=56 trust=0.0 phase=active streak=0 cd=-1 mrr=860 bugs=3
PROBE CUST day=191 id=co_lead_91_30 sat=56 tol=47 target=56 trust=0.0 phase=active streak=0 cd=-1 mrr=860 bugs=3
PROBE CUST day=191 id=co_lead_97_33 sat=56 tol=42 target=56 trust=0.0 phase=active streak=0 cd=-1 mrr=860 bugs=3
PROBE CUST day=191 id=co_lead_107_38 sat=56 tol=51 target=56 trust=0.0 phase=active streak=0 cd=-1 mrr=2420 bugs=3
PROBE CUST day=191 id=co_lead_110_39 sat=56 tol=51 target=56 trust=0.0 phase=active streak=0 cd=-1 mrr=2420 bugs=3
PROBE CUST day=191 id=co_lead_113_40 sat=56 tol=42 target=56 trust=0.0 phase=active streak=0 cd=-1 mrr=860 bugs=3
PROBE CUST day=191 id=co_lead_113_41 sat=56 tol=51 target=56 trust=0.0 phase=active streak=0 cd=-1 mrr=2420 bugs=3
PROBE CUST day=191 id=co_lead_123_45 sat=56 tol=42 target=56 trust=0.0 phase=active streak=0 cd=-1 mrr=860 bugs=3
PROBE CUST day=191 id=co_lead_128_46 sat=56 tol=42 target=56 trust=0.0 phase=active streak=0 cd=-1 mrr=785 bugs=3
PROBE CUST day=191 id=co_lead_128_47 sat=56 tol=51 target=56 trust=0.0 phase=active streak=0 cd=-1 mrr=2720 bugs=3
PROBE CUST day=191 id=co_lead_134_49 sat=56 tol=45 target=56 trust=0.0 phase=active streak=0 cd=-1 mrr=860 bugs=3
PROBE CUST day=191 id=co_lead_145_54 sat=56 tol=47 target=56 trust=0.0 phase=active streak=0 cd=-1 mrr=500 bugs=3
PROBE CUST day=191 id=co_lead_153_56 sat=56 tol=51 target=56 trust=0.0 phase=active streak=0 cd=-1 mrr=1700 bugs=3
PROBE CUST day=191 id=co_lead_159_60 sat=56 tol=45 target=56 trust=0.0 phase=onboarding streak=0 cd=-1 mrr=425 bugs=3
PROBE CUST day=191 id=co_lead_164_61 sat=56 tol=45 target=56 trust=0.0 phase=onboarding streak=0 cd=-1 mrr=500 bugs=3
PROBE SAT day=191 satisfied=25/25 target=56
[HRSystem] Daily tick — 1 employees (0 izinde)
[SalesSystem] Daily tick — MRR $30695
[TimeManager] Daily tick — Day 192 (Δ 14 ms)
PROBE STATE day=192 cash=68778 mrr=30695 brand=50 burn=260 runway=INF cust=25 emp=1 promises=4 phase=2 aud=0 sat=-1 bugs=4 q=41.9 appetite=warming streak=4/3 profit_streak=3
PROBE CUST day=192 id=co_lead_31_4 sat=55 tol=47 target=55 trust=0.0 phase=active streak=0 cd=-1 mrr=785 bugs=4
PROBE CUST day=192 id=co_lead_31_5 sat=55 tol=47 target=55 trust=0.0 phase=active streak=0 cd=-1 mrr=860 bugs=4
PROBE CUST day=192 id=co_lead_37_7 sat=55 tol=42 target=55 trust=0.0 phase=active streak=0 cd=-1 mrr=860 bugs=4
PROBE CUST day=192 id=co_lead_51_13 sat=55 tol=51 target=55 trust=0.0 phase=active streak=0 cd=-1 mrr=2420 bugs=4
PROBE CUST day=192 id=co_lead_58_16 sat=55 tol=42 target=55 trust=0.0 phase=active streak=0 cd=-1 mrr=785 bugs=4
PROBE CUST day=192 id=co_lead_64_19 sat=55 tol=42 target=55 trust=0.0 phase=active streak=0 cd=-1 mrr=785 bugs=4
PROBE CUST day=192 id=co_lead_70_21 sat=55 tol=47 target=55 trust=0.0 phase=active streak=0 cd=-1 mrr=785 bugs=4
PROBE CUST day=192 id=co_lead_70_22 sat=55 tol=45 target=55 trust=0.0 phase=active streak=0 cd=-1 mrr=860 bugs=4
PROBE CUST day=192 id=co_lead_75_24 sat=55 tol=45 target=55 trust=0.0 phase=active streak=0 cd=-1 mrr=785 bugs=4
PROBE CUST day=192 id=co_lead_81_27 sat=55 tol=51 target=55 trust=0.0 phase=active streak=0 cd=-1 mrr=2720 bugs=4
PROBE CUST day=192 id=co_lead_86_28 sat=55 tol=47 target=55 trust=0.0 phase=active streak=0 cd=-1 mrr=860 bugs=4
PROBE CUST day=192 id=co_lead_91_30 sat=55 tol=47 target=55 trust=0.0 phase=active streak=0 cd=-1 mrr=860 bugs=4
PROBE CUST day=192 id=co_lead_97_33 sat=55 tol=42 target=55 trust=0.0 phase=active streak=0 cd=-1 mrr=860 bugs=4
PROBE CUST day=192 id=co_lead_107_38 sat=55 tol=51 target=55 trust=0.0 phase=active streak=0 cd=-1 mrr=2420 bugs=4
PROBE CUST day=192 id=co_lead_110_39 sat=55 tol=51 target=55 trust=0.0 phase=active streak=0 cd=-1 mrr=2420 bugs=4
PROBE CUST day=192 id=co_lead_113_40 sat=55 tol=42 target=55 trust=0.0 phase=active streak=0 cd=-1 mrr=860 bugs=4
PROBE CUST day=192 id=co_lead_113_41 sat=55 tol=51 target=55 trust=0.0 phase=active streak=0 cd=-1 mrr=2420 bugs=4
PROBE CUST day=192 id=co_lead_123_45 sat=55 tol=42 target=55 trust=0.0 phase=active streak=0 cd=-1 mrr=860 bugs=4
PROBE CUST day=192 id=co_lead_128_46 sat=55 tol=42 target=55 trust=0.0 phase=active streak=0 cd=-1 mrr=785 bugs=4
PROBE CUST day=192 id=co_lead_128_47 sat=55 tol=51 target=55 trust=0.0 phase=active streak=0 cd=-1 mrr=2720 bugs=4
PROBE CUST day=192 id=co_lead_134_49 sat=55 tol=45 target=55 trust=0.0 phase=active streak=0 cd=-1 mrr=860 bugs=4
PROBE CUST day=192 id=co_lead_145_54 sat=55 tol=47 target=55 trust=0.0 phase=active streak=0 cd=-1 mrr=500 bugs=4
PROBE CUST day=192 id=co_lead_153_56 sat=55 tol=51 target=55 trust=0.0 phase=active streak=0 cd=-1 mrr=1700 bugs=4
PROBE CUST day=192 id=co_lead_159_60 sat=55 tol=45 target=55 trust=0.0 phase=active streak=0 cd=-1 mrr=425 bugs=4
PROBE CUST day=192 id=co_lead_164_61 sat=55 tol=45 target=55 trust=0.0 phase=onboarding streak=0 cd=-1 mrr=500 bugs=4
PROBE SAT day=192 satisfied=25/25 target=55
[HRSystem] Daily tick — 1 employees (0 izinde)
[SalesSystem] Daily tick — MRR $30695
[TimeManager] Daily tick — Day 193 (Δ 16 ms)
PROBE STATE day=193 cash=69541 mrr=30695 brand=50 burn=260 runway=INF cust=25 emp=1 promises=4 phase=2 aud=0 sat=-1 bugs=4 q=41.8 appetite=warming streak=4/3 profit_streak=3
PROBE CUST day=193 id=co_lead_31_4 sat=55 tol=47 target=55 trust=0.0 phase=active streak=0 cd=-1 mrr=785 bugs=4
PROBE CUST day=193 id=co_lead_31_5 sat=55 tol=47 target=55 trust=0.0 phase=active streak=0 cd=-1 mrr=860 bugs=4
PROBE CUST day=193 id=co_lead_37_7 sat=55 tol=42 target=55 trust=0.0 phase=active streak=0 cd=-1 mrr=860 bugs=4
PROBE CUST day=193 id=co_lead_51_13 sat=55 tol=51 target=55 trust=0.0 phase=active streak=0 cd=-1 mrr=2420 bugs=4
PROBE CUST day=193 id=co_lead_58_16 sat=55 tol=42 target=55 trust=0.0 phase=active streak=0 cd=-1 mrr=785 bugs=4
PROBE CUST day=193 id=co_lead_64_19 sat=55 tol=42 target=55 trust=0.0 phase=active streak=0 cd=-1 mrr=785 bugs=4
PROBE CUST day=193 id=co_lead_70_21 sat=55 tol=47 target=55 trust=0.0 phase=active streak=0 cd=-1 mrr=785 bugs=4
PROBE CUST day=193 id=co_lead_70_22 sat=55 tol=45 target=55 trust=0.0 phase=active streak=0 cd=-1 mrr=860 bugs=4
PROBE CUST day=193 id=co_lead_75_24 sat=55 tol=45 target=55 trust=0.0 phase=active streak=0 cd=-1 mrr=785 bugs=4
PROBE CUST day=193 id=co_lead_81_27 sat=55 tol=51 target=55 trust=0.0 phase=active streak=0 cd=-1 mrr=2720 bugs=4
PROBE CUST day=193 id=co_lead_86_28 sat=55 tol=47 target=55 trust=0.0 phase=active streak=0 cd=-1 mrr=860 bugs=4
PROBE CUST day=193 id=co_lead_91_30 sat=55 tol=47 target=55 trust=0.0 phase=active streak=0 cd=-1 mrr=860 bugs=4
PROBE CUST day=193 id=co_lead_97_33 sat=55 tol=42 target=55 trust=0.0 phase=active streak=0 cd=-1 mrr=860 bugs=4
PROBE CUST day=193 id=co_lead_107_38 sat=55 tol=51 target=55 trust=0.0 phase=active streak=0 cd=-1 mrr=2420 bugs=4
PROBE CUST day=193 id=co_lead_110_39 sat=55 tol=51 target=55 trust=0.0 phase=active streak=0 cd=-1 mrr=2420 bugs=4
PROBE CUST day=193 id=co_lead_113_40 sat=55 tol=42 target=55 trust=0.0 phase=active streak=0 cd=-1 mrr=860 bugs=4
PROBE CUST day=193 id=co_lead_113_41 sat=55 tol=51 target=55 trust=0.0 phase=active streak=0 cd=-1 mrr=2420 bugs=4
PROBE CUST day=193 id=co_lead_123_45 sat=55 tol=42 target=55 trust=0.0 phase=active streak=0 cd=-1 mrr=860 bugs=4
PROBE CUST day=193 id=co_lead_128_46 sat=55 tol=42 target=55 trust=0.0 phase=active streak=0 cd=-1 mrr=785 bugs=4
PROBE CUST day=193 id=co_lead_128_47 sat=55 tol=51 target=55 trust=0.0 phase=active streak=0 cd=-1 mrr=2720 bugs=4
PROBE CUST day=193 id=co_lead_134_49 sat=55 tol=45 target=55 trust=0.0 phase=active streak=0 cd=-1 mrr=860 bugs=4
PROBE CUST day=193 id=co_lead_145_54 sat=55 tol=47 target=55 trust=0.0 phase=active streak=0 cd=-1 mrr=500 bugs=4
PROBE CUST day=193 id=co_lead_153_56 sat=55 tol=51 target=55 trust=0.0 phase=active streak=0 cd=-1 mrr=1700 bugs=4
PROBE CUST day=193 id=co_lead_159_60 sat=55 tol=45 target=55 trust=0.0 phase=active streak=0 cd=-1 mrr=425 bugs=4
PROBE CUST day=193 id=co_lead_164_61 sat=55 tol=45 target=55 trust=0.0 phase=onboarding streak=0 cd=-1 mrr=500 bugs=4
PROBE SAT day=193 satisfied=25/25 target=55
[HRSystem] Daily tick — 1 employees (0 izinde)
[SalesSystem] Daily tick — MRR $30695
[TimeManager] Daily tick — Day 194 (Δ 15 ms)
PROBE PLAY day=194 find_prospects (+2)
PROBE STATE day=194 cash=70304 mrr=30695 brand=50 burn=260 runway=INF cust=25 emp=1 promises=4 phase=2 aud=0 sat=-1 bugs=5 q=41.5 appetite=warming streak=4/3 profit_streak=3
PROBE CUST day=194 id=co_lead_31_4 sat=55 tol=47 target=55 trust=0.0 phase=active streak=0 cd=-1 mrr=785 bugs=5
PROBE CUST day=194 id=co_lead_31_5 sat=55 tol=47 target=55 trust=0.0 phase=active streak=0 cd=-1 mrr=860 bugs=5
PROBE CUST day=194 id=co_lead_37_7 sat=55 tol=42 target=55 trust=0.0 phase=active streak=0 cd=-1 mrr=860 bugs=5
PROBE CUST day=194 id=co_lead_51_13 sat=55 tol=51 target=55 trust=0.0 phase=active streak=0 cd=-1 mrr=2420 bugs=5
PROBE CUST day=194 id=co_lead_58_16 sat=55 tol=42 target=55 trust=0.0 phase=active streak=0 cd=-1 mrr=785 bugs=5
PROBE CUST day=194 id=co_lead_64_19 sat=55 tol=42 target=55 trust=0.0 phase=active streak=0 cd=-1 mrr=785 bugs=5
PROBE CUST day=194 id=co_lead_70_21 sat=55 tol=47 target=55 trust=0.0 phase=active streak=0 cd=-1 mrr=785 bugs=5
PROBE CUST day=194 id=co_lead_70_22 sat=55 tol=45 target=55 trust=0.0 phase=active streak=0 cd=-1 mrr=860 bugs=5
PROBE CUST day=194 id=co_lead_75_24 sat=55 tol=45 target=55 trust=0.0 phase=active streak=0 cd=-1 mrr=785 bugs=5
PROBE CUST day=194 id=co_lead_81_27 sat=55 tol=51 target=55 trust=0.0 phase=active streak=0 cd=-1 mrr=2720 bugs=5
PROBE CUST day=194 id=co_lead_86_28 sat=55 tol=47 target=55 trust=0.0 phase=active streak=0 cd=-1 mrr=860 bugs=5
PROBE CUST day=194 id=co_lead_91_30 sat=55 tol=47 target=55 trust=0.0 phase=active streak=0 cd=-1 mrr=860 bugs=5
PROBE CUST day=194 id=co_lead_97_33 sat=55 tol=42 target=55 trust=0.0 phase=active streak=0 cd=-1 mrr=860 bugs=5
PROBE CUST day=194 id=co_lead_107_38 sat=55 tol=51 target=55 trust=0.0 phase=active streak=0 cd=-1 mrr=2420 bugs=5
PROBE CUST day=194 id=co_lead_110_39 sat=55 tol=51 target=55 trust=0.0 phase=active streak=0 cd=-1 mrr=2420 bugs=5
PROBE CUST day=194 id=co_lead_113_40 sat=55 tol=42 target=55 trust=0.0 phase=active streak=0 cd=-1 mrr=860 bugs=5
PROBE CUST day=194 id=co_lead_113_41 sat=55 tol=51 target=55 trust=0.0 phase=active streak=0 cd=-1 mrr=2420 bugs=5
PROBE CUST day=194 id=co_lead_123_45 sat=55 tol=42 target=55 trust=0.0 phase=active streak=0 cd=-1 mrr=860 bugs=5
PROBE CUST day=194 id=co_lead_128_46 sat=55 tol=42 target=55 trust=0.0 phase=active streak=0 cd=-1 mrr=785 bugs=5
PROBE CUST day=194 id=co_lead_128_47 sat=55 tol=51 target=55 trust=0.0 phase=active streak=0 cd=-1 mrr=2720 bugs=5
PROBE CUST day=194 id=co_lead_134_49 sat=55 tol=45 target=55 trust=0.0 phase=active streak=0 cd=-1 mrr=860 bugs=5
PROBE CUST day=194 id=co_lead_145_54 sat=55 tol=47 target=55 trust=0.0 phase=active streak=0 cd=-1 mrr=500 bugs=5
PROBE CUST day=194 id=co_lead_153_56 sat=55 tol=51 target=55 trust=0.0 phase=active streak=0 cd=-1 mrr=1700 bugs=5
PROBE CUST day=194 id=co_lead_159_60 sat=55 tol=45 target=55 trust=0.0 phase=active streak=0 cd=-1 mrr=425 bugs=5
PROBE CUST day=194 id=co_lead_164_61 sat=55 tol=45 target=55 trust=0.0 phase=onboarding streak=0 cd=-1 mrr=500 bugs=5
PROBE SAT day=194 satisfied=25/25 target=55
[HRSystem] Daily tick — 1 employees (0 izinde)
PROBE FIRE day=195 hour=0 id=ev_b2b_expand_co_lead_145_54 src=factory:b2b_sales_system:242 (expansion)
[EventManager] Modal requested: ev_b2b_expand_co_lead_145_54
[SalesSystem] Daily tick — MRR $30695
[TimeManager] Daily tick — Day 195 (Δ 18 ms)
PROBE PICK day=195 id=ev_b2b_expand_co_lead_145_54 choice=0 label=Büyüt
[EventManager] Resolved: ev_b2b_expand_co_lead_145_54 choice 0
[ProductSystem] Bug sprint started: 6 bugs, 2 days
PROBE PLAY day=195 bug_sprint bugs=6
PROBE STATE day=195 cash=71067 mrr=31055 brand=50 burn=260 runway=INF cust=25 emp=1 promises=4 phase=2 aud=0 sat=-1 bugs=6 q=41.2 appetite=warming streak=4/3 profit_streak=3
PROBE CUST day=195 id=co_lead_31_4 sat=54 tol=47 target=54 trust=0.0 phase=active streak=0 cd=-1 mrr=785 bugs=6
PROBE CUST day=195 id=co_lead_31_5 sat=54 tol=47 target=54 trust=0.0 phase=active streak=0 cd=-1 mrr=860 bugs=6
PROBE CUST day=195 id=co_lead_37_7 sat=54 tol=42 target=54 trust=0.0 phase=active streak=0 cd=-1 mrr=860 bugs=6
PROBE CUST day=195 id=co_lead_51_13 sat=54 tol=51 target=54 trust=0.0 phase=active streak=0 cd=-1 mrr=2420 bugs=6
PROBE CUST day=195 id=co_lead_58_16 sat=54 tol=42 target=54 trust=0.0 phase=active streak=0 cd=-1 mrr=785 bugs=6
PROBE CUST day=195 id=co_lead_64_19 sat=54 tol=42 target=54 trust=0.0 phase=active streak=0 cd=-1 mrr=785 bugs=6
PROBE CUST day=195 id=co_lead_70_21 sat=54 tol=47 target=54 trust=0.0 phase=active streak=0 cd=-1 mrr=785 bugs=6
PROBE CUST day=195 id=co_lead_70_22 sat=54 tol=45 target=54 trust=0.0 phase=active streak=0 cd=-1 mrr=860 bugs=6
PROBE CUST day=195 id=co_lead_75_24 sat=54 tol=45 target=54 trust=0.0 phase=active streak=0 cd=-1 mrr=785 bugs=6
PROBE CUST day=195 id=co_lead_81_27 sat=54 tol=51 target=54 trust=0.0 phase=active streak=0 cd=-1 mrr=2720 bugs=6
PROBE CUST day=195 id=co_lead_86_28 sat=54 tol=47 target=54 trust=0.0 phase=active streak=0 cd=-1 mrr=860 bugs=6
PROBE CUST day=195 id=co_lead_91_30 sat=54 tol=47 target=54 trust=0.0 phase=active streak=0 cd=-1 mrr=860 bugs=6
PROBE CUST day=195 id=co_lead_97_33 sat=54 tol=42 target=54 trust=0.0 phase=active streak=0 cd=-1 mrr=860 bugs=6
PROBE CUST day=195 id=co_lead_107_38 sat=54 tol=51 target=54 trust=0.0 phase=active streak=0 cd=-1 mrr=2420 bugs=6
PROBE CUST day=195 id=co_lead_110_39 sat=54 tol=51 target=54 trust=0.0 phase=active streak=0 cd=-1 mrr=2420 bugs=6
PROBE CUST day=195 id=co_lead_113_40 sat=54 tol=42 target=54 trust=0.0 phase=active streak=0 cd=-1 mrr=860 bugs=6
PROBE CUST day=195 id=co_lead_113_41 sat=54 tol=51 target=54 trust=0.0 phase=active streak=0 cd=-1 mrr=2420 bugs=6
PROBE CUST day=195 id=co_lead_123_45 sat=54 tol=42 target=54 trust=0.0 phase=active streak=0 cd=-1 mrr=860 bugs=6
PROBE CUST day=195 id=co_lead_128_46 sat=54 tol=42 target=54 trust=0.0 phase=active streak=0 cd=-1 mrr=785 bugs=6
PROBE CUST day=195 id=co_lead_128_47 sat=54 tol=51 target=54 trust=0.0 phase=active streak=0 cd=-1 mrr=2720 bugs=6
PROBE CUST day=195 id=co_lead_134_49 sat=54 tol=45 target=54 trust=0.0 phase=active streak=0 cd=-1 mrr=860 bugs=6
PROBE CUST day=195 id=co_lead_145_54 sat=54 tol=47 target=54 trust=0.0 phase=active streak=0 cd=-1 mrr=860 bugs=6
PROBE CUST day=195 id=co_lead_153_56 sat=54 tol=51 target=54 trust=0.0 phase=active streak=0 cd=-1 mrr=1700 bugs=6
PROBE CUST day=195 id=co_lead_159_60 sat=54 tol=45 target=54 trust=0.0 phase=active streak=0 cd=-1 mrr=425 bugs=6
PROBE CUST day=195 id=co_lead_164_61 sat=54 tol=45 target=54 trust=0.0 phase=onboarding streak=0 cd=-1 mrr=500 bugs=6
PROBE SAT day=195 satisfied=25/25 target=54
[HRSystem] Daily tick — 1 employees (0 izinde)
[SalesSystem] Daily tick — MRR $31055
[TimeManager] Daily tick — Day 196 (Δ 15 ms)
PROBE STATE day=196 cash=71842 mrr=31055 brand=50 burn=260 runway=INF cust=25 emp=1 promises=4 phase=2 aud=0 sat=-1 bugs=3 q=42.0 appetite=warming streak=4/3 profit_streak=3
PROBE CUST day=196 id=co_lead_31_4 sat=56 tol=47 target=56 trust=0.0 phase=active streak=0 cd=-1 mrr=785 bugs=3
PROBE CUST day=196 id=co_lead_31_5 sat=56 tol=47 target=56 trust=0.0 phase=active streak=0 cd=-1 mrr=860 bugs=3
PROBE CUST day=196 id=co_lead_37_7 sat=56 tol=42 target=56 trust=0.0 phase=active streak=0 cd=-1 mrr=860 bugs=3
PROBE CUST day=196 id=co_lead_51_13 sat=56 tol=51 target=56 trust=0.0 phase=active streak=0 cd=-1 mrr=2420 bugs=3
PROBE CUST day=196 id=co_lead_58_16 sat=56 tol=42 target=56 trust=0.0 phase=active streak=0 cd=-1 mrr=785 bugs=3
PROBE CUST day=196 id=co_lead_64_19 sat=56 tol=42 target=56 trust=0.0 phase=active streak=0 cd=-1 mrr=785 bugs=3
PROBE CUST day=196 id=co_lead_70_21 sat=56 tol=47 target=56 trust=0.0 phase=active streak=0 cd=-1 mrr=785 bugs=3
PROBE CUST day=196 id=co_lead_70_22 sat=56 tol=45 target=56 trust=0.0 phase=active streak=0 cd=-1 mrr=860 bugs=3
PROBE CUST day=196 id=co_lead_75_24 sat=56 tol=45 target=56 trust=0.0 phase=active streak=0 cd=-1 mrr=785 bugs=3
PROBE CUST day=196 id=co_lead_81_27 sat=56 tol=51 target=56 trust=0.0 phase=active streak=0 cd=-1 mrr=2720 bugs=3
PROBE CUST day=196 id=co_lead_86_28 sat=56 tol=47 target=56 trust=0.0 phase=active streak=0 cd=-1 mrr=860 bugs=3
PROBE CUST day=196 id=co_lead_91_30 sat=56 tol=47 target=56 trust=0.0 phase=active streak=0 cd=-1 mrr=860 bugs=3
PROBE CUST day=196 id=co_lead_97_33 sat=56 tol=42 target=56 trust=0.0 phase=active streak=0 cd=-1 mrr=860 bugs=3
PROBE CUST day=196 id=co_lead_107_38 sat=56 tol=51 target=56 trust=0.0 phase=active streak=0 cd=-1 mrr=2420 bugs=3
PROBE CUST day=196 id=co_lead_110_39 sat=56 tol=51 target=56 trust=0.0 phase=active streak=0 cd=-1 mrr=2420 bugs=3
PROBE CUST day=196 id=co_lead_113_40 sat=56 tol=42 target=56 trust=0.0 phase=active streak=0 cd=-1 mrr=860 bugs=3
PROBE CUST day=196 id=co_lead_113_41 sat=56 tol=51 target=56 trust=0.0 phase=active streak=0 cd=-1 mrr=2420 bugs=3
PROBE CUST day=196 id=co_lead_123_45 sat=56 tol=42 target=56 trust=0.0 phase=active streak=0 cd=-1 mrr=860 bugs=3
PROBE CUST day=196 id=co_lead_128_46 sat=56 tol=42 target=56 trust=0.0 phase=active streak=0 cd=-1 mrr=785 bugs=3
PROBE CUST day=196 id=co_lead_128_47 sat=56 tol=51 target=56 trust=0.0 phase=active streak=0 cd=-1 mrr=2720 bugs=3
PROBE CUST day=196 id=co_lead_134_49 sat=56 tol=45 target=56 trust=0.0 phase=active streak=0 cd=-1 mrr=860 bugs=3
PROBE CUST day=196 id=co_lead_145_54 sat=56 tol=47 target=56 trust=0.0 phase=active streak=0 cd=-1 mrr=860 bugs=3
PROBE CUST day=196 id=co_lead_153_56 sat=56 tol=51 target=56 trust=0.0 phase=active streak=0 cd=-1 mrr=1700 bugs=3
PROBE CUST day=196 id=co_lead_159_60 sat=56 tol=45 target=56 trust=0.0 phase=active streak=0 cd=-1 mrr=425 bugs=3
PROBE CUST day=196 id=co_lead_164_61 sat=56 tol=45 target=56 trust=0.0 phase=onboarding streak=0 cd=-1 mrr=500 bugs=3
PROBE SAT day=196 satisfied=25/25 target=56
[ProductSystem] Bug sprint complete. live_bug now 0
[HRSystem] Daily tick — 1 employees (0 izinde)
[SalesSystem] Daily tick — MRR $31055
[TimeManager] Daily tick — Day 197 (Δ 20 ms)
PROBE STATE day=197 cash=72617 mrr=31055 brand=50 burn=260 runway=INF cust=25 emp=1 promises=4 phase=2 aud=0 sat=-1 bugs=0 q=42.9 appetite=warming streak=4/3 profit_streak=3
PROBE CUST day=197 id=co_lead_31_4 sat=58 tol=47 target=58 trust=0.0 phase=active streak=0 cd=-1 mrr=785 bugs=0
PROBE CUST day=197 id=co_lead_31_5 sat=58 tol=47 target=58 trust=0.0 phase=active streak=0 cd=-1 mrr=860 bugs=0
PROBE CUST day=197 id=co_lead_37_7 sat=58 tol=42 target=58 trust=0.0 phase=active streak=0 cd=-1 mrr=860 bugs=0
PROBE CUST day=197 id=co_lead_51_13 sat=58 tol=51 target=58 trust=0.0 phase=active streak=0 cd=-1 mrr=2420 bugs=0
PROBE CUST day=197 id=co_lead_58_16 sat=58 tol=42 target=58 trust=0.0 phase=active streak=0 cd=-1 mrr=785 bugs=0
PROBE CUST day=197 id=co_lead_64_19 sat=58 tol=42 target=58 trust=0.0 phase=active streak=0 cd=-1 mrr=785 bugs=0
PROBE CUST day=197 id=co_lead_70_21 sat=58 tol=47 target=58 trust=0.0 phase=active streak=0 cd=-1 mrr=785 bugs=0
PROBE CUST day=197 id=co_lead_70_22 sat=58 tol=45 target=58 trust=0.0 phase=active streak=0 cd=-1 mrr=860 bugs=0
PROBE CUST day=197 id=co_lead_75_24 sat=58 tol=45 target=58 trust=0.0 phase=active streak=0 cd=-1 mrr=785 bugs=0
PROBE CUST day=197 id=co_lead_81_27 sat=58 tol=51 target=58 trust=0.0 phase=active streak=0 cd=-1 mrr=2720 bugs=0
PROBE CUST day=197 id=co_lead_86_28 sat=58 tol=47 target=58 trust=0.0 phase=active streak=0 cd=-1 mrr=860 bugs=0
PROBE CUST day=197 id=co_lead_91_30 sat=58 tol=47 target=58 trust=0.0 phase=active streak=0 cd=-1 mrr=860 bugs=0
PROBE CUST day=197 id=co_lead_97_33 sat=58 tol=42 target=58 trust=0.0 phase=active streak=0 cd=-1 mrr=860 bugs=0
PROBE CUST day=197 id=co_lead_107_38 sat=58 tol=51 target=58 trust=0.0 phase=active streak=0 cd=-1 mrr=2420 bugs=0
PROBE CUST day=197 id=co_lead_110_39 sat=58 tol=51 target=58 trust=0.0 phase=active streak=0 cd=-1 mrr=2420 bugs=0
PROBE CUST day=197 id=co_lead_113_40 sat=58 tol=42 target=58 trust=0.0 phase=active streak=0 cd=-1 mrr=860 bugs=0
PROBE CUST day=197 id=co_lead_113_41 sat=58 tol=51 target=58 trust=0.0 phase=active streak=0 cd=-1 mrr=2420 bugs=0
PROBE CUST day=197 id=co_lead_123_45 sat=58 tol=42 target=58 trust=0.0 phase=active streak=0 cd=-1 mrr=860 bugs=0
PROBE CUST day=197 id=co_lead_128_46 sat=58 tol=42 target=58 trust=0.0 phase=active streak=0 cd=-1 mrr=785 bugs=0
PROBE CUST day=197 id=co_lead_128_47 sat=58 tol=51 target=58 trust=0.0 phase=active streak=0 cd=-1 mrr=2720 bugs=0
PROBE CUST day=197 id=co_lead_134_49 sat=58 tol=45 target=58 trust=0.0 phase=active streak=0 cd=-1 mrr=860 bugs=0
PROBE CUST day=197 id=co_lead_145_54 sat=58 tol=47 target=58 trust=0.0 phase=active streak=0 cd=-1 mrr=860 bugs=0
PROBE CUST day=197 id=co_lead_153_56 sat=58 tol=51 target=58 trust=0.0 phase=active streak=0 cd=-1 mrr=1700 bugs=0
PROBE CUST day=197 id=co_lead_159_60 sat=58 tol=45 target=58 trust=0.0 phase=active streak=0 cd=-1 mrr=425 bugs=0
PROBE CUST day=197 id=co_lead_164_61 sat=58 tol=45 target=58 trust=0.0 phase=active streak=0 cd=-1 mrr=500 bugs=0
PROBE SAT day=197 satisfied=25/25 target=58
PROBE FIRE day=197 hour=15 id=ev_ps_referral_b2b src=pool
[EventManager] Eligible: ev_ps_referral_b2b
[EventManager] Modal requested: ev_ps_referral_b2b
PROBE PICK day=197 id=ev_ps_referral_b2b choice=0 label=Kabul et — özellik sözü ver
[EventManager] Resolved: ev_ps_referral_b2b choice 0
[HRSystem] Daily tick — 1 employees (0 izinde)
[SalesSystem] Daily tick — MRR $31055
[TimeManager] Daily tick — Day 198 (Δ 22 ms)
PROBE STATE day=198 cash=72992 mrr=31055 brand=50 burn=260 runway=INF cust=25 emp=1 promises=4 phase=2 aud=0 sat=-1 bugs=0 q=42.8 appetite=warming streak=4/3 profit_streak=3
PROBE CUST day=198 id=co_lead_31_4 sat=58 tol=47 target=58 trust=0.0 phase=active streak=0 cd=-1 mrr=785 bugs=0
PROBE CUST day=198 id=co_lead_31_5 sat=58 tol=47 target=58 trust=0.0 phase=active streak=0 cd=-1 mrr=860 bugs=0
PROBE CUST day=198 id=co_lead_37_7 sat=58 tol=42 target=58 trust=0.0 phase=active streak=0 cd=-1 mrr=860 bugs=0
PROBE CUST day=198 id=co_lead_51_13 sat=58 tol=51 target=58 trust=0.0 phase=active streak=0 cd=-1 mrr=2420 bugs=0
PROBE CUST day=198 id=co_lead_58_16 sat=58 tol=42 target=58 trust=0.0 phase=active streak=0 cd=-1 mrr=785 bugs=0
PROBE CUST day=198 id=co_lead_64_19 sat=58 tol=42 target=58 trust=0.0 phase=active streak=0 cd=-1 mrr=785 bugs=0
PROBE CUST day=198 id=co_lead_70_21 sat=58 tol=47 target=58 trust=0.0 phase=active streak=0 cd=-1 mrr=785 bugs=0
PROBE CUST day=198 id=co_lead_70_22 sat=58 tol=45 target=58 trust=0.0 phase=active streak=0 cd=-1 mrr=860 bugs=0
PROBE CUST day=198 id=co_lead_75_24 sat=58 tol=45 target=58 trust=0.0 phase=active streak=0 cd=-1 mrr=785 bugs=0
PROBE CUST day=198 id=co_lead_81_27 sat=58 tol=51 target=58 trust=0.0 phase=active streak=0 cd=-1 mrr=2720 bugs=0
PROBE CUST day=198 id=co_lead_86_28 sat=58 tol=47 target=58 trust=0.0 phase=active streak=0 cd=-1 mrr=860 bugs=0
PROBE CUST day=198 id=co_lead_91_30 sat=58 tol=47 target=58 trust=0.0 phase=active streak=0 cd=-1 mrr=860 bugs=0
PROBE CUST day=198 id=co_lead_97_33 sat=58 tol=42 target=58 trust=0.0 phase=active streak=0 cd=-1 mrr=860 bugs=0
PROBE CUST day=198 id=co_lead_107_38 sat=58 tol=51 target=58 trust=0.0 phase=active streak=0 cd=-1 mrr=2420 bugs=0
PROBE CUST day=198 id=co_lead_110_39 sat=58 tol=51 target=58 trust=0.0 phase=active streak=0 cd=-1 mrr=2420 bugs=0
PROBE CUST day=198 id=co_lead_113_40 sat=58 tol=42 target=58 trust=0.0 phase=active streak=0 cd=-1 mrr=860 bugs=0
PROBE CUST day=198 id=co_lead_113_41 sat=58 tol=51 target=58 trust=0.0 phase=active streak=0 cd=-1 mrr=2420 bugs=0
PROBE CUST day=198 id=co_lead_123_45 sat=58 tol=42 target=58 trust=0.0 phase=active streak=0 cd=-1 mrr=860 bugs=0
PROBE CUST day=198 id=co_lead_128_46 sat=58 tol=42 target=58 trust=0.0 phase=active streak=0 cd=-1 mrr=785 bugs=0
PROBE CUST day=198 id=co_lead_128_47 sat=58 tol=51 target=58 trust=0.0 phase=active streak=0 cd=-1 mrr=2720 bugs=0
PROBE CUST day=198 id=co_lead_134_49 sat=58 tol=45 target=58 trust=0.0 phase=active streak=0 cd=-1 mrr=860 bugs=0
PROBE CUST day=198 id=co_lead_145_54 sat=58 tol=47 target=58 trust=0.0 phase=active streak=0 cd=-1 mrr=860 bugs=0
PROBE CUST day=198 id=co_lead_153_56 sat=58 tol=51 target=58 trust=0.0 phase=active streak=0 cd=-1 mrr=1700 bugs=0
PROBE CUST day=198 id=co_lead_159_60 sat=58 tol=45 target=58 trust=0.0 phase=active streak=0 cd=-1 mrr=425 bugs=0
PROBE CUST day=198 id=co_lead_164_61 sat=58 tol=45 target=58 trust=0.0 phase=active streak=0 cd=-1 mrr=500 bugs=0
PROBE SAT day=198 satisfied=25/25 target=58
[HRSystem] Daily tick — 1 employees (0 izinde)
PROBE FIRE day=199 hour=0 id=ev_b2b_expand_co_lead_153_56 src=factory:b2b_sales_system:242 (expansion)
[EventManager] Modal requested: ev_b2b_expand_co_lead_153_56
[SalesSystem] Daily tick — MRR $31055
[TimeManager] Daily tick — Day 199 (Δ 18 ms)
PROBE PICK day=199 id=ev_b2b_expand_co_lead_153_56 choice=0 label=Büyüt
[EventManager] Resolved: ev_b2b_expand_co_lead_153_56 choice 0
PROBE PLAY day=199 find_prospects (+2)
PROBE STATE day=199 cash=73767 mrr=31775 brand=50 burn=260 runway=INF cust=25 emp=1 promises=4 phase=2 aud=0 sat=-1 bugs=1 q=42.5 appetite=warming streak=4/3 profit_streak=3
PROBE CUST day=199 id=co_lead_31_4 sat=57 tol=47 target=57 trust=0.0 phase=active streak=0 cd=-1 mrr=785 bugs=1
PROBE CUST day=199 id=co_lead_31_5 sat=57 tol=47 target=57 trust=0.0 phase=active streak=0 cd=-1 mrr=860 bugs=1
PROBE CUST day=199 id=co_lead_37_7 sat=57 tol=42 target=57 trust=0.0 phase=active streak=0 cd=-1 mrr=860 bugs=1
PROBE CUST day=199 id=co_lead_51_13 sat=57 tol=51 target=57 trust=0.0 phase=active streak=0 cd=-1 mrr=2420 bugs=1
PROBE CUST day=199 id=co_lead_58_16 sat=57 tol=42 target=57 trust=0.0 phase=active streak=0 cd=-1 mrr=785 bugs=1
PROBE CUST day=199 id=co_lead_64_19 sat=57 tol=42 target=57 trust=0.0 phase=active streak=0 cd=-1 mrr=785 bugs=1
PROBE CUST day=199 id=co_lead_70_21 sat=57 tol=47 target=57 trust=0.0 phase=active streak=0 cd=-1 mrr=785 bugs=1
PROBE CUST day=199 id=co_lead_70_22 sat=57 tol=45 target=57 trust=0.0 phase=active streak=0 cd=-1 mrr=860 bugs=1
PROBE CUST day=199 id=co_lead_75_24 sat=57 tol=45 target=57 trust=0.0 phase=active streak=0 cd=-1 mrr=785 bugs=1
PROBE CUST day=199 id=co_lead_81_27 sat=57 tol=51 target=57 trust=0.0 phase=active streak=0 cd=-1 mrr=2720 bugs=1
PROBE CUST day=199 id=co_lead_86_28 sat=57 tol=47 target=57 trust=0.0 phase=active streak=0 cd=-1 mrr=860 bugs=1
PROBE CUST day=199 id=co_lead_91_30 sat=57 tol=47 target=57 trust=0.0 phase=active streak=0 cd=-1 mrr=860 bugs=1
PROBE CUST day=199 id=co_lead_97_33 sat=57 tol=42 target=57 trust=0.0 phase=active streak=0 cd=-1 mrr=860 bugs=1
PROBE CUST day=199 id=co_lead_107_38 sat=57 tol=51 target=57 trust=0.0 phase=active streak=0 cd=-1 mrr=2420 bugs=1
PROBE CUST day=199 id=co_lead_110_39 sat=57 tol=51 target=57 trust=0.0 phase=active streak=0 cd=-1 mrr=2420 bugs=1
PROBE CUST day=199 id=co_lead_113_40 sat=57 tol=42 target=57 trust=0.0 phase=active streak=0 cd=-1 mrr=860 bugs=1
PROBE CUST day=199 id=co_lead_113_41 sat=57 tol=51 target=57 trust=0.0 phase=active streak=0 cd=-1 mrr=2420 bugs=1
PROBE CUST day=199 id=co_lead_123_45 sat=57 tol=42 target=57 trust=0.0 phase=active streak=0 cd=-1 mrr=860 bugs=1
PROBE CUST day=199 id=co_lead_128_46 sat=57 tol=42 target=57 trust=0.0 phase=active streak=0 cd=-1 mrr=785 bugs=1
PROBE CUST day=199 id=co_lead_128_47 sat=57 tol=51 target=57 trust=0.0 phase=active streak=0 cd=-1 mrr=2720 bugs=1
PROBE CUST day=199 id=co_lead_134_49 sat=57 tol=45 target=57 trust=0.0 phase=active streak=0 cd=-1 mrr=860 bugs=1
PROBE CUST day=199 id=co_lead_145_54 sat=57 tol=47 target=57 trust=0.0 phase=active streak=0 cd=-1 mrr=860 bugs=1
PROBE CUST day=199 id=co_lead_153_56 sat=57 tol=51 target=57 trust=0.0 phase=active streak=0 cd=-1 mrr=2420 bugs=1
PROBE CUST day=199 id=co_lead_159_60 sat=57 tol=45 target=57 trust=0.0 phase=active streak=0 cd=-1 mrr=425 bugs=1
PROBE CUST day=199 id=co_lead_164_61 sat=57 tol=45 target=57 trust=0.0 phase=active streak=0 cd=-1 mrr=500 bugs=1
PROBE SAT day=199 satisfied=25/25 target=57
[HRSystem] Daily tick — 1 employees (0 izinde)
[SalesSystem] Daily tick — MRR $31775
[TimeManager] Daily tick — Day 200 (Δ 18 ms)
PROBE STATE day=200 cash=74566 mrr=31775 brand=50 burn=260 runway=INF cust=25 emp=1 promises=4 phase=2 aud=0 sat=-1 bugs=2 q=42.2 appetite=warming streak=4/3 profit_streak=3
PROBE CUST day=200 id=co_lead_31_4 sat=56 tol=47 target=56 trust=0.0 phase=active streak=0 cd=-1 mrr=785 bugs=2
PROBE CUST day=200 id=co_lead_31_5 sat=56 tol=47 target=56 trust=0.0 phase=active streak=0 cd=-1 mrr=860 bugs=2
PROBE CUST day=200 id=co_lead_37_7 sat=56 tol=42 target=56 trust=0.0 phase=active streak=0 cd=-1 mrr=860 bugs=2
PROBE CUST day=200 id=co_lead_51_13 sat=56 tol=51 target=56 trust=0.0 phase=active streak=0 cd=-1 mrr=2420 bugs=2
PROBE CUST day=200 id=co_lead_58_16 sat=56 tol=42 target=56 trust=0.0 phase=active streak=0 cd=-1 mrr=785 bugs=2
PROBE CUST day=200 id=co_lead_64_19 sat=56 tol=42 target=56 trust=0.0 phase=active streak=0 cd=-1 mrr=785 bugs=2
PROBE CUST day=200 id=co_lead_70_21 sat=56 tol=47 target=56 trust=0.0 phase=active streak=0 cd=-1 mrr=785 bugs=2
PROBE CUST day=200 id=co_lead_70_22 sat=56 tol=45 target=56 trust=0.0 phase=active streak=0 cd=-1 mrr=860 bugs=2
PROBE CUST day=200 id=co_lead_75_24 sat=56 tol=45 target=56 trust=0.0 phase=active streak=0 cd=-1 mrr=785 bugs=2
PROBE CUST day=200 id=co_lead_81_27 sat=56 tol=51 target=56 trust=0.0 phase=active streak=0 cd=-1 mrr=2720 bugs=2
PROBE CUST day=200 id=co_lead_86_28 sat=56 tol=47 target=56 trust=0.0 phase=active streak=0 cd=-1 mrr=860 bugs=2
PROBE CUST day=200 id=co_lead_91_30 sat=56 tol=47 target=56 trust=0.0 phase=active streak=0 cd=-1 mrr=860 bugs=2
PROBE CUST day=200 id=co_lead_97_33 sat=56 tol=42 target=56 trust=0.0 phase=active streak=0 cd=-1 mrr=860 bugs=2
PROBE CUST day=200 id=co_lead_107_38 sat=56 tol=51 target=56 trust=0.0 phase=active streak=0 cd=-1 mrr=2420 bugs=2
PROBE CUST day=200 id=co_lead_110_39 sat=56 tol=51 target=56 trust=0.0 phase=active streak=0 cd=-1 mrr=2420 bugs=2
PROBE CUST day=200 id=co_lead_113_40 sat=56 tol=42 target=56 trust=0.0 phase=active streak=0 cd=-1 mrr=860 bugs=2
PROBE CUST day=200 id=co_lead_113_41 sat=56 tol=51 target=56 trust=0.0 phase=active streak=0 cd=-1 mrr=2420 bugs=2
PROBE CUST day=200 id=co_lead_123_45 sat=56 tol=42 target=56 trust=0.0 phase=active streak=0 cd=-1 mrr=860 bugs=2
PROBE CUST day=200 id=co_lead_128_46 sat=56 tol=42 target=56 trust=0.0 phase=active streak=0 cd=-1 mrr=785 bugs=2
PROBE CUST day=200 id=co_lead_128_47 sat=56 tol=51 target=56 trust=0.0 phase=active streak=0 cd=-1 mrr=2720 bugs=2
PROBE CUST day=200 id=co_lead_134_49 sat=56 tol=45 target=56 trust=0.0 phase=active streak=0 cd=-1 mrr=860 bugs=2
PROBE CUST day=200 id=co_lead_145_54 sat=56 tol=47 target=56 trust=0.0 phase=active streak=0 cd=-1 mrr=860 bugs=2
PROBE CUST day=200 id=co_lead_153_56 sat=56 tol=51 target=56 trust=0.0 phase=active streak=0 cd=-1 mrr=2420 bugs=2
PROBE CUST day=200 id=co_lead_159_60 sat=56 tol=45 target=56 trust=0.0 phase=active streak=0 cd=-1 mrr=425 bugs=2
PROBE CUST day=200 id=co_lead_164_61 sat=56 tol=45 target=56 trust=0.0 phase=active streak=0 cd=-1 mrr=500 bugs=2
PROBE SAT day=200 satisfied=25/25 target=56
[HRSystem] Daily tick — 1 employees (0 izinde)
[SalesSystem] Daily tick — MRR $31775
[TimeManager] Daily tick — Day 201 (Δ 16 ms)
PROBE STATE day=201 cash=75365 mrr=31775 brand=50 burn=260 runway=INF cust=25 emp=1 promises=4 phase=2 aud=0 sat=-1 bugs=2 q=42.2 appetite=warming streak=4/3 profit_streak=3
PROBE CUST day=201 id=co_lead_31_4 sat=56 tol=47 target=56 trust=0.0 phase=active streak=0 cd=-1 mrr=785 bugs=2
PROBE CUST day=201 id=co_lead_31_5 sat=56 tol=47 target=56 trust=0.0 phase=active streak=0 cd=-1 mrr=860 bugs=2
PROBE CUST day=201 id=co_lead_37_7 sat=56 tol=42 target=56 trust=0.0 phase=active streak=0 cd=-1 mrr=860 bugs=2
PROBE CUST day=201 id=co_lead_51_13 sat=56 tol=51 target=56 trust=0.0 phase=active streak=0 cd=-1 mrr=2420 bugs=2
PROBE CUST day=201 id=co_lead_58_16 sat=56 tol=42 target=56 trust=0.0 phase=active streak=0 cd=-1 mrr=785 bugs=2
PROBE CUST day=201 id=co_lead_64_19 sat=56 tol=42 target=56 trust=0.0 phase=active streak=0 cd=-1 mrr=785 bugs=2
PROBE CUST day=201 id=co_lead_70_21 sat=56 tol=47 target=56 trust=0.0 phase=active streak=0 cd=-1 mrr=785 bugs=2
PROBE CUST day=201 id=co_lead_70_22 sat=56 tol=45 target=56 trust=0.0 phase=active streak=0 cd=-1 mrr=860 bugs=2
PROBE CUST day=201 id=co_lead_75_24 sat=56 tol=45 target=56 trust=0.0 phase=active streak=0 cd=-1 mrr=785 bugs=2
PROBE CUST day=201 id=co_lead_81_27 sat=56 tol=51 target=56 trust=0.0 phase=active streak=0 cd=-1 mrr=2720 bugs=2
PROBE CUST day=201 id=co_lead_86_28 sat=56 tol=47 target=56 trust=0.0 phase=active streak=0 cd=-1 mrr=860 bugs=2
PROBE CUST day=201 id=co_lead_91_30 sat=56 tol=47 target=56 trust=0.0 phase=active streak=0 cd=-1 mrr=860 bugs=2
PROBE CUST day=201 id=co_lead_97_33 sat=56 tol=42 target=56 trust=0.0 phase=active streak=0 cd=-1 mrr=860 bugs=2
PROBE CUST day=201 id=co_lead_107_38 sat=56 tol=51 target=56 trust=0.0 phase=active streak=0 cd=-1 mrr=2420 bugs=2
PROBE CUST day=201 id=co_lead_110_39 sat=56 tol=51 target=56 trust=0.0 phase=active streak=0 cd=-1 mrr=2420 bugs=2
PROBE CUST day=201 id=co_lead_113_40 sat=56 tol=42 target=56 trust=0.0 phase=active streak=0 cd=-1 mrr=860 bugs=2
PROBE CUST day=201 id=co_lead_113_41 sat=56 tol=51 target=56 trust=0.0 phase=active streak=0 cd=-1 mrr=2420 bugs=2
PROBE CUST day=201 id=co_lead_123_45 sat=56 tol=42 target=56 trust=0.0 phase=active streak=0 cd=-1 mrr=860 bugs=2
PROBE CUST day=201 id=co_lead_128_46 sat=56 tol=42 target=56 trust=0.0 phase=active streak=0 cd=-1 mrr=785 bugs=2
PROBE CUST day=201 id=co_lead_128_47 sat=56 tol=51 target=56 trust=0.0 phase=active streak=0 cd=-1 mrr=2720 bugs=2
PROBE CUST day=201 id=co_lead_134_49 sat=56 tol=45 target=56 trust=0.0 phase=active streak=0 cd=-1 mrr=860 bugs=2
PROBE CUST day=201 id=co_lead_145_54 sat=56 tol=47 target=56 trust=0.0 phase=active streak=0 cd=-1 mrr=860 bugs=2
PROBE CUST day=201 id=co_lead_153_56 sat=56 tol=51 target=56 trust=0.0 phase=active streak=0 cd=-1 mrr=2420 bugs=2
PROBE CUST day=201 id=co_lead_159_60 sat=56 tol=45 target=56 trust=0.0 phase=active streak=0 cd=-1 mrr=425 bugs=2
PROBE CUST day=201 id=co_lead_164_61 sat=56 tol=45 target=56 trust=0.0 phase=active streak=0 cd=-1 mrr=500 bugs=2
PROBE SAT day=201 satisfied=25/25 target=56
[HRSystem] Daily tick — 1 employees (0 izinde)
[SalesSystem] Daily tick — MRR $31775
[TimeManager] Daily tick — Day 202 (Δ 17 ms)
PROBE STATE day=202 cash=76164 mrr=31775 brand=50 burn=260 runway=INF cust=25 emp=1 promises=4 phase=2 aud=0 sat=-1 bugs=3 q=41.9 appetite=warming streak=4/3 profit_streak=3
PROBE CUST day=202 id=co_lead_31_4 sat=56 tol=47 target=56 trust=0.0 phase=active streak=0 cd=-1 mrr=785 bugs=3
PROBE CUST day=202 id=co_lead_31_5 sat=56 tol=47 target=56 trust=0.0 phase=active streak=0 cd=-1 mrr=860 bugs=3
PROBE CUST day=202 id=co_lead_37_7 sat=56 tol=42 target=56 trust=0.0 phase=active streak=0 cd=-1 mrr=860 bugs=3
PROBE CUST day=202 id=co_lead_51_13 sat=56 tol=51 target=56 trust=0.0 phase=active streak=0 cd=-1 mrr=2420 bugs=3
PROBE CUST day=202 id=co_lead_58_16 sat=56 tol=42 target=56 trust=0.0 phase=active streak=0 cd=-1 mrr=785 bugs=3
PROBE CUST day=202 id=co_lead_64_19 sat=56 tol=42 target=56 trust=0.0 phase=active streak=0 cd=-1 mrr=785 bugs=3
PROBE CUST day=202 id=co_lead_70_21 sat=56 tol=47 target=56 trust=0.0 phase=active streak=0 cd=-1 mrr=785 bugs=3
PROBE CUST day=202 id=co_lead_70_22 sat=56 tol=45 target=56 trust=0.0 phase=active streak=0 cd=-1 mrr=860 bugs=3
PROBE CUST day=202 id=co_lead_75_24 sat=56 tol=45 target=56 trust=0.0 phase=active streak=0 cd=-1 mrr=785 bugs=3
PROBE CUST day=202 id=co_lead_81_27 sat=56 tol=51 target=56 trust=0.0 phase=active streak=0 cd=-1 mrr=2720 bugs=3
PROBE CUST day=202 id=co_lead_86_28 sat=56 tol=47 target=56 trust=0.0 phase=active streak=0 cd=-1 mrr=860 bugs=3
PROBE CUST day=202 id=co_lead_91_30 sat=56 tol=47 target=56 trust=0.0 phase=active streak=0 cd=-1 mrr=860 bugs=3
PROBE CUST day=202 id=co_lead_97_33 sat=56 tol=42 target=56 trust=0.0 phase=active streak=0 cd=-1 mrr=860 bugs=3
PROBE CUST day=202 id=co_lead_107_38 sat=56 tol=51 target=56 trust=0.0 phase=active streak=0 cd=-1 mrr=2420 bugs=3
PROBE CUST day=202 id=co_lead_110_39 sat=56 tol=51 target=56 trust=0.0 phase=active streak=0 cd=-1 mrr=2420 bugs=3
PROBE CUST day=202 id=co_lead_113_40 sat=56 tol=42 target=56 trust=0.0 phase=active streak=0 cd=-1 mrr=860 bugs=3
PROBE CUST day=202 id=co_lead_113_41 sat=56 tol=51 target=56 trust=0.0 phase=active streak=0 cd=-1 mrr=2420 bugs=3
PROBE CUST day=202 id=co_lead_123_45 sat=56 tol=42 target=56 trust=0.0 phase=active streak=0 cd=-1 mrr=860 bugs=3
PROBE CUST day=202 id=co_lead_128_46 sat=56 tol=42 target=56 trust=0.0 phase=active streak=0 cd=-1 mrr=785 bugs=3
PROBE CUST day=202 id=co_lead_128_47 sat=56 tol=51 target=56 trust=0.0 phase=active streak=0 cd=-1 mrr=2720 bugs=3
PROBE CUST day=202 id=co_lead_134_49 sat=56 tol=45 target=56 trust=0.0 phase=active streak=0 cd=-1 mrr=860 bugs=3
PROBE CUST day=202 id=co_lead_145_54 sat=56 tol=47 target=56 trust=0.0 phase=active streak=0 cd=-1 mrr=860 bugs=3
PROBE CUST day=202 id=co_lead_153_56 sat=56 tol=51 target=56 trust=0.0 phase=active streak=0 cd=-1 mrr=2420 bugs=3
PROBE CUST day=202 id=co_lead_159_60 sat=56 tol=45 target=56 trust=0.0 phase=active streak=0 cd=-1 mrr=425 bugs=3
PROBE CUST day=202 id=co_lead_164_61 sat=56 tol=45 target=56 trust=0.0 phase=active streak=0 cd=-1 mrr=500 bugs=3
PROBE SAT day=202 satisfied=25/25 target=56
[HRSystem] Daily tick — 1 employees (0 izinde)
[SalesSystem] Daily tick — MRR $31775
[TimeManager] Daily tick — Day 203 (Δ 15 ms)
PROBE STATE day=203 cash=76963 mrr=31775 brand=50 burn=260 runway=INF cust=25 emp=1 promises=4 phase=2 aud=0 sat=-1 bugs=4 q=41.6 appetite=warming streak=4/3 profit_streak=3
PROBE CUST day=203 id=co_lead_31_4 sat=55 tol=47 target=55 trust=0.0 phase=active streak=0 cd=-1 mrr=785 bugs=4
PROBE CUST day=203 id=co_lead_31_5 sat=55 tol=47 target=55 trust=0.0 phase=active streak=0 cd=-1 mrr=860 bugs=4
PROBE CUST day=203 id=co_lead_37_7 sat=55 tol=42 target=55 trust=0.0 phase=active streak=0 cd=-1 mrr=860 bugs=4
PROBE CUST day=203 id=co_lead_51_13 sat=55 tol=51 target=55 trust=0.0 phase=active streak=0 cd=-1 mrr=2420 bugs=4
PROBE CUST day=203 id=co_lead_58_16 sat=55 tol=42 target=55 trust=0.0 phase=active streak=0 cd=-1 mrr=785 bugs=4
PROBE CUST day=203 id=co_lead_64_19 sat=55 tol=42 target=55 trust=0.0 phase=active streak=0 cd=-1 mrr=785 bugs=4
PROBE CUST day=203 id=co_lead_70_21 sat=55 tol=47 target=55 trust=0.0 phase=active streak=0 cd=-1 mrr=785 bugs=4
PROBE CUST day=203 id=co_lead_70_22 sat=55 tol=45 target=55 trust=0.0 phase=active streak=0 cd=-1 mrr=860 bugs=4
PROBE CUST day=203 id=co_lead_75_24 sat=55 tol=45 target=55 trust=0.0 phase=active streak=0 cd=-1 mrr=785 bugs=4
PROBE CUST day=203 id=co_lead_81_27 sat=55 tol=51 target=55 trust=0.0 phase=active streak=0 cd=-1 mrr=2720 bugs=4
PROBE CUST day=203 id=co_lead_86_28 sat=55 tol=47 target=55 trust=0.0 phase=active streak=0 cd=-1 mrr=860 bugs=4
PROBE CUST day=203 id=co_lead_91_30 sat=55 tol=47 target=55 trust=0.0 phase=active streak=0 cd=-1 mrr=860 bugs=4
PROBE CUST day=203 id=co_lead_97_33 sat=55 tol=42 target=55 trust=0.0 phase=active streak=0 cd=-1 mrr=860 bugs=4
PROBE CUST day=203 id=co_lead_107_38 sat=55 tol=51 target=55 trust=0.0 phase=active streak=0 cd=-1 mrr=2420 bugs=4
PROBE CUST day=203 id=co_lead_110_39 sat=55 tol=51 target=55 trust=0.0 phase=active streak=0 cd=-1 mrr=2420 bugs=4
PROBE CUST day=203 id=co_lead_113_40 sat=55 tol=42 target=55 trust=0.0 phase=active streak=0 cd=-1 mrr=860 bugs=4
PROBE CUST day=203 id=co_lead_113_41 sat=55 tol=51 target=55 trust=0.0 phase=active streak=0 cd=-1 mrr=2420 bugs=4
PROBE CUST day=203 id=co_lead_123_45 sat=55 tol=42 target=55 trust=0.0 phase=active streak=0 cd=-1 mrr=860 bugs=4
PROBE CUST day=203 id=co_lead_128_46 sat=55 tol=42 target=55 trust=0.0 phase=active streak=0 cd=-1 mrr=785 bugs=4
PROBE CUST day=203 id=co_lead_128_47 sat=55 tol=51 target=55 trust=0.0 phase=active streak=0 cd=-1 mrr=2720 bugs=4
PROBE CUST day=203 id=co_lead_134_49 sat=55 tol=45 target=55 trust=0.0 phase=active streak=0 cd=-1 mrr=860 bugs=4
PROBE CUST day=203 id=co_lead_145_54 sat=55 tol=47 target=55 trust=0.0 phase=active streak=0 cd=-1 mrr=860 bugs=4
PROBE CUST day=203 id=co_lead_153_56 sat=55 tol=51 target=55 trust=0.0 phase=active streak=0 cd=-1 mrr=2420 bugs=4
PROBE CUST day=203 id=co_lead_159_60 sat=55 tol=45 target=55 trust=0.0 phase=active streak=0 cd=-1 mrr=425 bugs=4
PROBE CUST day=203 id=co_lead_164_61 sat=55 tol=45 target=55 trust=0.0 phase=active streak=0 cd=-1 mrr=500 bugs=4
PROBE SAT day=203 satisfied=25/25 target=55
[HRSystem] Daily tick — 1 employees (0 izinde)
[SalesSystem] Daily tick — MRR $31775
[TimeManager] Daily tick — Day 204 (Δ 15 ms)
PROBE PLAY day=204 find_prospects (+2)
PROBE STATE day=204 cash=77762 mrr=31775 brand=50 burn=260 runway=INF cust=25 emp=1 promises=4 phase=2 aud=0 sat=-1 bugs=4 q=41.5 appetite=warming streak=4/3 profit_streak=3
PROBE CUST day=204 id=co_lead_31_4 sat=55 tol=47 target=55 trust=0.0 phase=active streak=0 cd=-1 mrr=785 bugs=4
PROBE CUST day=204 id=co_lead_31_5 sat=55 tol=47 target=55 trust=0.0 phase=active streak=0 cd=-1 mrr=860 bugs=4
PROBE CUST day=204 id=co_lead_37_7 sat=55 tol=42 target=55 trust=0.0 phase=active streak=0 cd=-1 mrr=860 bugs=4
PROBE CUST day=204 id=co_lead_51_13 sat=55 tol=51 target=55 trust=0.0 phase=active streak=0 cd=-1 mrr=2420 bugs=4
PROBE CUST day=204 id=co_lead_58_16 sat=55 tol=42 target=55 trust=0.0 phase=active streak=0 cd=-1 mrr=785 bugs=4
PROBE CUST day=204 id=co_lead_64_19 sat=55 tol=42 target=55 trust=0.0 phase=active streak=0 cd=-1 mrr=785 bugs=4
PROBE CUST day=204 id=co_lead_70_21 sat=55 tol=47 target=55 trust=0.0 phase=active streak=0 cd=-1 mrr=785 bugs=4
PROBE CUST day=204 id=co_lead_70_22 sat=55 tol=45 target=55 trust=0.0 phase=active streak=0 cd=-1 mrr=860 bugs=4
PROBE CUST day=204 id=co_lead_75_24 sat=55 tol=45 target=55 trust=0.0 phase=active streak=0 cd=-1 mrr=785 bugs=4
PROBE CUST day=204 id=co_lead_81_27 sat=55 tol=51 target=55 trust=0.0 phase=active streak=0 cd=-1 mrr=2720 bugs=4
PROBE CUST day=204 id=co_lead_86_28 sat=55 tol=47 target=55 trust=0.0 phase=active streak=0 cd=-1 mrr=860 bugs=4
PROBE CUST day=204 id=co_lead_91_30 sat=55 tol=47 target=55 trust=0.0 phase=active streak=0 cd=-1 mrr=860 bugs=4
PROBE CUST day=204 id=co_lead_97_33 sat=55 tol=42 target=55 trust=0.0 phase=active streak=0 cd=-1 mrr=860 bugs=4
PROBE CUST day=204 id=co_lead_107_38 sat=55 tol=51 target=55 trust=0.0 phase=active streak=0 cd=-1 mrr=2420 bugs=4
PROBE CUST day=204 id=co_lead_110_39 sat=55 tol=51 target=55 trust=0.0 phase=active streak=0 cd=-1 mrr=2420 bugs=4
PROBE CUST day=204 id=co_lead_113_40 sat=55 tol=42 target=55 trust=0.0 phase=active streak=0 cd=-1 mrr=860 bugs=4
PROBE CUST day=204 id=co_lead_113_41 sat=55 tol=51 target=55 trust=0.0 phase=active streak=0 cd=-1 mrr=2420 bugs=4
PROBE CUST day=204 id=co_lead_123_45 sat=55 tol=42 target=55 trust=0.0 phase=active streak=0 cd=-1 mrr=860 bugs=4
PROBE CUST day=204 id=co_lead_128_46 sat=55 tol=42 target=55 trust=0.0 phase=active streak=0 cd=-1 mrr=785 bugs=4
PROBE CUST day=204 id=co_lead_128_47 sat=55 tol=51 target=55 trust=0.0 phase=active streak=0 cd=-1 mrr=2720 bugs=4
PROBE CUST day=204 id=co_lead_134_49 sat=55 tol=45 target=55 trust=0.0 phase=active streak=0 cd=-1 mrr=860 bugs=4
PROBE CUST day=204 id=co_lead_145_54 sat=55 tol=47 target=55 trust=0.0 phase=active streak=0 cd=-1 mrr=860 bugs=4
PROBE CUST day=204 id=co_lead_153_56 sat=55 tol=51 target=55 trust=0.0 phase=active streak=0 cd=-1 mrr=2420 bugs=4
PROBE CUST day=204 id=co_lead_159_60 sat=55 tol=45 target=55 trust=0.0 phase=active streak=0 cd=-1 mrr=425 bugs=4
PROBE CUST day=204 id=co_lead_164_61 sat=55 tol=45 target=55 trust=0.0 phase=active streak=0 cd=-1 mrr=500 bugs=4
PROBE SAT day=204 satisfied=25/25 target=55
[HRSystem] Daily tick — 1 employees (0 izinde)
[SalesSystem] Daily tick — MRR $31775
[TimeManager] Daily tick — Day 205 (Δ 17 ms)
PROBE STATE day=205 cash=78561 mrr=31775 brand=50 burn=260 runway=INF cust=25 emp=1 promises=4 phase=2 aud=0 sat=-1 bugs=5 q=41.2 appetite=warming streak=4/3 profit_streak=3
PROBE CUST day=205 id=co_lead_31_4 sat=55 tol=47 target=55 trust=0.0 phase=active streak=0 cd=-1 mrr=785 bugs=5
PROBE CUST day=205 id=co_lead_31_5 sat=55 tol=47 target=55 trust=0.0 phase=active streak=0 cd=-1 mrr=860 bugs=5
PROBE CUST day=205 id=co_lead_37_7 sat=55 tol=42 target=55 trust=0.0 phase=active streak=0 cd=-1 mrr=860 bugs=5
PROBE CUST day=205 id=co_lead_51_13 sat=55 tol=51 target=55 trust=0.0 phase=active streak=0 cd=-1 mrr=2420 bugs=5
PROBE CUST day=205 id=co_lead_58_16 sat=55 tol=42 target=55 trust=0.0 phase=active streak=0 cd=-1 mrr=785 bugs=5
PROBE CUST day=205 id=co_lead_64_19 sat=55 tol=42 target=55 trust=0.0 phase=active streak=0 cd=-1 mrr=785 bugs=5
PROBE CUST day=205 id=co_lead_70_21 sat=55 tol=47 target=55 trust=0.0 phase=active streak=0 cd=-1 mrr=785 bugs=5
PROBE CUST day=205 id=co_lead_70_22 sat=55 tol=45 target=55 trust=0.0 phase=active streak=0 cd=-1 mrr=860 bugs=5
PROBE CUST day=205 id=co_lead_75_24 sat=55 tol=45 target=55 trust=0.0 phase=active streak=0 cd=-1 mrr=785 bugs=5
PROBE CUST day=205 id=co_lead_81_27 sat=55 tol=51 target=55 trust=0.0 phase=active streak=0 cd=-1 mrr=2720 bugs=5
PROBE CUST day=205 id=co_lead_86_28 sat=55 tol=47 target=55 trust=0.0 phase=active streak=0 cd=-1 mrr=860 bugs=5
PROBE CUST day=205 id=co_lead_91_30 sat=55 tol=47 target=55 trust=0.0 phase=active streak=0 cd=-1 mrr=860 bugs=5
PROBE CUST day=205 id=co_lead_97_33 sat=55 tol=42 target=55 trust=0.0 phase=active streak=0 cd=-1 mrr=860 bugs=5
PROBE CUST day=205 id=co_lead_107_38 sat=55 tol=51 target=55 trust=0.0 phase=active streak=0 cd=-1 mrr=2420 bugs=5
PROBE CUST day=205 id=co_lead_110_39 sat=55 tol=51 target=55 trust=0.0 phase=active streak=0 cd=-1 mrr=2420 bugs=5
PROBE CUST day=205 id=co_lead_113_40 sat=55 tol=42 target=55 trust=0.0 phase=active streak=0 cd=-1 mrr=860 bugs=5
PROBE CUST day=205 id=co_lead_113_41 sat=55 tol=51 target=55 trust=0.0 phase=active streak=0 cd=-1 mrr=2420 bugs=5
PROBE CUST day=205 id=co_lead_123_45 sat=55 tol=42 target=55 trust=0.0 phase=active streak=0 cd=-1 mrr=860 bugs=5
PROBE CUST day=205 id=co_lead_128_46 sat=55 tol=42 target=55 trust=0.0 phase=active streak=0 cd=-1 mrr=785 bugs=5
PROBE CUST day=205 id=co_lead_128_47 sat=55 tol=51 target=55 trust=0.0 phase=active streak=0 cd=-1 mrr=2720 bugs=5
PROBE CUST day=205 id=co_lead_134_49 sat=55 tol=45 target=55 trust=0.0 phase=active streak=0 cd=-1 mrr=860 bugs=5
PROBE CUST day=205 id=co_lead_145_54 sat=55 tol=47 target=55 trust=0.0 phase=active streak=0 cd=-1 mrr=860 bugs=5
PROBE CUST day=205 id=co_lead_153_56 sat=55 tol=51 target=55 trust=0.0 phase=active streak=0 cd=-1 mrr=2420 bugs=5
PROBE CUST day=205 id=co_lead_159_60 sat=55 tol=45 target=55 trust=0.0 phase=active streak=0 cd=-1 mrr=425 bugs=5
PROBE CUST day=205 id=co_lead_164_61 sat=55 tol=45 target=55 trust=0.0 phase=active streak=0 cd=-1 mrr=500 bugs=5
PROBE SAT day=205 satisfied=25/25 target=55
[HRSystem] Daily tick — 1 employees (0 izinde)
[SalesSystem] Daily tick — MRR $31775
[TimeManager] Daily tick — Day 206 (Δ 15 ms)
[ProductSystem] Bug sprint started: 6 bugs, 2 days
PROBE PLAY day=206 bug_sprint bugs=6
PROBE STATE day=206 cash=79360 mrr=31775 brand=50 burn=260 runway=INF cust=25 emp=1 promises=4 phase=2 aud=0 sat=-1 bugs=6 q=40.9 appetite=warming streak=4/3 profit_streak=3
PROBE CUST day=206 id=co_lead_31_4 sat=54 tol=47 target=54 trust=0.0 phase=active streak=0 cd=-1 mrr=785 bugs=6
PROBE CUST day=206 id=co_lead_31_5 sat=54 tol=47 target=54 trust=0.0 phase=active streak=0 cd=-1 mrr=860 bugs=6
PROBE CUST day=206 id=co_lead_37_7 sat=54 tol=42 target=54 trust=0.0 phase=active streak=0 cd=-1 mrr=860 bugs=6
PROBE CUST day=206 id=co_lead_51_13 sat=54 tol=51 target=54 trust=0.0 phase=active streak=0 cd=-1 mrr=2420 bugs=6
PROBE CUST day=206 id=co_lead_58_16 sat=54 tol=42 target=54 trust=0.0 phase=active streak=0 cd=-1 mrr=785 bugs=6
PROBE CUST day=206 id=co_lead_64_19 sat=54 tol=42 target=54 trust=0.0 phase=active streak=0 cd=-1 mrr=785 bugs=6
PROBE CUST day=206 id=co_lead_70_21 sat=54 tol=47 target=54 trust=0.0 phase=active streak=0 cd=-1 mrr=785 bugs=6
PROBE CUST day=206 id=co_lead_70_22 sat=54 tol=45 target=54 trust=0.0 phase=active streak=0 cd=-1 mrr=860 bugs=6
PROBE CUST day=206 id=co_lead_75_24 sat=54 tol=45 target=54 trust=0.0 phase=active streak=0 cd=-1 mrr=785 bugs=6
PROBE CUST day=206 id=co_lead_81_27 sat=54 tol=51 target=54 trust=0.0 phase=active streak=0 cd=-1 mrr=2720 bugs=6
PROBE CUST day=206 id=co_lead_86_28 sat=54 tol=47 target=54 trust=0.0 phase=active streak=0 cd=-1 mrr=860 bugs=6
PROBE CUST day=206 id=co_lead_91_30 sat=54 tol=47 target=54 trust=0.0 phase=active streak=0 cd=-1 mrr=860 bugs=6
PROBE CUST day=206 id=co_lead_97_33 sat=54 tol=42 target=54 trust=0.0 phase=active streak=0 cd=-1 mrr=860 bugs=6
PROBE CUST day=206 id=co_lead_107_38 sat=54 tol=51 target=54 trust=0.0 phase=active streak=0 cd=-1 mrr=2420 bugs=6
PROBE CUST day=206 id=co_lead_110_39 sat=54 tol=51 target=54 trust=0.0 phase=active streak=0 cd=-1 mrr=2420 bugs=6
PROBE CUST day=206 id=co_lead_113_40 sat=54 tol=42 target=54 trust=0.0 phase=active streak=0 cd=-1 mrr=860 bugs=6
PROBE CUST day=206 id=co_lead_113_41 sat=54 tol=51 target=54 trust=0.0 phase=active streak=0 cd=-1 mrr=2420 bugs=6
PROBE CUST day=206 id=co_lead_123_45 sat=54 tol=42 target=54 trust=0.0 phase=active streak=0 cd=-1 mrr=860 bugs=6
PROBE CUST day=206 id=co_lead_128_46 sat=54 tol=42 target=54 trust=0.0 phase=active streak=0 cd=-1 mrr=785 bugs=6
PROBE CUST day=206 id=co_lead_128_47 sat=54 tol=51 target=54 trust=0.0 phase=active streak=0 cd=-1 mrr=2720 bugs=6
PROBE CUST day=206 id=co_lead_134_49 sat=54 tol=45 target=54 trust=0.0 phase=active streak=0 cd=-1 mrr=860 bugs=6
PROBE CUST day=206 id=co_lead_145_54 sat=54 tol=47 target=54 trust=0.0 phase=active streak=0 cd=-1 mrr=860 bugs=6
PROBE CUST day=206 id=co_lead_153_56 sat=54 tol=51 target=54 trust=0.0 phase=active streak=0 cd=-1 mrr=2420 bugs=6
PROBE CUST day=206 id=co_lead_159_60 sat=54 tol=45 target=54 trust=0.0 phase=active streak=0 cd=-1 mrr=425 bugs=6
PROBE CUST day=206 id=co_lead_164_61 sat=54 tol=45 target=54 trust=0.0 phase=active streak=0 cd=-1 mrr=500 bugs=6
PROBE SAT day=206 satisfied=25/25 target=54
[HRSystem] Daily tick — 1 employees (0 izinde)
PROBE FIRE day=207 hour=0 id=ev_b2b_expand_co_lead_159_60 src=factory:b2b_sales_system:242 (expansion)
[EventManager] Modal requested: ev_b2b_expand_co_lead_159_60
[SalesSystem] Daily tick — MRR $31775
[TimeManager] Daily tick — Day 207 (Δ 16 ms)
PROBE PICK day=207 id=ev_b2b_expand_co_lead_159_60 choice=0 label=Büyüt
[EventManager] Resolved: ev_b2b_expand_co_lead_159_60 choice 0
PROBE STATE day=207 cash=80159 mrr=32135 brand=50 burn=260 runway=INF cust=25 emp=1 promises=4 phase=2 aud=0 sat=-1 bugs=3 q=41.7 appetite=warming streak=4/3 profit_streak=3
PROBE CUST day=207 id=co_lead_31_4 sat=56 tol=47 target=56 trust=0.0 phase=active streak=0 cd=-1 mrr=785 bugs=3
PROBE CUST day=207 id=co_lead_31_5 sat=56 tol=47 target=56 trust=0.0 phase=active streak=0 cd=-1 mrr=860 bugs=3
PROBE CUST day=207 id=co_lead_37_7 sat=56 tol=42 target=56 trust=0.0 phase=active streak=0 cd=-1 mrr=860 bugs=3
PROBE CUST day=207 id=co_lead_51_13 sat=56 tol=51 target=56 trust=0.0 phase=active streak=0 cd=-1 mrr=2420 bugs=3
PROBE CUST day=207 id=co_lead_58_16 sat=56 tol=42 target=56 trust=0.0 phase=active streak=0 cd=-1 mrr=785 bugs=3
PROBE CUST day=207 id=co_lead_64_19 sat=56 tol=42 target=56 trust=0.0 phase=active streak=0 cd=-1 mrr=785 bugs=3
PROBE CUST day=207 id=co_lead_70_21 sat=56 tol=47 target=56 trust=0.0 phase=active streak=0 cd=-1 mrr=785 bugs=3
PROBE CUST day=207 id=co_lead_70_22 sat=56 tol=45 target=56 trust=0.0 phase=active streak=0 cd=-1 mrr=860 bugs=3
PROBE CUST day=207 id=co_lead_75_24 sat=56 tol=45 target=56 trust=0.0 phase=active streak=0 cd=-1 mrr=785 bugs=3
PROBE CUST day=207 id=co_lead_81_27 sat=56 tol=51 target=56 trust=0.0 phase=active streak=0 cd=-1 mrr=2720 bugs=3
PROBE CUST day=207 id=co_lead_86_28 sat=56 tol=47 target=56 trust=0.0 phase=active streak=0 cd=-1 mrr=860 bugs=3
PROBE CUST day=207 id=co_lead_91_30 sat=56 tol=47 target=56 trust=0.0 phase=active streak=0 cd=-1 mrr=860 bugs=3
PROBE CUST day=207 id=co_lead_97_33 sat=56 tol=42 target=56 trust=0.0 phase=active streak=0 cd=-1 mrr=860 bugs=3
PROBE CUST day=207 id=co_lead_107_38 sat=56 tol=51 target=56 trust=0.0 phase=active streak=0 cd=-1 mrr=2420 bugs=3
PROBE CUST day=207 id=co_lead_110_39 sat=56 tol=51 target=56 trust=0.0 phase=active streak=0 cd=-1 mrr=2420 bugs=3
PROBE CUST day=207 id=co_lead_113_40 sat=56 tol=42 target=56 trust=0.0 phase=active streak=0 cd=-1 mrr=860 bugs=3
PROBE CUST day=207 id=co_lead_113_41 sat=56 tol=51 target=56 trust=0.0 phase=active streak=0 cd=-1 mrr=2420 bugs=3
PROBE CUST day=207 id=co_lead_123_45 sat=56 tol=42 target=56 trust=0.0 phase=active streak=0 cd=-1 mrr=860 bugs=3
PROBE CUST day=207 id=co_lead_128_46 sat=56 tol=42 target=56 trust=0.0 phase=active streak=0 cd=-1 mrr=785 bugs=3
PROBE CUST day=207 id=co_lead_128_47 sat=56 tol=51 target=56 trust=0.0 phase=active streak=0 cd=-1 mrr=2720 bugs=3
PROBE CUST day=207 id=co_lead_134_49 sat=56 tol=45 target=56 trust=0.0 phase=active streak=0 cd=-1 mrr=860 bugs=3
PROBE CUST day=207 id=co_lead_145_54 sat=56 tol=47 target=56 trust=0.0 phase=active streak=0 cd=-1 mrr=860 bugs=3
PROBE CUST day=207 id=co_lead_153_56 sat=56 tol=51 target=56 trust=0.0 phase=active streak=0 cd=-1 mrr=2420 bugs=3
PROBE CUST day=207 id=co_lead_159_60 sat=56 tol=45 target=56 trust=0.0 phase=active streak=0 cd=-1 mrr=785 bugs=3
PROBE CUST day=207 id=co_lead_164_61 sat=56 tol=45 target=56 trust=0.0 phase=active streak=0 cd=-1 mrr=500 bugs=3
PROBE SAT day=207 satisfied=25/25 target=56
[ProductSystem] Bug sprint complete. live_bug now 0
[HRSystem] Daily tick — 1 employees (0 izinde)
[SalesSystem] Daily tick — MRR $32135
[TimeManager] Daily tick — Day 208 (Δ 16 ms)
PROBE STATE day=208 cash=80970 mrr=32135 brand=50 burn=260 runway=INF cust=25 emp=1 promises=4 phase=2 aud=0 sat=-1 bugs=0 q=42.6 appetite=warming streak=4/3 profit_streak=3
PROBE CUST day=208 id=co_lead_31_4 sat=58 tol=47 target=58 trust=0.0 phase=active streak=0 cd=-1 mrr=785 bugs=0
PROBE CUST day=208 id=co_lead_31_5 sat=58 tol=47 target=58 trust=0.0 phase=active streak=0 cd=-1 mrr=860 bugs=0
PROBE CUST day=208 id=co_lead_37_7 sat=58 tol=42 target=58 trust=0.0 phase=active streak=0 cd=-1 mrr=860 bugs=0
PROBE CUST day=208 id=co_lead_51_13 sat=58 tol=51 target=58 trust=0.0 phase=active streak=0 cd=-1 mrr=2420 bugs=0
PROBE CUST day=208 id=co_lead_58_16 sat=58 tol=42 target=58 trust=0.0 phase=active streak=0 cd=-1 mrr=785 bugs=0
PROBE CUST day=208 id=co_lead_64_19 sat=58 tol=42 target=58 trust=0.0 phase=active streak=0 cd=-1 mrr=785 bugs=0
PROBE CUST day=208 id=co_lead_70_21 sat=58 tol=47 target=58 trust=0.0 phase=active streak=0 cd=-1 mrr=785 bugs=0
PROBE CUST day=208 id=co_lead_70_22 sat=58 tol=45 target=58 trust=0.0 phase=active streak=0 cd=-1 mrr=860 bugs=0
PROBE CUST day=208 id=co_lead_75_24 sat=58 tol=45 target=58 trust=0.0 phase=active streak=0 cd=-1 mrr=785 bugs=0
PROBE CUST day=208 id=co_lead_81_27 sat=58 tol=51 target=58 trust=0.0 phase=active streak=0 cd=-1 mrr=2720 bugs=0
PROBE CUST day=208 id=co_lead_86_28 sat=58 tol=47 target=58 trust=0.0 phase=active streak=0 cd=-1 mrr=860 bugs=0
PROBE CUST day=208 id=co_lead_91_30 sat=58 tol=47 target=58 trust=0.0 phase=active streak=0 cd=-1 mrr=860 bugs=0
PROBE CUST day=208 id=co_lead_97_33 sat=58 tol=42 target=58 trust=0.0 phase=active streak=0 cd=-1 mrr=860 bugs=0
PROBE CUST day=208 id=co_lead_107_38 sat=58 tol=51 target=58 trust=0.0 phase=active streak=0 cd=-1 mrr=2420 bugs=0
PROBE CUST day=208 id=co_lead_110_39 sat=58 tol=51 target=58 trust=0.0 phase=active streak=0 cd=-1 mrr=2420 bugs=0
PROBE CUST day=208 id=co_lead_113_40 sat=58 tol=42 target=58 trust=0.0 phase=active streak=0 cd=-1 mrr=860 bugs=0
PROBE CUST day=208 id=co_lead_113_41 sat=58 tol=51 target=58 trust=0.0 phase=active streak=0 cd=-1 mrr=2420 bugs=0
PROBE CUST day=208 id=co_lead_123_45 sat=58 tol=42 target=58 trust=0.0 phase=active streak=0 cd=-1 mrr=860 bugs=0
PROBE CUST day=208 id=co_lead_128_46 sat=58 tol=42 target=58 trust=0.0 phase=active streak=0 cd=-1 mrr=785 bugs=0
PROBE CUST day=208 id=co_lead_128_47 sat=58 tol=51 target=58 trust=0.0 phase=active streak=0 cd=-1 mrr=2720 bugs=0
PROBE CUST day=208 id=co_lead_134_49 sat=58 tol=45 target=58 trust=0.0 phase=active streak=0 cd=-1 mrr=860 bugs=0
PROBE CUST day=208 id=co_lead_145_54 sat=58 tol=47 target=58 trust=0.0 phase=active streak=0 cd=-1 mrr=860 bugs=0
PROBE CUST day=208 id=co_lead_153_56 sat=58 tol=51 target=58 trust=0.0 phase=active streak=0 cd=-1 mrr=2420 bugs=0
PROBE CUST day=208 id=co_lead_159_60 sat=58 tol=45 target=58 trust=0.0 phase=active streak=0 cd=-1 mrr=785 bugs=0
PROBE CUST day=208 id=co_lead_164_61 sat=58 tol=45 target=58 trust=0.0 phase=active streak=0 cd=-1 mrr=500 bugs=0
PROBE SAT day=208 satisfied=25/25 target=58
[HRSystem] Daily tick — 1 employees (0 izinde)
[SalesSystem] Daily tick — MRR $32135
[TimeManager] Daily tick — Day 209 (Δ 14 ms)
PROBE PLAY day=209 find_prospects (+2)
PROBE STATE day=209 cash=81781 mrr=32135 brand=50 burn=260 runway=INF cust=25 emp=1 promises=4 phase=2 aud=0 sat=-1 bugs=0 q=42.5 appetite=warming streak=4/3 profit_streak=3
PROBE CUST day=209 id=co_lead_31_4 sat=58 tol=47 target=58 trust=0.0 phase=active streak=0 cd=-1 mrr=785 bugs=0
PROBE CUST day=209 id=co_lead_31_5 sat=58 tol=47 target=58 trust=0.0 phase=active streak=0 cd=-1 mrr=860 bugs=0
PROBE CUST day=209 id=co_lead_37_7 sat=58 tol=42 target=58 trust=0.0 phase=active streak=0 cd=-1 mrr=860 bugs=0
PROBE CUST day=209 id=co_lead_51_13 sat=58 tol=51 target=58 trust=0.0 phase=active streak=0 cd=-1 mrr=2420 bugs=0
PROBE CUST day=209 id=co_lead_58_16 sat=58 tol=42 target=58 trust=0.0 phase=active streak=0 cd=-1 mrr=785 bugs=0
PROBE CUST day=209 id=co_lead_64_19 sat=58 tol=42 target=58 trust=0.0 phase=active streak=0 cd=-1 mrr=785 bugs=0
PROBE CUST day=209 id=co_lead_70_21 sat=58 tol=47 target=58 trust=0.0 phase=active streak=0 cd=-1 mrr=785 bugs=0
PROBE CUST day=209 id=co_lead_70_22 sat=58 tol=45 target=58 trust=0.0 phase=active streak=0 cd=-1 mrr=860 bugs=0
PROBE CUST day=209 id=co_lead_75_24 sat=58 tol=45 target=58 trust=0.0 phase=active streak=0 cd=-1 mrr=785 bugs=0
PROBE CUST day=209 id=co_lead_81_27 sat=58 tol=51 target=58 trust=0.0 phase=active streak=0 cd=-1 mrr=2720 bugs=0
PROBE CUST day=209 id=co_lead_86_28 sat=58 tol=47 target=58 trust=0.0 phase=active streak=0 cd=-1 mrr=860 bugs=0
PROBE CUST day=209 id=co_lead_91_30 sat=58 tol=47 target=58 trust=0.0 phase=active streak=0 cd=-1 mrr=860 bugs=0
PROBE CUST day=209 id=co_lead_97_33 sat=58 tol=42 target=58 trust=0.0 phase=active streak=0 cd=-1 mrr=860 bugs=0
PROBE CUST day=209 id=co_lead_107_38 sat=58 tol=51 target=58 trust=0.0 phase=active streak=0 cd=-1 mrr=2420 bugs=0
PROBE CUST day=209 id=co_lead_110_39 sat=58 tol=51 target=58 trust=0.0 phase=active streak=0 cd=-1 mrr=2420 bugs=0
PROBE CUST day=209 id=co_lead_113_40 sat=58 tol=42 target=58 trust=0.0 phase=active streak=0 cd=-1 mrr=860 bugs=0
PROBE CUST day=209 id=co_lead_113_41 sat=58 tol=51 target=58 trust=0.0 phase=active streak=0 cd=-1 mrr=2420 bugs=0
PROBE CUST day=209 id=co_lead_123_45 sat=58 tol=42 target=58 trust=0.0 phase=active streak=0 cd=-1 mrr=860 bugs=0
PROBE CUST day=209 id=co_lead_128_46 sat=58 tol=42 target=58 trust=0.0 phase=active streak=0 cd=-1 mrr=785 bugs=0
PROBE CUST day=209 id=co_lead_128_47 sat=58 tol=51 target=58 trust=0.0 phase=active streak=0 cd=-1 mrr=2720 bugs=0
PROBE CUST day=209 id=co_lead_134_49 sat=58 tol=45 target=58 trust=0.0 phase=active streak=0 cd=-1 mrr=860 bugs=0
PROBE CUST day=209 id=co_lead_145_54 sat=58 tol=47 target=58 trust=0.0 phase=active streak=0 cd=-1 mrr=860 bugs=0
PROBE CUST day=209 id=co_lead_153_56 sat=58 tol=51 target=58 trust=0.0 phase=active streak=0 cd=-1 mrr=2420 bugs=0
PROBE CUST day=209 id=co_lead_159_60 sat=58 tol=45 target=58 trust=0.0 phase=active streak=0 cd=-1 mrr=785 bugs=0
PROBE CUST day=209 id=co_lead_164_61 sat=58 tol=45 target=58 trust=0.0 phase=active streak=0 cd=-1 mrr=500 bugs=0
PROBE SAT day=209 satisfied=25/25 target=58
[HRSystem] Daily tick — 1 employees (0 izinde)
[SalesSystem] Daily tick — MRR $32135
[TimeManager] Daily tick — Day 210 (Δ 16 ms)
PROBE STATE day=210 cash=82592 mrr=32135 brand=50 burn=260 runway=INF cust=25 emp=1 promises=4 phase=2 aud=0 sat=-1 bugs=1 q=42.2 appetite=warming streak=4/3 profit_streak=3
PROBE CUST day=210 id=co_lead_31_4 sat=57 tol=47 target=57 trust=0.0 phase=active streak=0 cd=-1 mrr=785 bugs=1
PROBE CUST day=210 id=co_lead_31_5 sat=57 tol=47 target=57 trust=0.0 phase=active streak=0 cd=-1 mrr=860 bugs=1
PROBE CUST day=210 id=co_lead_37_7 sat=57 tol=42 target=57 trust=0.0 phase=active streak=0 cd=-1 mrr=860 bugs=1
PROBE CUST day=210 id=co_lead_51_13 sat=57 tol=51 target=57 trust=0.0 phase=active streak=0 cd=-1 mrr=2420 bugs=1
PROBE CUST day=210 id=co_lead_58_16 sat=57 tol=42 target=57 trust=0.0 phase=active streak=0 cd=-1 mrr=785 bugs=1
PROBE CUST day=210 id=co_lead_64_19 sat=57 tol=42 target=57 trust=0.0 phase=active streak=0 cd=-1 mrr=785 bugs=1
PROBE CUST day=210 id=co_lead_70_21 sat=57 tol=47 target=57 trust=0.0 phase=active streak=0 cd=-1 mrr=785 bugs=1
PROBE CUST day=210 id=co_lead_70_22 sat=57 tol=45 target=57 trust=0.0 phase=active streak=0 cd=-1 mrr=860 bugs=1
PROBE CUST day=210 id=co_lead_75_24 sat=57 tol=45 target=57 trust=0.0 phase=active streak=0 cd=-1 mrr=785 bugs=1
PROBE CUST day=210 id=co_lead_81_27 sat=57 tol=51 target=57 trust=0.0 phase=active streak=0 cd=-1 mrr=2720 bugs=1
PROBE CUST day=210 id=co_lead_86_28 sat=57 tol=47 target=57 trust=0.0 phase=active streak=0 cd=-1 mrr=860 bugs=1
PROBE CUST day=210 id=co_lead_91_30 sat=57 tol=47 target=57 trust=0.0 phase=active streak=0 cd=-1 mrr=860 bugs=1
PROBE CUST day=210 id=co_lead_97_33 sat=57 tol=42 target=57 trust=0.0 phase=active streak=0 cd=-1 mrr=860 bugs=1
PROBE CUST day=210 id=co_lead_107_38 sat=57 tol=51 target=57 trust=0.0 phase=active streak=0 cd=-1 mrr=2420 bugs=1
PROBE CUST day=210 id=co_lead_110_39 sat=57 tol=51 target=57 trust=0.0 phase=active streak=0 cd=-1 mrr=2420 bugs=1
PROBE CUST day=210 id=co_lead_113_40 sat=57 tol=42 target=57 trust=0.0 phase=active streak=0 cd=-1 mrr=860 bugs=1
PROBE CUST day=210 id=co_lead_113_41 sat=57 tol=51 target=57 trust=0.0 phase=active streak=0 cd=-1 mrr=2420 bugs=1
PROBE CUST day=210 id=co_lead_123_45 sat=57 tol=42 target=57 trust=0.0 phase=active streak=0 cd=-1 mrr=860 bugs=1
PROBE CUST day=210 id=co_lead_128_46 sat=57 tol=42 target=57 trust=0.0 phase=active streak=0 cd=-1 mrr=785 bugs=1
PROBE CUST day=210 id=co_lead_128_47 sat=57 tol=51 target=57 trust=0.0 phase=active streak=0 cd=-1 mrr=2720 bugs=1
PROBE CUST day=210 id=co_lead_134_49 sat=57 tol=45 target=57 trust=0.0 phase=active streak=0 cd=-1 mrr=860 bugs=1
PROBE CUST day=210 id=co_lead_145_54 sat=57 tol=47 target=57 trust=0.0 phase=active streak=0 cd=-1 mrr=860 bugs=1
PROBE CUST day=210 id=co_lead_153_56 sat=57 tol=51 target=57 trust=0.0 phase=active streak=0 cd=-1 mrr=2420 bugs=1
PROBE CUST day=210 id=co_lead_159_60 sat=57 tol=45 target=57 trust=0.0 phase=active streak=0 cd=-1 mrr=785 bugs=1
PROBE CUST day=210 id=co_lead_164_61 sat=57 tol=45 target=57 trust=0.0 phase=active streak=0 cd=-1 mrr=500 bugs=1
PROBE SAT day=210 satisfied=25/25 target=57
[HRSystem] Daily tick — 1 employees (0 izinde)
[SalesSystem] Daily tick — MRR $32135
[TimeManager] Daily tick — Day 211 (Δ 16 ms)
PROBE STATE day=211 cash=83403 mrr=32135 brand=50 burn=260 runway=INF cust=25 emp=1 promises=4 phase=2 aud=0 sat=-1 bugs=2 q=41.9 appetite=warming streak=4/3 profit_streak=3
PROBE CUST day=211 id=co_lead_31_4 sat=56 tol=47 target=56 trust=0.0 phase=active streak=0 cd=-1 mrr=785 bugs=2
PROBE CUST day=211 id=co_lead_31_5 sat=56 tol=47 target=56 trust=0.0 phase=active streak=0 cd=-1 mrr=860 bugs=2
PROBE CUST day=211 id=co_lead_37_7 sat=56 tol=42 target=56 trust=0.0 phase=active streak=0 cd=-1 mrr=860 bugs=2
PROBE CUST day=211 id=co_lead_51_13 sat=56 tol=51 target=56 trust=0.0 phase=active streak=0 cd=-1 mrr=2420 bugs=2
PROBE CUST day=211 id=co_lead_58_16 sat=56 tol=42 target=56 trust=0.0 phase=active streak=0 cd=-1 mrr=785 bugs=2
PROBE CUST day=211 id=co_lead_64_19 sat=56 tol=42 target=56 trust=0.0 phase=active streak=0 cd=-1 mrr=785 bugs=2
PROBE CUST day=211 id=co_lead_70_21 sat=56 tol=47 target=56 trust=0.0 phase=active streak=0 cd=-1 mrr=785 bugs=2
PROBE CUST day=211 id=co_lead_70_22 sat=56 tol=45 target=56 trust=0.0 phase=active streak=0 cd=-1 mrr=860 bugs=2
PROBE CUST day=211 id=co_lead_75_24 sat=56 tol=45 target=56 trust=0.0 phase=active streak=0 cd=-1 mrr=785 bugs=2
PROBE CUST day=211 id=co_lead_81_27 sat=56 tol=51 target=56 trust=0.0 phase=active streak=0 cd=-1 mrr=2720 bugs=2
PROBE CUST day=211 id=co_lead_86_28 sat=56 tol=47 target=56 trust=0.0 phase=active streak=0 cd=-1 mrr=860 bugs=2
PROBE CUST day=211 id=co_lead_91_30 sat=56 tol=47 target=56 trust=0.0 phase=active streak=0 cd=-1 mrr=860 bugs=2
PROBE CUST day=211 id=co_lead_97_33 sat=56 tol=42 target=56 trust=0.0 phase=active streak=0 cd=-1 mrr=860 bugs=2
PROBE CUST day=211 id=co_lead_107_38 sat=56 tol=51 target=56 trust=0.0 phase=active streak=0 cd=-1 mrr=2420 bugs=2
PROBE CUST day=211 id=co_lead_110_39 sat=56 tol=51 target=56 trust=0.0 phase=active streak=0 cd=-1 mrr=2420 bugs=2
PROBE CUST day=211 id=co_lead_113_40 sat=56 tol=42 target=56 trust=0.0 phase=active streak=0 cd=-1 mrr=860 bugs=2
PROBE CUST day=211 id=co_lead_113_41 sat=56 tol=51 target=56 trust=0.0 phase=active streak=0 cd=-1 mrr=2420 bugs=2
PROBE CUST day=211 id=co_lead_123_45 sat=56 tol=42 target=56 trust=0.0 phase=active streak=0 cd=-1 mrr=860 bugs=2
PROBE CUST day=211 id=co_lead_128_46 sat=56 tol=42 target=56 trust=0.0 phase=active streak=0 cd=-1 mrr=785 bugs=2
PROBE CUST day=211 id=co_lead_128_47 sat=56 tol=51 target=56 trust=0.0 phase=active streak=0 cd=-1 mrr=2720 bugs=2
PROBE CUST day=211 id=co_lead_134_49 sat=56 tol=45 target=56 trust=0.0 phase=active streak=0 cd=-1 mrr=860 bugs=2
PROBE CUST day=211 id=co_lead_145_54 sat=56 tol=47 target=56 trust=0.0 phase=active streak=0 cd=-1 mrr=860 bugs=2
PROBE CUST day=211 id=co_lead_153_56 sat=56 tol=51 target=56 trust=0.0 phase=active streak=0 cd=-1 mrr=2420 bugs=2
PROBE CUST day=211 id=co_lead_159_60 sat=56 tol=45 target=56 trust=0.0 phase=active streak=0 cd=-1 mrr=785 bugs=2
PROBE CUST day=211 id=co_lead_164_61 sat=56 tol=45 target=56 trust=0.0 phase=active streak=0 cd=-1 mrr=500 bugs=2
PROBE SAT day=211 satisfied=25/25 target=56
PROBE FIRE day=211 hour=16 id=ev_ps_referral_b2b src=pool
[EventManager] Eligible: ev_ps_referral_b2b
[EventManager] Modal requested: ev_ps_referral_b2b
PROBE PICK day=211 id=ev_ps_referral_b2b choice=0 label=Kabul et — özellik sözü ver
[EventManager] Resolved: ev_ps_referral_b2b choice 0
[HRSystem] Daily tick — 1 employees (0 izinde)
PROBE FIRE day=212 hour=0 id=ev_b2b_expand_co_lead_164_61 src=factory:b2b_sales_system:242 (expansion)
[EventManager] Modal requested: ev_b2b_expand_co_lead_164_61
[SalesSystem] Daily tick — MRR $32135
[TimeManager] Daily tick — Day 212 (Δ 17 ms)
PROBE PICK day=212 id=ev_b2b_expand_co_lead_164_61 choice=0 label=Büyüt
[EventManager] Resolved: ev_b2b_expand_co_lead_164_61 choice 0
PROBE STATE day=212 cash=83814 mrr=32495 brand=50 burn=260 runway=INF cust=25 emp=1 promises=4 phase=2 aud=0 sat=-1 bugs=2 q=41.9 appetite=warming streak=4/3 profit_streak=3
PROBE CUST day=212 id=co_lead_31_4 sat=56 tol=47 target=56 trust=0.0 phase=active streak=0 cd=-1 mrr=785 bugs=2
PROBE CUST day=212 id=co_lead_31_5 sat=56 tol=47 target=56 trust=0.0 phase=active streak=0 cd=-1 mrr=860 bugs=2
PROBE CUST day=212 id=co_lead_37_7 sat=56 tol=42 target=56 trust=0.0 phase=active streak=0 cd=-1 mrr=860 bugs=2
PROBE CUST day=212 id=co_lead_51_13 sat=56 tol=51 target=56 trust=0.0 phase=active streak=0 cd=-1 mrr=2420 bugs=2
PROBE CUST day=212 id=co_lead_58_16 sat=56 tol=42 target=56 trust=0.0 phase=active streak=0 cd=-1 mrr=785 bugs=2
PROBE CUST day=212 id=co_lead_64_19 sat=56 tol=42 target=56 trust=0.0 phase=active streak=0 cd=-1 mrr=785 bugs=2
PROBE CUST day=212 id=co_lead_70_21 sat=56 tol=47 target=56 trust=0.0 phase=active streak=0 cd=-1 mrr=785 bugs=2
PROBE CUST day=212 id=co_lead_70_22 sat=56 tol=45 target=56 trust=0.0 phase=active streak=0 cd=-1 mrr=860 bugs=2
PROBE CUST day=212 id=co_lead_75_24 sat=56 tol=45 target=56 trust=0.0 phase=active streak=0 cd=-1 mrr=785 bugs=2
PROBE CUST day=212 id=co_lead_81_27 sat=56 tol=51 target=56 trust=0.0 phase=active streak=0 cd=-1 mrr=2720 bugs=2
PROBE CUST day=212 id=co_lead_86_28 sat=56 tol=47 target=56 trust=0.0 phase=active streak=0 cd=-1 mrr=860 bugs=2
PROBE CUST day=212 id=co_lead_91_30 sat=56 tol=47 target=56 trust=0.0 phase=active streak=0 cd=-1 mrr=860 bugs=2
PROBE CUST day=212 id=co_lead_97_33 sat=56 tol=42 target=56 trust=0.0 phase=active streak=0 cd=-1 mrr=860 bugs=2
PROBE CUST day=212 id=co_lead_107_38 sat=56 tol=51 target=56 trust=0.0 phase=active streak=0 cd=-1 mrr=2420 bugs=2
PROBE CUST day=212 id=co_lead_110_39 sat=56 tol=51 target=56 trust=0.0 phase=active streak=0 cd=-1 mrr=2420 bugs=2
PROBE CUST day=212 id=co_lead_113_40 sat=56 tol=42 target=56 trust=0.0 phase=active streak=0 cd=-1 mrr=860 bugs=2
PROBE CUST day=212 id=co_lead_113_41 sat=56 tol=51 target=56 trust=0.0 phase=active streak=0 cd=-1 mrr=2420 bugs=2
PROBE CUST day=212 id=co_lead_123_45 sat=56 tol=42 target=56 trust=0.0 phase=active streak=0 cd=-1 mrr=860 bugs=2
PROBE CUST day=212 id=co_lead_128_46 sat=56 tol=42 target=56 trust=0.0 phase=active streak=0 cd=-1 mrr=785 bugs=2
PROBE CUST day=212 id=co_lead_128_47 sat=56 tol=51 target=56 trust=0.0 phase=active streak=0 cd=-1 mrr=2720 bugs=2
PROBE CUST day=212 id=co_lead_134_49 sat=56 tol=45 target=56 trust=0.0 phase=active streak=0 cd=-1 mrr=860 bugs=2
PROBE CUST day=212 id=co_lead_145_54 sat=56 tol=47 target=56 trust=0.0 phase=active streak=0 cd=-1 mrr=860 bugs=2
PROBE CUST day=212 id=co_lead_153_56 sat=56 tol=51 target=56 trust=0.0 phase=active streak=0 cd=-1 mrr=2420 bugs=2
PROBE CUST day=212 id=co_lead_159_60 sat=56 tol=45 target=56 trust=0.0 phase=active streak=0 cd=-1 mrr=785 bugs=2
PROBE CUST day=212 id=co_lead_164_61 sat=56 tol=45 target=56 trust=0.0 phase=active streak=0 cd=-1 mrr=860 bugs=2
PROBE SAT day=212 satisfied=25/25 target=56
[HRSystem] Daily tick — 1 employees (0 izinde)
[SalesSystem] Daily tick — MRR $32495
PROBE MONTH day=213 n=7 mrr_close=32495 income=32349 expense=8060 net=24289 red=0 growth_pct=5.9 streak=0 profit_streak=4
[TimeManager] Daily tick — Day 213 (Δ 16 ms)
PROBE STATE day=213 cash=84637 mrr=32495 brand=50 burn=260 runway=INF cust=25 emp=1 promises=4 phase=2 aud=0 sat=-1 bugs=3 q=41.6 appetite=closed streak=0/3 profit_streak=4
PROBE SIGNAL day=213 appetite=warming->closed mrr=32495 streak=0
PROBE CUST day=213 id=co_lead_31_4 sat=56 tol=47 target=56 trust=0.0 phase=active streak=0 cd=-1 mrr=785 bugs=3
PROBE CUST day=213 id=co_lead_31_5 sat=56 tol=47 target=56 trust=0.0 phase=active streak=0 cd=-1 mrr=860 bugs=3
PROBE CUST day=213 id=co_lead_37_7 sat=56 tol=42 target=56 trust=0.0 phase=active streak=0 cd=-1 mrr=860 bugs=3
PROBE CUST day=213 id=co_lead_51_13 sat=56 tol=51 target=56 trust=0.0 phase=active streak=0 cd=-1 mrr=2420 bugs=3
PROBE CUST day=213 id=co_lead_58_16 sat=56 tol=42 target=56 trust=0.0 phase=active streak=0 cd=-1 mrr=785 bugs=3
PROBE CUST day=213 id=co_lead_64_19 sat=56 tol=42 target=56 trust=0.0 phase=active streak=0 cd=-1 mrr=785 bugs=3
PROBE CUST day=213 id=co_lead_70_21 sat=56 tol=47 target=56 trust=0.0 phase=active streak=0 cd=-1 mrr=785 bugs=3
PROBE CUST day=213 id=co_lead_70_22 sat=56 tol=45 target=56 trust=0.0 phase=active streak=0 cd=-1 mrr=860 bugs=3
PROBE CUST day=213 id=co_lead_75_24 sat=56 tol=45 target=56 trust=0.0 phase=active streak=0 cd=-1 mrr=785 bugs=3
PROBE CUST day=213 id=co_lead_81_27 sat=56 tol=51 target=56 trust=0.0 phase=active streak=0 cd=-1 mrr=2720 bugs=3
PROBE CUST day=213 id=co_lead_86_28 sat=56 tol=47 target=56 trust=0.0 phase=active streak=0 cd=-1 mrr=860 bugs=3
PROBE CUST day=213 id=co_lead_91_30 sat=56 tol=47 target=56 trust=0.0 phase=active streak=0 cd=-1 mrr=860 bugs=3
PROBE CUST day=213 id=co_lead_97_33 sat=56 tol=42 target=56 trust=0.0 phase=active streak=0 cd=-1 mrr=860 bugs=3
PROBE CUST day=213 id=co_lead_107_38 sat=56 tol=51 target=56 trust=0.0 phase=active streak=0 cd=-1 mrr=2420 bugs=3
PROBE CUST day=213 id=co_lead_110_39 sat=56 tol=51 target=56 trust=0.0 phase=active streak=0 cd=-1 mrr=2420 bugs=3
PROBE CUST day=213 id=co_lead_113_40 sat=56 tol=42 target=56 trust=0.0 phase=active streak=0 cd=-1 mrr=860 bugs=3
PROBE CUST day=213 id=co_lead_113_41 sat=56 tol=51 target=56 trust=0.0 phase=active streak=0 cd=-1 mrr=2420 bugs=3
PROBE CUST day=213 id=co_lead_123_45 sat=56 tol=42 target=56 trust=0.0 phase=active streak=0 cd=-1 mrr=860 bugs=3
PROBE CUST day=213 id=co_lead_128_46 sat=56 tol=42 target=56 trust=0.0 phase=active streak=0 cd=-1 mrr=785 bugs=3
PROBE CUST day=213 id=co_lead_128_47 sat=56 tol=51 target=56 trust=0.0 phase=active streak=0 cd=-1 mrr=2720 bugs=3
PROBE CUST day=213 id=co_lead_134_49 sat=56 tol=45 target=56 trust=0.0 phase=active streak=0 cd=-1 mrr=860 bugs=3
PROBE CUST day=213 id=co_lead_145_54 sat=56 tol=47 target=56 trust=0.0 phase=active streak=0 cd=-1 mrr=860 bugs=3
PROBE CUST day=213 id=co_lead_153_56 sat=56 tol=51 target=56 trust=0.0 phase=active streak=0 cd=-1 mrr=2420 bugs=3
PROBE CUST day=213 id=co_lead_159_60 sat=56 tol=45 target=56 trust=0.0 phase=active streak=0 cd=-1 mrr=785 bugs=3
PROBE CUST day=213 id=co_lead_164_61 sat=56 tol=45 target=56 trust=0.0 phase=active streak=0 cd=-1 mrr=860 bugs=3
PROBE SAT day=213 satisfied=25/25 target=56
[HRSystem] Daily tick — 1 employees (0 izinde)
[SalesSystem] Daily tick — MRR $32495
[TimeManager] Daily tick — Day 214 (Δ 17 ms)
PROBE PLAY day=214 find_prospects (+2)
PROBE STATE day=214 cash=85460 mrr=32495 brand=50 burn=260 runway=INF cust=25 emp=1 promises=4 phase=2 aud=0 sat=-1 bugs=4 q=41.3 appetite=closed streak=0/3 profit_streak=4
PROBE CUST day=214 id=co_lead_31_4 sat=55 tol=47 target=55 trust=0.0 phase=active streak=0 cd=-1 mrr=785 bugs=4
PROBE CUST day=214 id=co_lead_31_5 sat=55 tol=47 target=55 trust=0.0 phase=active streak=0 cd=-1 mrr=860 bugs=4
PROBE CUST day=214 id=co_lead_37_7 sat=55 tol=42 target=55 trust=0.0 phase=active streak=0 cd=-1 mrr=860 bugs=4
PROBE CUST day=214 id=co_lead_51_13 sat=55 tol=51 target=55 trust=0.0 phase=active streak=0 cd=-1 mrr=2420 bugs=4
PROBE CUST day=214 id=co_lead_58_16 sat=55 tol=42 target=55 trust=0.0 phase=active streak=0 cd=-1 mrr=785 bugs=4
PROBE CUST day=214 id=co_lead_64_19 sat=55 tol=42 target=55 trust=0.0 phase=active streak=0 cd=-1 mrr=785 bugs=4
PROBE CUST day=214 id=co_lead_70_21 sat=55 tol=47 target=55 trust=0.0 phase=active streak=0 cd=-1 mrr=785 bugs=4
PROBE CUST day=214 id=co_lead_70_22 sat=55 tol=45 target=55 trust=0.0 phase=active streak=0 cd=-1 mrr=860 bugs=4
PROBE CUST day=214 id=co_lead_75_24 sat=55 tol=45 target=55 trust=0.0 phase=active streak=0 cd=-1 mrr=785 bugs=4
PROBE CUST day=214 id=co_lead_81_27 sat=55 tol=51 target=55 trust=0.0 phase=active streak=0 cd=-1 mrr=2720 bugs=4
PROBE CUST day=214 id=co_lead_86_28 sat=55 tol=47 target=55 trust=0.0 phase=active streak=0 cd=-1 mrr=860 bugs=4
PROBE CUST day=214 id=co_lead_91_30 sat=55 tol=47 target=55 trust=0.0 phase=active streak=0 cd=-1 mrr=860 bugs=4
PROBE CUST day=214 id=co_lead_97_33 sat=55 tol=42 target=55 trust=0.0 phase=active streak=0 cd=-1 mrr=860 bugs=4
PROBE CUST day=214 id=co_lead_107_38 sat=55 tol=51 target=55 trust=0.0 phase=active streak=0 cd=-1 mrr=2420 bugs=4
PROBE CUST day=214 id=co_lead_110_39 sat=55 tol=51 target=55 trust=0.0 phase=active streak=0 cd=-1 mrr=2420 bugs=4
PROBE CUST day=214 id=co_lead_113_40 sat=55 tol=42 target=55 trust=0.0 phase=active streak=0 cd=-1 mrr=860 bugs=4
PROBE CUST day=214 id=co_lead_113_41 sat=55 tol=51 target=55 trust=0.0 phase=active streak=0 cd=-1 mrr=2420 bugs=4
PROBE CUST day=214 id=co_lead_123_45 sat=55 tol=42 target=55 trust=0.0 phase=active streak=0 cd=-1 mrr=860 bugs=4
PROBE CUST day=214 id=co_lead_128_46 sat=55 tol=42 target=55 trust=0.0 phase=active streak=0 cd=-1 mrr=785 bugs=4
PROBE CUST day=214 id=co_lead_128_47 sat=55 tol=51 target=55 trust=0.0 phase=active streak=0 cd=-1 mrr=2720 bugs=4
PROBE CUST day=214 id=co_lead_134_49 sat=55 tol=45 target=55 trust=0.0 phase=active streak=0 cd=-1 mrr=860 bugs=4
PROBE CUST day=214 id=co_lead_145_54 sat=55 tol=47 target=55 trust=0.0 phase=active streak=0 cd=-1 mrr=860 bugs=4
PROBE CUST day=214 id=co_lead_153_56 sat=55 tol=51 target=55 trust=0.0 phase=active streak=0 cd=-1 mrr=2420 bugs=4
PROBE CUST day=214 id=co_lead_159_60 sat=55 tol=45 target=55 trust=0.0 phase=active streak=0 cd=-1 mrr=785 bugs=4
PROBE CUST day=214 id=co_lead_164_61 sat=55 tol=45 target=55 trust=0.0 phase=active streak=0 cd=-1 mrr=860 bugs=4
PROBE SAT day=214 satisfied=25/25 target=55
[HRSystem] Daily tick — 1 employees (0 izinde)
[SalesSystem] Daily tick — MRR $32495
[TimeManager] Daily tick — Day 215 (Δ 15 ms)
PROBE STATE day=215 cash=86283 mrr=32495 brand=50 burn=260 runway=INF cust=25 emp=1 promises=4 phase=2 aud=0 sat=-1 bugs=4 q=41.3 appetite=closed streak=0/3 profit_streak=4
PROBE CUST day=215 id=co_lead_31_4 sat=55 tol=47 target=55 trust=0.0 phase=active streak=0 cd=-1 mrr=785 bugs=4
PROBE CUST day=215 id=co_lead_31_5 sat=55 tol=47 target=55 trust=0.0 phase=active streak=0 cd=-1 mrr=860 bugs=4
PROBE CUST day=215 id=co_lead_37_7 sat=55 tol=42 target=55 trust=0.0 phase=active streak=0 cd=-1 mrr=860 bugs=4
PROBE CUST day=215 id=co_lead_51_13 sat=55 tol=51 target=55 trust=0.0 phase=active streak=0 cd=-1 mrr=2420 bugs=4
PROBE CUST day=215 id=co_lead_58_16 sat=55 tol=42 target=55 trust=0.0 phase=active streak=0 cd=-1 mrr=785 bugs=4
PROBE CUST day=215 id=co_lead_64_19 sat=55 tol=42 target=55 trust=0.0 phase=active streak=0 cd=-1 mrr=785 bugs=4
PROBE CUST day=215 id=co_lead_70_21 sat=55 tol=47 target=55 trust=0.0 phase=active streak=0 cd=-1 mrr=785 bugs=4
PROBE CUST day=215 id=co_lead_70_22 sat=55 tol=45 target=55 trust=0.0 phase=active streak=0 cd=-1 mrr=860 bugs=4
PROBE CUST day=215 id=co_lead_75_24 sat=55 tol=45 target=55 trust=0.0 phase=active streak=0 cd=-1 mrr=785 bugs=4
PROBE CUST day=215 id=co_lead_81_27 sat=55 tol=51 target=55 trust=0.0 phase=active streak=0 cd=-1 mrr=2720 bugs=4
PROBE CUST day=215 id=co_lead_86_28 sat=55 tol=47 target=55 trust=0.0 phase=active streak=0 cd=-1 mrr=860 bugs=4
PROBE CUST day=215 id=co_lead_91_30 sat=55 tol=47 target=55 trust=0.0 phase=active streak=0 cd=-1 mrr=860 bugs=4
PROBE CUST day=215 id=co_lead_97_33 sat=55 tol=42 target=55 trust=0.0 phase=active streak=0 cd=-1 mrr=860 bugs=4
PROBE CUST day=215 id=co_lead_107_38 sat=55 tol=51 target=55 trust=0.0 phase=active streak=0 cd=-1 mrr=2420 bugs=4
PROBE CUST day=215 id=co_lead_110_39 sat=55 tol=51 target=55 trust=0.0 phase=active streak=0 cd=-1 mrr=2420 bugs=4
PROBE CUST day=215 id=co_lead_113_40 sat=55 tol=42 target=55 trust=0.0 phase=active streak=0 cd=-1 mrr=860 bugs=4
PROBE CUST day=215 id=co_lead_113_41 sat=55 tol=51 target=55 trust=0.0 phase=active streak=0 cd=-1 mrr=2420 bugs=4
PROBE CUST day=215 id=co_lead_123_45 sat=55 tol=42 target=55 trust=0.0 phase=active streak=0 cd=-1 mrr=860 bugs=4
PROBE CUST day=215 id=co_lead_128_46 sat=55 tol=42 target=55 trust=0.0 phase=active streak=0 cd=-1 mrr=785 bugs=4
PROBE CUST day=215 id=co_lead_128_47 sat=55 tol=51 target=55 trust=0.0 phase=active streak=0 cd=-1 mrr=2720 bugs=4
PROBE CUST day=215 id=co_lead_134_49 sat=55 tol=45 target=55 trust=0.0 phase=active streak=0 cd=-1 mrr=860 bugs=4
PROBE CUST day=215 id=co_lead_145_54 sat=55 tol=47 target=55 trust=0.0 phase=active streak=0 cd=-1 mrr=860 bugs=4
PROBE CUST day=215 id=co_lead_153_56 sat=55 tol=51 target=55 trust=0.0 phase=active streak=0 cd=-1 mrr=2420 bugs=4
PROBE CUST day=215 id=co_lead_159_60 sat=55 tol=45 target=55 trust=0.0 phase=active streak=0 cd=-1 mrr=785 bugs=4
PROBE CUST day=215 id=co_lead_164_61 sat=55 tol=45 target=55 trust=0.0 phase=active streak=0 cd=-1 mrr=860 bugs=4
PROBE SAT day=215 satisfied=25/25 target=55
[HRSystem] Daily tick — 1 employees (0 izinde)
[SalesSystem] Daily tick — MRR $32495
[TimeManager] Daily tick — Day 216 (Δ 15 ms)
PROBE STATE day=216 cash=87106 mrr=32495 brand=50 burn=260 runway=INF cust=25 emp=1 promises=4 phase=2 aud=0 sat=-1 bugs=5 q=40.9 appetite=closed streak=0/3 profit_streak=4
PROBE CUST day=216 id=co_lead_31_4 sat=55 tol=47 target=55 trust=0.0 phase=active streak=0 cd=-1 mrr=785 bugs=5
PROBE CUST day=216 id=co_lead_31_5 sat=55 tol=47 target=55 trust=0.0 phase=active streak=0 cd=-1 mrr=860 bugs=5
PROBE CUST day=216 id=co_lead_37_7 sat=55 tol=42 target=55 trust=0.0 phase=active streak=0 cd=-1 mrr=860 bugs=5
PROBE CUST day=216 id=co_lead_51_13 sat=55 tol=51 target=55 trust=0.0 phase=active streak=0 cd=-1 mrr=2420 bugs=5
PROBE CUST day=216 id=co_lead_58_16 sat=55 tol=42 target=55 trust=0.0 phase=active streak=0 cd=-1 mrr=785 bugs=5
PROBE CUST day=216 id=co_lead_64_19 sat=55 tol=42 target=55 trust=0.0 phase=active streak=0 cd=-1 mrr=785 bugs=5
PROBE CUST day=216 id=co_lead_70_21 sat=55 tol=47 target=55 trust=0.0 phase=active streak=0 cd=-1 mrr=785 bugs=5
PROBE CUST day=216 id=co_lead_70_22 sat=55 tol=45 target=55 trust=0.0 phase=active streak=0 cd=-1 mrr=860 bugs=5
PROBE CUST day=216 id=co_lead_75_24 sat=55 tol=45 target=55 trust=0.0 phase=active streak=0 cd=-1 mrr=785 bugs=5
PROBE CUST day=216 id=co_lead_81_27 sat=55 tol=51 target=55 trust=0.0 phase=active streak=0 cd=-1 mrr=2720 bugs=5
PROBE CUST day=216 id=co_lead_86_28 sat=55 tol=47 target=55 trust=0.0 phase=active streak=0 cd=-1 mrr=860 bugs=5
PROBE CUST day=216 id=co_lead_91_30 sat=55 tol=47 target=55 trust=0.0 phase=active streak=0 cd=-1 mrr=860 bugs=5
PROBE CUST day=216 id=co_lead_97_33 sat=55 tol=42 target=55 trust=0.0 phase=active streak=0 cd=-1 mrr=860 bugs=5
PROBE CUST day=216 id=co_lead_107_38 sat=55 tol=51 target=55 trust=0.0 phase=active streak=0 cd=-1 mrr=2420 bugs=5
PROBE CUST day=216 id=co_lead_110_39 sat=55 tol=51 target=55 trust=0.0 phase=active streak=0 cd=-1 mrr=2420 bugs=5
PROBE CUST day=216 id=co_lead_113_40 sat=55 tol=42 target=55 trust=0.0 phase=active streak=0 cd=-1 mrr=860 bugs=5
PROBE CUST day=216 id=co_lead_113_41 sat=55 tol=51 target=55 trust=0.0 phase=active streak=0 cd=-1 mrr=2420 bugs=5
PROBE CUST day=216 id=co_lead_123_45 sat=55 tol=42 target=55 trust=0.0 phase=active streak=0 cd=-1 mrr=860 bugs=5
PROBE CUST day=216 id=co_lead_128_46 sat=55 tol=42 target=55 trust=0.0 phase=active streak=0 cd=-1 mrr=785 bugs=5
PROBE CUST day=216 id=co_lead_128_47 sat=55 tol=51 target=55 trust=0.0 phase=active streak=0 cd=-1 mrr=2720 bugs=5
PROBE CUST day=216 id=co_lead_134_49 sat=55 tol=45 target=55 trust=0.0 phase=active streak=0 cd=-1 mrr=860 bugs=5
PROBE CUST day=216 id=co_lead_145_54 sat=55 tol=47 target=55 trust=0.0 phase=active streak=0 cd=-1 mrr=860 bugs=5
PROBE CUST day=216 id=co_lead_153_56 sat=55 tol=51 target=55 trust=0.0 phase=active streak=0 cd=-1 mrr=2420 bugs=5
PROBE CUST day=216 id=co_lead_159_60 sat=55 tol=45 target=55 trust=0.0 phase=active streak=0 cd=-1 mrr=785 bugs=5
PROBE CUST day=216 id=co_lead_164_61 sat=55 tol=45 target=55 trust=0.0 phase=active streak=0 cd=-1 mrr=860 bugs=5
PROBE SAT day=216 satisfied=25/25 target=55
[HRSystem] Daily tick — 1 employees (0 izinde)
[SalesSystem] Daily tick — MRR $32495
[TimeManager] Daily tick — Day 217 (Δ 15 ms)
[ProductSystem] Bug sprint started: 6 bugs, 2 days
PROBE PLAY day=217 bug_sprint bugs=6
PROBE STATE day=217 cash=87929 mrr=32495 brand=50 burn=260 runway=INF cust=25 emp=1 promises=4 phase=2 aud=0 sat=-1 bugs=6 q=40.6 appetite=closed streak=0/3 profit_streak=4
PROBE CUST day=217 id=co_lead_31_4 sat=54 tol=47 target=54 trust=0.0 phase=active streak=0 cd=-1 mrr=785 bugs=6
PROBE CUST day=217 id=co_lead_31_5 sat=54 tol=47 target=54 trust=0.0 phase=active streak=0 cd=-1 mrr=860 bugs=6
PROBE CUST day=217 id=co_lead_37_7 sat=54 tol=42 target=54 trust=0.0 phase=active streak=0 cd=-1 mrr=860 bugs=6
PROBE CUST day=217 id=co_lead_51_13 sat=54 tol=51 target=54 trust=0.0 phase=active streak=0 cd=-1 mrr=2420 bugs=6
PROBE CUST day=217 id=co_lead_58_16 sat=54 tol=42 target=54 trust=0.0 phase=active streak=0 cd=-1 mrr=785 bugs=6
PROBE CUST day=217 id=co_lead_64_19 sat=54 tol=42 target=54 trust=0.0 phase=active streak=0 cd=-1 mrr=785 bugs=6
PROBE CUST day=217 id=co_lead_70_21 sat=54 tol=47 target=54 trust=0.0 phase=active streak=0 cd=-1 mrr=785 bugs=6
PROBE CUST day=217 id=co_lead_70_22 sat=54 tol=45 target=54 trust=0.0 phase=active streak=0 cd=-1 mrr=860 bugs=6
PROBE CUST day=217 id=co_lead_75_24 sat=54 tol=45 target=54 trust=0.0 phase=active streak=0 cd=-1 mrr=785 bugs=6
PROBE CUST day=217 id=co_lead_81_27 sat=54 tol=51 target=54 trust=0.0 phase=active streak=0 cd=-1 mrr=2720 bugs=6
PROBE CUST day=217 id=co_lead_86_28 sat=54 tol=47 target=54 trust=0.0 phase=active streak=0 cd=-1 mrr=860 bugs=6
PROBE CUST day=217 id=co_lead_91_30 sat=54 tol=47 target=54 trust=0.0 phase=active streak=0 cd=-1 mrr=860 bugs=6
PROBE CUST day=217 id=co_lead_97_33 sat=54 tol=42 target=54 trust=0.0 phase=active streak=0 cd=-1 mrr=860 bugs=6
PROBE CUST day=217 id=co_lead_107_38 sat=54 tol=51 target=54 trust=0.0 phase=active streak=0 cd=-1 mrr=2420 bugs=6
PROBE CUST day=217 id=co_lead_110_39 sat=54 tol=51 target=54 trust=0.0 phase=active streak=0 cd=-1 mrr=2420 bugs=6
PROBE CUST day=217 id=co_lead_113_40 sat=54 tol=42 target=54 trust=0.0 phase=active streak=0 cd=-1 mrr=860 bugs=6
PROBE CUST day=217 id=co_lead_113_41 sat=54 tol=51 target=54 trust=0.0 phase=active streak=0 cd=-1 mrr=2420 bugs=6
PROBE CUST day=217 id=co_lead_123_45 sat=54 tol=42 target=54 trust=0.0 phase=active streak=0 cd=-1 mrr=860 bugs=6
PROBE CUST day=217 id=co_lead_128_46 sat=54 tol=42 target=54 trust=0.0 phase=active streak=0 cd=-1 mrr=785 bugs=6
PROBE CUST day=217 id=co_lead_128_47 sat=54 tol=51 target=54 trust=0.0 phase=active streak=0 cd=-1 mrr=2720 bugs=6
PROBE CUST day=217 id=co_lead_134_49 sat=54 tol=45 target=54 trust=0.0 phase=active streak=0 cd=-1 mrr=860 bugs=6
PROBE CUST day=217 id=co_lead_145_54 sat=54 tol=47 target=54 trust=0.0 phase=active streak=0 cd=-1 mrr=860 bugs=6
PROBE CUST day=217 id=co_lead_153_56 sat=54 tol=51 target=54 trust=0.0 phase=active streak=0 cd=-1 mrr=2420 bugs=6
PROBE CUST day=217 id=co_lead_159_60 sat=54 tol=45 target=54 trust=0.0 phase=active streak=0 cd=-1 mrr=785 bugs=6
PROBE CUST day=217 id=co_lead_164_61 sat=54 tol=45 target=54 trust=0.0 phase=active streak=0 cd=-1 mrr=860 bugs=6
PROBE SAT day=217 satisfied=25/25 target=54
[HRSystem] Daily tick — 1 employees (0 izinde)
[SalesSystem] Daily tick — MRR $32495
[TimeManager] Daily tick — Day 218 (Δ 15 ms)
PROBE STATE day=218 cash=88752 mrr=32495 brand=50 burn=260 runway=INF cust=25 emp=1 promises=4 phase=2 aud=0 sat=-1 bugs=3 q=41.5 appetite=closed streak=0/3 profit_streak=4
PROBE CUST day=218 id=co_lead_31_4 sat=56 tol=47 target=56 trust=0.0 phase=active streak=0 cd=-1 mrr=785 bugs=3
PROBE CUST day=218 id=co_lead_31_5 sat=56 tol=47 target=56 trust=0.0 phase=active streak=0 cd=-1 mrr=860 bugs=3
PROBE CUST day=218 id=co_lead_37_7 sat=56 tol=42 target=56 trust=0.0 phase=active streak=0 cd=-1 mrr=860 bugs=3
PROBE CUST day=218 id=co_lead_51_13 sat=56 tol=51 target=56 trust=0.0 phase=active streak=0 cd=-1 mrr=2420 bugs=3
PROBE CUST day=218 id=co_lead_58_16 sat=56 tol=42 target=56 trust=0.0 phase=active streak=0 cd=-1 mrr=785 bugs=3
PROBE CUST day=218 id=co_lead_64_19 sat=56 tol=42 target=56 trust=0.0 phase=active streak=0 cd=-1 mrr=785 bugs=3
PROBE CUST day=218 id=co_lead_70_21 sat=56 tol=47 target=56 trust=0.0 phase=active streak=0 cd=-1 mrr=785 bugs=3
PROBE CUST day=218 id=co_lead_70_22 sat=56 tol=45 target=56 trust=0.0 phase=active streak=0 cd=-1 mrr=860 bugs=3
PROBE CUST day=218 id=co_lead_75_24 sat=56 tol=45 target=56 trust=0.0 phase=active streak=0 cd=-1 mrr=785 bugs=3
PROBE CUST day=218 id=co_lead_81_27 sat=56 tol=51 target=56 trust=0.0 phase=active streak=0 cd=-1 mrr=2720 bugs=3
PROBE CUST day=218 id=co_lead_86_28 sat=56 tol=47 target=56 trust=0.0 phase=active streak=0 cd=-1 mrr=860 bugs=3
PROBE CUST day=218 id=co_lead_91_30 sat=56 tol=47 target=56 trust=0.0 phase=active streak=0 cd=-1 mrr=860 bugs=3
PROBE CUST day=218 id=co_lead_97_33 sat=56 tol=42 target=56 trust=0.0 phase=active streak=0 cd=-1 mrr=860 bugs=3
PROBE CUST day=218 id=co_lead_107_38 sat=56 tol=51 target=56 trust=0.0 phase=active streak=0 cd=-1 mrr=2420 bugs=3
PROBE CUST day=218 id=co_lead_110_39 sat=56 tol=51 target=56 trust=0.0 phase=active streak=0 cd=-1 mrr=2420 bugs=3
PROBE CUST day=218 id=co_lead_113_40 sat=56 tol=42 target=56 trust=0.0 phase=active streak=0 cd=-1 mrr=860 bugs=3
PROBE CUST day=218 id=co_lead_113_41 sat=56 tol=51 target=56 trust=0.0 phase=active streak=0 cd=-1 mrr=2420 bugs=3
PROBE CUST day=218 id=co_lead_123_45 sat=56 tol=42 target=56 trust=0.0 phase=active streak=0 cd=-1 mrr=860 bugs=3
PROBE CUST day=218 id=co_lead_128_46 sat=56 tol=42 target=56 trust=0.0 phase=active streak=0 cd=-1 mrr=785 bugs=3
PROBE CUST day=218 id=co_lead_128_47 sat=56 tol=51 target=56 trust=0.0 phase=active streak=0 cd=-1 mrr=2720 bugs=3
PROBE CUST day=218 id=co_lead_134_49 sat=56 tol=45 target=56 trust=0.0 phase=active streak=0 cd=-1 mrr=860 bugs=3
PROBE CUST day=218 id=co_lead_145_54 sat=56 tol=47 target=56 trust=0.0 phase=active streak=0 cd=-1 mrr=860 bugs=3
PROBE CUST day=218 id=co_lead_153_56 sat=56 tol=51 target=56 trust=0.0 phase=active streak=0 cd=-1 mrr=2420 bugs=3
PROBE CUST day=218 id=co_lead_159_60 sat=56 tol=45 target=56 trust=0.0 phase=active streak=0 cd=-1 mrr=785 bugs=3
PROBE CUST day=218 id=co_lead_164_61 sat=56 tol=45 target=56 trust=0.0 phase=active streak=0 cd=-1 mrr=860 bugs=3
PROBE SAT day=218 satisfied=25/25 target=56
[ProductSystem] Bug sprint complete. live_bug now 0
[HRSystem] Daily tick — 1 employees (0 izinde)
[SalesSystem] Daily tick — MRR $32495
[TimeManager] Daily tick — Day 219 (Δ 14 ms)
PROBE PLAY day=219 find_prospects (+2)
PROBE STATE day=219 cash=89575 mrr=32495 brand=50 burn=260 runway=INF cust=25 emp=1 promises=4 phase=2 aud=0 sat=-1 bugs=0 q=42.3 appetite=closed streak=0/3 profit_streak=4
PROBE CUST day=219 id=co_lead_31_4 sat=58 tol=47 target=58 trust=0.0 phase=active streak=0 cd=-1 mrr=785 bugs=0
PROBE CUST day=219 id=co_lead_31_5 sat=58 tol=47 target=58 trust=0.0 phase=active streak=0 cd=-1 mrr=860 bugs=0
PROBE CUST day=219 id=co_lead_37_7 sat=58 tol=42 target=58 trust=0.0 phase=active streak=0 cd=-1 mrr=860 bugs=0
PROBE CUST day=219 id=co_lead_51_13 sat=58 tol=51 target=58 trust=0.0 phase=active streak=0 cd=-1 mrr=2420 bugs=0
PROBE CUST day=219 id=co_lead_58_16 sat=58 tol=42 target=58 trust=0.0 phase=active streak=0 cd=-1 mrr=785 bugs=0
PROBE CUST day=219 id=co_lead_64_19 sat=58 tol=42 target=58 trust=0.0 phase=active streak=0 cd=-1 mrr=785 bugs=0
PROBE CUST day=219 id=co_lead_70_21 sat=58 tol=47 target=58 trust=0.0 phase=active streak=0 cd=-1 mrr=785 bugs=0
PROBE CUST day=219 id=co_lead_70_22 sat=58 tol=45 target=58 trust=0.0 phase=active streak=0 cd=-1 mrr=860 bugs=0
PROBE CUST day=219 id=co_lead_75_24 sat=58 tol=45 target=58 trust=0.0 phase=active streak=0 cd=-1 mrr=785 bugs=0
PROBE CUST day=219 id=co_lead_81_27 sat=58 tol=51 target=58 trust=0.0 phase=active streak=0 cd=-1 mrr=2720 bugs=0
PROBE CUST day=219 id=co_lead_86_28 sat=58 tol=47 target=58 trust=0.0 phase=active streak=0 cd=-1 mrr=860 bugs=0
PROBE CUST day=219 id=co_lead_91_30 sat=58 tol=47 target=58 trust=0.0 phase=active streak=0 cd=-1 mrr=860 bugs=0
PROBE CUST day=219 id=co_lead_97_33 sat=58 tol=42 target=58 trust=0.0 phase=active streak=0 cd=-1 mrr=860 bugs=0
PROBE CUST day=219 id=co_lead_107_38 sat=58 tol=51 target=58 trust=0.0 phase=active streak=0 cd=-1 mrr=2420 bugs=0
PROBE CUST day=219 id=co_lead_110_39 sat=58 tol=51 target=58 trust=0.0 phase=active streak=0 cd=-1 mrr=2420 bugs=0
PROBE CUST day=219 id=co_lead_113_40 sat=58 tol=42 target=58 trust=0.0 phase=active streak=0 cd=-1 mrr=860 bugs=0
PROBE CUST day=219 id=co_lead_113_41 sat=58 tol=51 target=58 trust=0.0 phase=active streak=0 cd=-1 mrr=2420 bugs=0
PROBE CUST day=219 id=co_lead_123_45 sat=58 tol=42 target=58 trust=0.0 phase=active streak=0 cd=-1 mrr=860 bugs=0
PROBE CUST day=219 id=co_lead_128_46 sat=58 tol=42 target=58 trust=0.0 phase=active streak=0 cd=-1 mrr=785 bugs=0
PROBE CUST day=219 id=co_lead_128_47 sat=58 tol=51 target=58 trust=0.0 phase=active streak=0 cd=-1 mrr=2720 bugs=0
PROBE CUST day=219 id=co_lead_134_49 sat=58 tol=45 target=58 trust=0.0 phase=active streak=0 cd=-1 mrr=860 bugs=0
PROBE CUST day=219 id=co_lead_145_54 sat=58 tol=47 target=58 trust=0.0 phase=active streak=0 cd=-1 mrr=860 bugs=0
PROBE CUST day=219 id=co_lead_153_56 sat=58 tol=51 target=58 trust=0.0 phase=active streak=0 cd=-1 mrr=2420 bugs=0
PROBE CUST day=219 id=co_lead_159_60 sat=58 tol=45 target=58 trust=0.0 phase=active streak=0 cd=-1 mrr=785 bugs=0
PROBE CUST day=219 id=co_lead_164_61 sat=58 tol=45 target=58 trust=0.0 phase=active streak=0 cd=-1 mrr=860 bugs=0
PROBE SAT day=219 satisfied=25/25 target=58
[HRSystem] Daily tick — 1 employees (0 izinde)
[SalesSystem] Daily tick — MRR $32495
[TimeManager] Daily tick — Day 220 (Δ 19 ms)
PROBE STATE day=220 cash=90398 mrr=32495 brand=50 burn=260 runway=INF cust=25 emp=1 promises=4 phase=2 aud=0 sat=-1 bugs=0 q=42.3 appetite=closed streak=0/3 profit_streak=4
PROBE CUST day=220 id=co_lead_31_4 sat=58 tol=47 target=58 trust=0.0 phase=active streak=0 cd=-1 mrr=785 bugs=0
PROBE CUST day=220 id=co_lead_31_5 sat=58 tol=47 target=58 trust=0.0 phase=active streak=0 cd=-1 mrr=860 bugs=0
PROBE CUST day=220 id=co_lead_37_7 sat=58 tol=42 target=58 trust=0.0 phase=active streak=0 cd=-1 mrr=860 bugs=0
PROBE CUST day=220 id=co_lead_51_13 sat=58 tol=51 target=58 trust=0.0 phase=active streak=0 cd=-1 mrr=2420 bugs=0
PROBE CUST day=220 id=co_lead_58_16 sat=58 tol=42 target=58 trust=0.0 phase=active streak=0 cd=-1 mrr=785 bugs=0
PROBE CUST day=220 id=co_lead_64_19 sat=58 tol=42 target=58 trust=0.0 phase=active streak=0 cd=-1 mrr=785 bugs=0
PROBE CUST day=220 id=co_lead_70_21 sat=58 tol=47 target=58 trust=0.0 phase=active streak=0 cd=-1 mrr=785 bugs=0
PROBE CUST day=220 id=co_lead_70_22 sat=58 tol=45 target=58 trust=0.0 phase=active streak=0 cd=-1 mrr=860 bugs=0
PROBE CUST day=220 id=co_lead_75_24 sat=58 tol=45 target=58 trust=0.0 phase=active streak=0 cd=-1 mrr=785 bugs=0
PROBE CUST day=220 id=co_lead_81_27 sat=58 tol=51 target=58 trust=0.0 phase=active streak=0 cd=-1 mrr=2720 bugs=0
PROBE CUST day=220 id=co_lead_86_28 sat=58 tol=47 target=58 trust=0.0 phase=active streak=0 cd=-1 mrr=860 bugs=0
PROBE CUST day=220 id=co_lead_91_30 sat=58 tol=47 target=58 trust=0.0 phase=active streak=0 cd=-1 mrr=860 bugs=0
PROBE CUST day=220 id=co_lead_97_33 sat=58 tol=42 target=58 trust=0.0 phase=active streak=0 cd=-1 mrr=860 bugs=0
PROBE CUST day=220 id=co_lead_107_38 sat=58 tol=51 target=58 trust=0.0 phase=active streak=0 cd=-1 mrr=2420 bugs=0
PROBE CUST day=220 id=co_lead_110_39 sat=58 tol=51 target=58 trust=0.0 phase=active streak=0 cd=-1 mrr=2420 bugs=0
PROBE CUST day=220 id=co_lead_113_40 sat=58 tol=42 target=58 trust=0.0 phase=active streak=0 cd=-1 mrr=860 bugs=0
PROBE CUST day=220 id=co_lead_113_41 sat=58 tol=51 target=58 trust=0.0 phase=active streak=0 cd=-1 mrr=2420 bugs=0
PROBE CUST day=220 id=co_lead_123_45 sat=58 tol=42 target=58 trust=0.0 phase=active streak=0 cd=-1 mrr=860 bugs=0
PROBE CUST day=220 id=co_lead_128_46 sat=58 tol=42 target=58 trust=0.0 phase=active streak=0 cd=-1 mrr=785 bugs=0
PROBE CUST day=220 id=co_lead_128_47 sat=58 tol=51 target=58 trust=0.0 phase=active streak=0 cd=-1 mrr=2720 bugs=0
PROBE CUST day=220 id=co_lead_134_49 sat=58 tol=45 target=58 trust=0.0 phase=active streak=0 cd=-1 mrr=860 bugs=0
PROBE CUST day=220 id=co_lead_145_54 sat=58 tol=47 target=58 trust=0.0 phase=active streak=0 cd=-1 mrr=860 bugs=0
PROBE CUST day=220 id=co_lead_153_56 sat=58 tol=51 target=58 trust=0.0 phase=active streak=0 cd=-1 mrr=2420 bugs=0
PROBE CUST day=220 id=co_lead_159_60 sat=58 tol=45 target=58 trust=0.0 phase=active streak=0 cd=-1 mrr=785 bugs=0
PROBE CUST day=220 id=co_lead_164_61 sat=58 tol=45 target=58 trust=0.0 phase=active streak=0 cd=-1 mrr=860 bugs=0
PROBE SAT day=220 satisfied=25/25 target=58
[HRSystem] Daily tick — 1 employees (0 izinde)
[SalesSystem] Daily tick — MRR $32495
[TimeManager] Daily tick — Day 221 (Δ 17 ms)
PROBE STATE day=221 cash=91221 mrr=32495 brand=50 burn=260 runway=INF cust=25 emp=1 promises=4 phase=2 aud=0 sat=-1 bugs=1 q=42.0 appetite=closed streak=0/3 profit_streak=4
PROBE CUST day=221 id=co_lead_31_4 sat=57 tol=47 target=57 trust=0.0 phase=active streak=0 cd=-1 mrr=785 bugs=1
PROBE CUST day=221 id=co_lead_31_5 sat=57 tol=47 target=57 trust=0.0 phase=active streak=0 cd=-1 mrr=860 bugs=1
PROBE CUST day=221 id=co_lead_37_7 sat=57 tol=42 target=57 trust=0.0 phase=active streak=0 cd=-1 mrr=860 bugs=1
PROBE CUST day=221 id=co_lead_51_13 sat=57 tol=51 target=57 trust=0.0 phase=active streak=0 cd=-1 mrr=2420 bugs=1
PROBE CUST day=221 id=co_lead_58_16 sat=57 tol=42 target=57 trust=0.0 phase=active streak=0 cd=-1 mrr=785 bugs=1
PROBE CUST day=221 id=co_lead_64_19 sat=57 tol=42 target=57 trust=0.0 phase=active streak=0 cd=-1 mrr=785 bugs=1
PROBE CUST day=221 id=co_lead_70_21 sat=57 tol=47 target=57 trust=0.0 phase=active streak=0 cd=-1 mrr=785 bugs=1
PROBE CUST day=221 id=co_lead_70_22 sat=57 tol=45 target=57 trust=0.0 phase=active streak=0 cd=-1 mrr=860 bugs=1
PROBE CUST day=221 id=co_lead_75_24 sat=57 tol=45 target=57 trust=0.0 phase=active streak=0 cd=-1 mrr=785 bugs=1
PROBE CUST day=221 id=co_lead_81_27 sat=57 tol=51 target=57 trust=0.0 phase=active streak=0 cd=-1 mrr=2720 bugs=1
PROBE CUST day=221 id=co_lead_86_28 sat=57 tol=47 target=57 trust=0.0 phase=active streak=0 cd=-1 mrr=860 bugs=1
PROBE CUST day=221 id=co_lead_91_30 sat=57 tol=47 target=57 trust=0.0 phase=active streak=0 cd=-1 mrr=860 bugs=1
PROBE CUST day=221 id=co_lead_97_33 sat=57 tol=42 target=57 trust=0.0 phase=active streak=0 cd=-1 mrr=860 bugs=1
PROBE CUST day=221 id=co_lead_107_38 sat=57 tol=51 target=57 trust=0.0 phase=active streak=0 cd=-1 mrr=2420 bugs=1
PROBE CUST day=221 id=co_lead_110_39 sat=57 tol=51 target=57 trust=0.0 phase=active streak=0 cd=-1 mrr=2420 bugs=1
PROBE CUST day=221 id=co_lead_113_40 sat=57 tol=42 target=57 trust=0.0 phase=active streak=0 cd=-1 mrr=860 bugs=1
PROBE CUST day=221 id=co_lead_113_41 sat=57 tol=51 target=57 trust=0.0 phase=active streak=0 cd=-1 mrr=2420 bugs=1
PROBE CUST day=221 id=co_lead_123_45 sat=57 tol=42 target=57 trust=0.0 phase=active streak=0 cd=-1 mrr=860 bugs=1
PROBE CUST day=221 id=co_lead_128_46 sat=57 tol=42 target=57 trust=0.0 phase=active streak=0 cd=-1 mrr=785 bugs=1
PROBE CUST day=221 id=co_lead_128_47 sat=57 tol=51 target=57 trust=0.0 phase=active streak=0 cd=-1 mrr=2720 bugs=1
PROBE CUST day=221 id=co_lead_134_49 sat=57 tol=45 target=57 trust=0.0 phase=active streak=0 cd=-1 mrr=860 bugs=1
PROBE CUST day=221 id=co_lead_145_54 sat=57 tol=47 target=57 trust=0.0 phase=active streak=0 cd=-1 mrr=860 bugs=1
PROBE CUST day=221 id=co_lead_153_56 sat=57 tol=51 target=57 trust=0.0 phase=active streak=0 cd=-1 mrr=2420 bugs=1
PROBE CUST day=221 id=co_lead_159_60 sat=57 tol=45 target=57 trust=0.0 phase=active streak=0 cd=-1 mrr=785 bugs=1
PROBE CUST day=221 id=co_lead_164_61 sat=57 tol=45 target=57 trust=0.0 phase=active streak=0 cd=-1 mrr=860 bugs=1
PROBE SAT day=221 satisfied=25/25 target=57
[HRSystem] Daily tick — 1 employees (0 izinde)
[SalesSystem] Daily tick — MRR $32495
[TimeManager] Daily tick — Day 222 (Δ 16 ms)
PROBE STATE day=222 cash=92044 mrr=32495 brand=50 burn=260 runway=INF cust=25 emp=1 promises=4 phase=2 aud=0 sat=-1 bugs=2 q=41.7 appetite=closed streak=0/3 profit_streak=4
PROBE CUST day=222 id=co_lead_31_4 sat=56 tol=47 target=56 trust=0.0 phase=active streak=0 cd=-1 mrr=785 bugs=2
PROBE CUST day=222 id=co_lead_31_5 sat=56 tol=47 target=56 trust=0.0 phase=active streak=0 cd=-1 mrr=860 bugs=2
PROBE CUST day=222 id=co_lead_37_7 sat=56 tol=42 target=56 trust=0.0 phase=active streak=0 cd=-1 mrr=860 bugs=2
PROBE CUST day=222 id=co_lead_51_13 sat=56 tol=51 target=56 trust=0.0 phase=active streak=0 cd=-1 mrr=2420 bugs=2
PROBE CUST day=222 id=co_lead_58_16 sat=56 tol=42 target=56 trust=0.0 phase=active streak=0 cd=-1 mrr=785 bugs=2
PROBE CUST day=222 id=co_lead_64_19 sat=56 tol=42 target=56 trust=0.0 phase=active streak=0 cd=-1 mrr=785 bugs=2
PROBE CUST day=222 id=co_lead_70_21 sat=56 tol=47 target=56 trust=0.0 phase=active streak=0 cd=-1 mrr=785 bugs=2
PROBE CUST day=222 id=co_lead_70_22 sat=56 tol=45 target=56 trust=0.0 phase=active streak=0 cd=-1 mrr=860 bugs=2
PROBE CUST day=222 id=co_lead_75_24 sat=56 tol=45 target=56 trust=0.0 phase=active streak=0 cd=-1 mrr=785 bugs=2
PROBE CUST day=222 id=co_lead_81_27 sat=56 tol=51 target=56 trust=0.0 phase=active streak=0 cd=-1 mrr=2720 bugs=2
PROBE CUST day=222 id=co_lead_86_28 sat=56 tol=47 target=56 trust=0.0 phase=active streak=0 cd=-1 mrr=860 bugs=2
PROBE CUST day=222 id=co_lead_91_30 sat=56 tol=47 target=56 trust=0.0 phase=active streak=0 cd=-1 mrr=860 bugs=2
PROBE CUST day=222 id=co_lead_97_33 sat=56 tol=42 target=56 trust=0.0 phase=active streak=0 cd=-1 mrr=860 bugs=2
PROBE CUST day=222 id=co_lead_107_38 sat=56 tol=51 target=56 trust=0.0 phase=active streak=0 cd=-1 mrr=2420 bugs=2
PROBE CUST day=222 id=co_lead_110_39 sat=56 tol=51 target=56 trust=0.0 phase=active streak=0 cd=-1 mrr=2420 bugs=2
PROBE CUST day=222 id=co_lead_113_40 sat=56 tol=42 target=56 trust=0.0 phase=active streak=0 cd=-1 mrr=860 bugs=2
PROBE CUST day=222 id=co_lead_113_41 sat=56 tol=51 target=56 trust=0.0 phase=active streak=0 cd=-1 mrr=2420 bugs=2
PROBE CUST day=222 id=co_lead_123_45 sat=56 tol=42 target=56 trust=0.0 phase=active streak=0 cd=-1 mrr=860 bugs=2
PROBE CUST day=222 id=co_lead_128_46 sat=56 tol=42 target=56 trust=0.0 phase=active streak=0 cd=-1 mrr=785 bugs=2
PROBE CUST day=222 id=co_lead_128_47 sat=56 tol=51 target=56 trust=0.0 phase=active streak=0 cd=-1 mrr=2720 bugs=2
PROBE CUST day=222 id=co_lead_134_49 sat=56 tol=45 target=56 trust=0.0 phase=active streak=0 cd=-1 mrr=860 bugs=2
PROBE CUST day=222 id=co_lead_145_54 sat=56 tol=47 target=56 trust=0.0 phase=active streak=0 cd=-1 mrr=860 bugs=2
PROBE CUST day=222 id=co_lead_153_56 sat=56 tol=51 target=56 trust=0.0 phase=active streak=0 cd=-1 mrr=2420 bugs=2
PROBE CUST day=222 id=co_lead_159_60 sat=56 tol=45 target=56 trust=0.0 phase=active streak=0 cd=-1 mrr=785 bugs=2
PROBE CUST day=222 id=co_lead_164_61 sat=56 tol=45 target=56 trust=0.0 phase=active streak=0 cd=-1 mrr=860 bugs=2
PROBE SAT day=222 satisfied=25/25 target=56
[HRSystem] Daily tick — 1 employees (0 izinde)
[SalesSystem] Daily tick — MRR $32495
[TimeManager] Daily tick — Day 223 (Δ 17 ms)
PROBE STATE day=223 cash=92867 mrr=32495 brand=50 burn=260 runway=INF cust=25 emp=1 promises=4 phase=2 aud=0 sat=-1 bugs=2 q=41.6 appetite=closed streak=0/3 profit_streak=4
PROBE CUST day=223 id=co_lead_31_4 sat=56 tol=47 target=56 trust=0.0 phase=active streak=0 cd=-1 mrr=785 bugs=2
PROBE CUST day=223 id=co_lead_31_5 sat=56 tol=47 target=56 trust=0.0 phase=active streak=0 cd=-1 mrr=860 bugs=2
PROBE CUST day=223 id=co_lead_37_7 sat=56 tol=42 target=56 trust=0.0 phase=active streak=0 cd=-1 mrr=860 bugs=2
PROBE CUST day=223 id=co_lead_51_13 sat=56 tol=51 target=56 trust=0.0 phase=active streak=0 cd=-1 mrr=2420 bugs=2
PROBE CUST day=223 id=co_lead_58_16 sat=56 tol=42 target=56 trust=0.0 phase=active streak=0 cd=-1 mrr=785 bugs=2
PROBE CUST day=223 id=co_lead_64_19 sat=56 tol=42 target=56 trust=0.0 phase=active streak=0 cd=-1 mrr=785 bugs=2
PROBE CUST day=223 id=co_lead_70_21 sat=56 tol=47 target=56 trust=0.0 phase=active streak=0 cd=-1 mrr=785 bugs=2
PROBE CUST day=223 id=co_lead_70_22 sat=56 tol=45 target=56 trust=0.0 phase=active streak=0 cd=-1 mrr=860 bugs=2
PROBE CUST day=223 id=co_lead_75_24 sat=56 tol=45 target=56 trust=0.0 phase=active streak=0 cd=-1 mrr=785 bugs=2
PROBE CUST day=223 id=co_lead_81_27 sat=56 tol=51 target=56 trust=0.0 phase=active streak=0 cd=-1 mrr=2720 bugs=2
PROBE CUST day=223 id=co_lead_86_28 sat=56 tol=47 target=56 trust=0.0 phase=active streak=0 cd=-1 mrr=860 bugs=2
PROBE CUST day=223 id=co_lead_91_30 sat=56 tol=47 target=56 trust=0.0 phase=active streak=0 cd=-1 mrr=860 bugs=2
PROBE CUST day=223 id=co_lead_97_33 sat=56 tol=42 target=56 trust=0.0 phase=active streak=0 cd=-1 mrr=860 bugs=2
PROBE CUST day=223 id=co_lead_107_38 sat=56 tol=51 target=56 trust=0.0 phase=active streak=0 cd=-1 mrr=2420 bugs=2
PROBE CUST day=223 id=co_lead_110_39 sat=56 tol=51 target=56 trust=0.0 phase=active streak=0 cd=-1 mrr=2420 bugs=2
PROBE CUST day=223 id=co_lead_113_40 sat=56 tol=42 target=56 trust=0.0 phase=active streak=0 cd=-1 mrr=860 bugs=2
PROBE CUST day=223 id=co_lead_113_41 sat=56 tol=51 target=56 trust=0.0 phase=active streak=0 cd=-1 mrr=2420 bugs=2
PROBE CUST day=223 id=co_lead_123_45 sat=56 tol=42 target=56 trust=0.0 phase=active streak=0 cd=-1 mrr=860 bugs=2
PROBE CUST day=223 id=co_lead_128_46 sat=56 tol=42 target=56 trust=0.0 phase=active streak=0 cd=-1 mrr=785 bugs=2
PROBE CUST day=223 id=co_lead_128_47 sat=56 tol=51 target=56 trust=0.0 phase=active streak=0 cd=-1 mrr=2720 bugs=2
PROBE CUST day=223 id=co_lead_134_49 sat=56 tol=45 target=56 trust=0.0 phase=active streak=0 cd=-1 mrr=860 bugs=2
PROBE CUST day=223 id=co_lead_145_54 sat=56 tol=47 target=56 trust=0.0 phase=active streak=0 cd=-1 mrr=860 bugs=2
PROBE CUST day=223 id=co_lead_153_56 sat=56 tol=51 target=56 trust=0.0 phase=active streak=0 cd=-1 mrr=2420 bugs=2
PROBE CUST day=223 id=co_lead_159_60 sat=56 tol=45 target=56 trust=0.0 phase=active streak=0 cd=-1 mrr=785 bugs=2
PROBE CUST day=223 id=co_lead_164_61 sat=56 tol=45 target=56 trust=0.0 phase=active streak=0 cd=-1 mrr=860 bugs=2
PROBE SAT day=223 satisfied=25/25 target=56
[HRSystem] Daily tick — 1 employees (0 izinde)
[SalesSystem] Daily tick — MRR $32495
[TimeManager] Daily tick — Day 224 (Δ 15 ms)
PROBE PLAY day=224 find_prospects (+2)
PROBE STATE day=224 cash=93690 mrr=32495 brand=50 burn=260 runway=INF cust=25 emp=1 promises=4 phase=2 aud=0 sat=-1 bugs=3 q=41.3 appetite=closed streak=0/3 profit_streak=4
PROBE CUST day=224 id=co_lead_31_4 sat=56 tol=47 target=56 trust=0.0 phase=active streak=0 cd=-1 mrr=785 bugs=3
PROBE CUST day=224 id=co_lead_31_5 sat=56 tol=47 target=56 trust=0.0 phase=active streak=0 cd=-1 mrr=860 bugs=3
PROBE CUST day=224 id=co_lead_37_7 sat=56 tol=42 target=56 trust=0.0 phase=active streak=0 cd=-1 mrr=860 bugs=3
PROBE CUST day=224 id=co_lead_51_13 sat=56 tol=51 target=56 trust=0.0 phase=active streak=0 cd=-1 mrr=2420 bugs=3
PROBE CUST day=224 id=co_lead_58_16 sat=56 tol=42 target=56 trust=0.0 phase=active streak=0 cd=-1 mrr=785 bugs=3
PROBE CUST day=224 id=co_lead_64_19 sat=56 tol=42 target=56 trust=0.0 phase=active streak=0 cd=-1 mrr=785 bugs=3
PROBE CUST day=224 id=co_lead_70_21 sat=56 tol=47 target=56 trust=0.0 phase=active streak=0 cd=-1 mrr=785 bugs=3
PROBE CUST day=224 id=co_lead_70_22 sat=56 tol=45 target=56 trust=0.0 phase=active streak=0 cd=-1 mrr=860 bugs=3
PROBE CUST day=224 id=co_lead_75_24 sat=56 tol=45 target=56 trust=0.0 phase=active streak=0 cd=-1 mrr=785 bugs=3
PROBE CUST day=224 id=co_lead_81_27 sat=56 tol=51 target=56 trust=0.0 phase=active streak=0 cd=-1 mrr=2720 bugs=3
PROBE CUST day=224 id=co_lead_86_28 sat=56 tol=47 target=56 trust=0.0 phase=active streak=0 cd=-1 mrr=860 bugs=3
PROBE CUST day=224 id=co_lead_91_30 sat=56 tol=47 target=56 trust=0.0 phase=active streak=0 cd=-1 mrr=860 bugs=3
PROBE CUST day=224 id=co_lead_97_33 sat=56 tol=42 target=56 trust=0.0 phase=active streak=0 cd=-1 mrr=860 bugs=3
PROBE CUST day=224 id=co_lead_107_38 sat=56 tol=51 target=56 trust=0.0 phase=active streak=0 cd=-1 mrr=2420 bugs=3
PROBE CUST day=224 id=co_lead_110_39 sat=56 tol=51 target=56 trust=0.0 phase=active streak=0 cd=-1 mrr=2420 bugs=3
PROBE CUST day=224 id=co_lead_113_40 sat=56 tol=42 target=56 trust=0.0 phase=active streak=0 cd=-1 mrr=860 bugs=3
PROBE CUST day=224 id=co_lead_113_41 sat=56 tol=51 target=56 trust=0.0 phase=active streak=0 cd=-1 mrr=2420 bugs=3
PROBE CUST day=224 id=co_lead_123_45 sat=56 tol=42 target=56 trust=0.0 phase=active streak=0 cd=-1 mrr=860 bugs=3
PROBE CUST day=224 id=co_lead_128_46 sat=56 tol=42 target=56 trust=0.0 phase=active streak=0 cd=-1 mrr=785 bugs=3
PROBE CUST day=224 id=co_lead_128_47 sat=56 tol=51 target=56 trust=0.0 phase=active streak=0 cd=-1 mrr=2720 bugs=3
PROBE CUST day=224 id=co_lead_134_49 sat=56 tol=45 target=56 trust=0.0 phase=active streak=0 cd=-1 mrr=860 bugs=3
PROBE CUST day=224 id=co_lead_145_54 sat=56 tol=47 target=56 trust=0.0 phase=active streak=0 cd=-1 mrr=860 bugs=3
PROBE CUST day=224 id=co_lead_153_56 sat=56 tol=51 target=56 trust=0.0 phase=active streak=0 cd=-1 mrr=2420 bugs=3
PROBE CUST day=224 id=co_lead_159_60 sat=56 tol=45 target=56 trust=0.0 phase=active streak=0 cd=-1 mrr=785 bugs=3
PROBE CUST day=224 id=co_lead_164_61 sat=56 tol=45 target=56 trust=0.0 phase=active streak=0 cd=-1 mrr=860 bugs=3
PROBE SAT day=224 satisfied=25/25 target=56
[HRSystem] Daily tick — 1 employees (0 izinde)
[SalesSystem] Daily tick — MRR $32495
[TimeManager] Daily tick — Day 225 (Δ 18 ms)
PROBE STATE day=225 cash=94513 mrr=32495 brand=50 burn=260 runway=INF cust=25 emp=1 promises=4 phase=2 aud=0 sat=-1 bugs=4 q=41.0 appetite=closed streak=0/3 profit_streak=4
PROBE CUST day=225 id=co_lead_31_4 sat=55 tol=47 target=55 trust=0.0 phase=active streak=0 cd=-1 mrr=785 bugs=4
PROBE CUST day=225 id=co_lead_31_5 sat=55 tol=47 target=55 trust=0.0 phase=active streak=0 cd=-1 mrr=860 bugs=4
PROBE CUST day=225 id=co_lead_37_7 sat=55 tol=42 target=55 trust=0.0 phase=active streak=0 cd=-1 mrr=860 bugs=4
PROBE CUST day=225 id=co_lead_51_13 sat=55 tol=51 target=55 trust=0.0 phase=active streak=0 cd=-1 mrr=2420 bugs=4
PROBE CUST day=225 id=co_lead_58_16 sat=55 tol=42 target=55 trust=0.0 phase=active streak=0 cd=-1 mrr=785 bugs=4
PROBE CUST day=225 id=co_lead_64_19 sat=55 tol=42 target=55 trust=0.0 phase=active streak=0 cd=-1 mrr=785 bugs=4
PROBE CUST day=225 id=co_lead_70_21 sat=55 tol=47 target=55 trust=0.0 phase=active streak=0 cd=-1 mrr=785 bugs=4
PROBE CUST day=225 id=co_lead_70_22 sat=55 tol=45 target=55 trust=0.0 phase=active streak=0 cd=-1 mrr=860 bugs=4
PROBE CUST day=225 id=co_lead_75_24 sat=55 tol=45 target=55 trust=0.0 phase=active streak=0 cd=-1 mrr=785 bugs=4
PROBE CUST day=225 id=co_lead_81_27 sat=55 tol=51 target=55 trust=0.0 phase=active streak=0 cd=-1 mrr=2720 bugs=4
PROBE CUST day=225 id=co_lead_86_28 sat=55 tol=47 target=55 trust=0.0 phase=active streak=0 cd=-1 mrr=860 bugs=4
PROBE CUST day=225 id=co_lead_91_30 sat=55 tol=47 target=55 trust=0.0 phase=active streak=0 cd=-1 mrr=860 bugs=4
PROBE CUST day=225 id=co_lead_97_33 sat=55 tol=42 target=55 trust=0.0 phase=active streak=0 cd=-1 mrr=860 bugs=4
PROBE CUST day=225 id=co_lead_107_38 sat=55 tol=51 target=55 trust=0.0 phase=active streak=0 cd=-1 mrr=2420 bugs=4
PROBE CUST day=225 id=co_lead_110_39 sat=55 tol=51 target=55 trust=0.0 phase=active streak=0 cd=-1 mrr=2420 bugs=4
PROBE CUST day=225 id=co_lead_113_40 sat=55 tol=42 target=55 trust=0.0 phase=active streak=0 cd=-1 mrr=860 bugs=4
PROBE CUST day=225 id=co_lead_113_41 sat=55 tol=51 target=55 trust=0.0 phase=active streak=0 cd=-1 mrr=2420 bugs=4
PROBE CUST day=225 id=co_lead_123_45 sat=55 tol=42 target=55 trust=0.0 phase=active streak=0 cd=-1 mrr=860 bugs=4
PROBE CUST day=225 id=co_lead_128_46 sat=55 tol=42 target=55 trust=0.0 phase=active streak=0 cd=-1 mrr=785 bugs=4
PROBE CUST day=225 id=co_lead_128_47 sat=55 tol=51 target=55 trust=0.0 phase=active streak=0 cd=-1 mrr=2720 bugs=4
PROBE CUST day=225 id=co_lead_134_49 sat=55 tol=45 target=55 trust=0.0 phase=active streak=0 cd=-1 mrr=860 bugs=4
PROBE CUST day=225 id=co_lead_145_54 sat=55 tol=47 target=55 trust=0.0 phase=active streak=0 cd=-1 mrr=860 bugs=4
PROBE CUST day=225 id=co_lead_153_56 sat=55 tol=51 target=55 trust=0.0 phase=active streak=0 cd=-1 mrr=2420 bugs=4
PROBE CUST day=225 id=co_lead_159_60 sat=55 tol=45 target=55 trust=0.0 phase=active streak=0 cd=-1 mrr=785 bugs=4
PROBE CUST day=225 id=co_lead_164_61 sat=55 tol=45 target=55 trust=0.0 phase=active streak=0 cd=-1 mrr=860 bugs=4
PROBE SAT day=225 satisfied=25/25 target=55
[HRSystem] Daily tick — 1 employees (0 izinde)
[SalesSystem] Daily tick — MRR $32495
[TimeManager] Daily tick — Day 226 (Δ 17 ms)
PROBE STATE day=226 cash=95336 mrr=32495 brand=50 burn=260 runway=INF cust=25 emp=1 promises=4 phase=2 aud=0 sat=-1 bugs=4 q=41.0 appetite=closed streak=0/3 profit_streak=4
PROBE CUST day=226 id=co_lead_31_4 sat=55 tol=47 target=55 trust=0.0 phase=active streak=0 cd=-1 mrr=785 bugs=4
PROBE CUST day=226 id=co_lead_31_5 sat=55 tol=47 target=55 trust=0.0 phase=active streak=0 cd=-1 mrr=860 bugs=4
PROBE CUST day=226 id=co_lead_37_7 sat=55 tol=42 target=55 trust=0.0 phase=active streak=0 cd=-1 mrr=860 bugs=4
PROBE CUST day=226 id=co_lead_51_13 sat=55 tol=51 target=55 trust=0.0 phase=active streak=0 cd=-1 mrr=2420 bugs=4
PROBE CUST day=226 id=co_lead_58_16 sat=55 tol=42 target=55 trust=0.0 phase=active streak=0 cd=-1 mrr=785 bugs=4
PROBE CUST day=226 id=co_lead_64_19 sat=55 tol=42 target=55 trust=0.0 phase=active streak=0 cd=-1 mrr=785 bugs=4
PROBE CUST day=226 id=co_lead_70_21 sat=55 tol=47 target=55 trust=0.0 phase=active streak=0 cd=-1 mrr=785 bugs=4
PROBE CUST day=226 id=co_lead_70_22 sat=55 tol=45 target=55 trust=0.0 phase=active streak=0 cd=-1 mrr=860 bugs=4
PROBE CUST day=226 id=co_lead_75_24 sat=55 tol=45 target=55 trust=0.0 phase=active streak=0 cd=-1 mrr=785 bugs=4
PROBE CUST day=226 id=co_lead_81_27 sat=55 tol=51 target=55 trust=0.0 phase=active streak=0 cd=-1 mrr=2720 bugs=4
PROBE CUST day=226 id=co_lead_86_28 sat=55 tol=47 target=55 trust=0.0 phase=active streak=0 cd=-1 mrr=860 bugs=4
PROBE CUST day=226 id=co_lead_91_30 sat=55 tol=47 target=55 trust=0.0 phase=active streak=0 cd=-1 mrr=860 bugs=4
PROBE CUST day=226 id=co_lead_97_33 sat=55 tol=42 target=55 trust=0.0 phase=active streak=0 cd=-1 mrr=860 bugs=4
PROBE CUST day=226 id=co_lead_107_38 sat=55 tol=51 target=55 trust=0.0 phase=active streak=0 cd=-1 mrr=2420 bugs=4
PROBE CUST day=226 id=co_lead_110_39 sat=55 tol=51 target=55 trust=0.0 phase=active streak=0 cd=-1 mrr=2420 bugs=4
PROBE CUST day=226 id=co_lead_113_40 sat=55 tol=42 target=55 trust=0.0 phase=active streak=0 cd=-1 mrr=860 bugs=4
PROBE CUST day=226 id=co_lead_113_41 sat=55 tol=51 target=55 trust=0.0 phase=active streak=0 cd=-1 mrr=2420 bugs=4
PROBE CUST day=226 id=co_lead_123_45 sat=55 tol=42 target=55 trust=0.0 phase=active streak=0 cd=-1 mrr=860 bugs=4
PROBE CUST day=226 id=co_lead_128_46 sat=55 tol=42 target=55 trust=0.0 phase=active streak=0 cd=-1 mrr=785 bugs=4
PROBE CUST day=226 id=co_lead_128_47 sat=55 tol=51 target=55 trust=0.0 phase=active streak=0 cd=-1 mrr=2720 bugs=4
PROBE CUST day=226 id=co_lead_134_49 sat=55 tol=45 target=55 trust=0.0 phase=active streak=0 cd=-1 mrr=860 bugs=4
PROBE CUST day=226 id=co_lead_145_54 sat=55 tol=47 target=55 trust=0.0 phase=active streak=0 cd=-1 mrr=860 bugs=4
PROBE CUST day=226 id=co_lead_153_56 sat=55 tol=51 target=55 trust=0.0 phase=active streak=0 cd=-1 mrr=2420 bugs=4
PROBE CUST day=226 id=co_lead_159_60 sat=55 tol=45 target=55 trust=0.0 phase=active streak=0 cd=-1 mrr=785 bugs=4
PROBE CUST day=226 id=co_lead_164_61 sat=55 tol=45 target=55 trust=0.0 phase=active streak=0 cd=-1 mrr=860 bugs=4
PROBE SAT day=226 satisfied=25/25 target=55
PROBE FIRE day=226 hour=9 id=ev_ps_referral_b2b src=pool
[EventManager] Eligible: ev_ps_referral_b2b
[EventManager] Modal requested: ev_ps_referral_b2b
PROBE PICK day=226 id=ev_ps_referral_b2b choice=0 label=Kabul et — özellik sözü ver
[EventManager] Resolved: ev_ps_referral_b2b choice 0
[HRSystem] Daily tick — 1 employees (0 izinde)
[SalesSystem] Daily tick — MRR $32495
[TimeManager] Daily tick — Day 227 (Δ 16 ms)
PROBE STATE day=227 cash=95759 mrr=32495 brand=50 burn=260 runway=INF cust=25 emp=1 promises=4 phase=2 aud=0 sat=-1 bugs=5 q=40.7 appetite=closed streak=0/3 profit_streak=4
PROBE CUST day=227 id=co_lead_31_4 sat=55 tol=47 target=55 trust=0.0 phase=active streak=0 cd=-1 mrr=785 bugs=5
PROBE CUST day=227 id=co_lead_31_5 sat=55 tol=47 target=55 trust=0.0 phase=active streak=0 cd=-1 mrr=860 bugs=5
PROBE CUST day=227 id=co_lead_37_7 sat=55 tol=42 target=55 trust=0.0 phase=active streak=0 cd=-1 mrr=860 bugs=5
PROBE CUST day=227 id=co_lead_51_13 sat=55 tol=51 target=55 trust=0.0 phase=active streak=0 cd=-1 mrr=2420 bugs=5
PROBE CUST day=227 id=co_lead_58_16 sat=55 tol=42 target=55 trust=0.0 phase=active streak=0 cd=-1 mrr=785 bugs=5
PROBE CUST day=227 id=co_lead_64_19 sat=55 tol=42 target=55 trust=0.0 phase=active streak=0 cd=-1 mrr=785 bugs=5
PROBE CUST day=227 id=co_lead_70_21 sat=55 tol=47 target=55 trust=0.0 phase=active streak=0 cd=-1 mrr=785 bugs=5
PROBE CUST day=227 id=co_lead_70_22 sat=55 tol=45 target=55 trust=0.0 phase=active streak=0 cd=-1 mrr=860 bugs=5
PROBE CUST day=227 id=co_lead_75_24 sat=55 tol=45 target=55 trust=0.0 phase=active streak=0 cd=-1 mrr=785 bugs=5
PROBE CUST day=227 id=co_lead_81_27 sat=55 tol=51 target=55 trust=0.0 phase=active streak=0 cd=-1 mrr=2720 bugs=5
PROBE CUST day=227 id=co_lead_86_28 sat=55 tol=47 target=55 trust=0.0 phase=active streak=0 cd=-1 mrr=860 bugs=5
PROBE CUST day=227 id=co_lead_91_30 sat=55 tol=47 target=55 trust=0.0 phase=active streak=0 cd=-1 mrr=860 bugs=5
PROBE CUST day=227 id=co_lead_97_33 sat=55 tol=42 target=55 trust=0.0 phase=active streak=0 cd=-1 mrr=860 bugs=5
PROBE CUST day=227 id=co_lead_107_38 sat=55 tol=51 target=55 trust=0.0 phase=active streak=0 cd=-1 mrr=2420 bugs=5
PROBE CUST day=227 id=co_lead_110_39 sat=55 tol=51 target=55 trust=0.0 phase=active streak=0 cd=-1 mrr=2420 bugs=5
PROBE CUST day=227 id=co_lead_113_40 sat=55 tol=42 target=55 trust=0.0 phase=active streak=0 cd=-1 mrr=860 bugs=5
PROBE CUST day=227 id=co_lead_113_41 sat=55 tol=51 target=55 trust=0.0 phase=active streak=0 cd=-1 mrr=2420 bugs=5
PROBE CUST day=227 id=co_lead_123_45 sat=55 tol=42 target=55 trust=0.0 phase=active streak=0 cd=-1 mrr=860 bugs=5
PROBE CUST day=227 id=co_lead_128_46 sat=55 tol=42 target=55 trust=0.0 phase=active streak=0 cd=-1 mrr=785 bugs=5
PROBE CUST day=227 id=co_lead_128_47 sat=55 tol=51 target=55 trust=0.0 phase=active streak=0 cd=-1 mrr=2720 bugs=5
PROBE CUST day=227 id=co_lead_134_49 sat=55 tol=45 target=55 trust=0.0 phase=active streak=0 cd=-1 mrr=860 bugs=5
PROBE CUST day=227 id=co_lead_145_54 sat=55 tol=47 target=55 trust=0.0 phase=active streak=0 cd=-1 mrr=860 bugs=5
PROBE CUST day=227 id=co_lead_153_56 sat=55 tol=51 target=55 trust=0.0 phase=active streak=0 cd=-1 mrr=2420 bugs=5
PROBE CUST day=227 id=co_lead_159_60 sat=55 tol=45 target=55 trust=0.0 phase=active streak=0 cd=-1 mrr=785 bugs=5
PROBE CUST day=227 id=co_lead_164_61 sat=55 tol=45 target=55 trust=0.0 phase=active streak=0 cd=-1 mrr=860 bugs=5
PROBE SAT day=227 satisfied=25/25 target=55
[HRSystem] Daily tick — 1 employees (0 izinde)
[SalesSystem] Daily tick — MRR $32495
[TimeManager] Daily tick — Day 228 (Δ 15 ms)
[ProductSystem] Bug sprint started: 6 bugs, 2 days
PROBE PLAY day=228 bug_sprint bugs=6
PROBE STATE day=228 cash=96582 mrr=32495 brand=50 burn=260 runway=INF cust=25 emp=1 promises=4 phase=2 aud=0 sat=-1 bugs=6 q=40.4 appetite=closed streak=0/3 profit_streak=4
PROBE CUST day=228 id=co_lead_31_4 sat=54 tol=47 target=54 trust=0.0 phase=active streak=0 cd=-1 mrr=785 bugs=6
PROBE CUST day=228 id=co_lead_31_5 sat=54 tol=47 target=54 trust=0.0 phase=active streak=0 cd=-1 mrr=860 bugs=6
PROBE CUST day=228 id=co_lead_37_7 sat=54 tol=42 target=54 trust=0.0 phase=active streak=0 cd=-1 mrr=860 bugs=6
PROBE CUST day=228 id=co_lead_51_13 sat=54 tol=51 target=54 trust=0.0 phase=active streak=0 cd=-1 mrr=2420 bugs=6
PROBE CUST day=228 id=co_lead_58_16 sat=54 tol=42 target=54 trust=0.0 phase=active streak=0 cd=-1 mrr=785 bugs=6
PROBE CUST day=228 id=co_lead_64_19 sat=54 tol=42 target=54 trust=0.0 phase=active streak=0 cd=-1 mrr=785 bugs=6
PROBE CUST day=228 id=co_lead_70_21 sat=54 tol=47 target=54 trust=0.0 phase=active streak=0 cd=-1 mrr=785 bugs=6
PROBE CUST day=228 id=co_lead_70_22 sat=54 tol=45 target=54 trust=0.0 phase=active streak=0 cd=-1 mrr=860 bugs=6
PROBE CUST day=228 id=co_lead_75_24 sat=54 tol=45 target=54 trust=0.0 phase=active streak=0 cd=-1 mrr=785 bugs=6
PROBE CUST day=228 id=co_lead_81_27 sat=54 tol=51 target=54 trust=0.0 phase=active streak=0 cd=-1 mrr=2720 bugs=6
PROBE CUST day=228 id=co_lead_86_28 sat=54 tol=47 target=54 trust=0.0 phase=active streak=0 cd=-1 mrr=860 bugs=6
PROBE CUST day=228 id=co_lead_91_30 sat=54 tol=47 target=54 trust=0.0 phase=active streak=0 cd=-1 mrr=860 bugs=6
PROBE CUST day=228 id=co_lead_97_33 sat=54 tol=42 target=54 trust=0.0 phase=active streak=0 cd=-1 mrr=860 bugs=6
PROBE CUST day=228 id=co_lead_107_38 sat=54 tol=51 target=54 trust=0.0 phase=active streak=0 cd=-1 mrr=2420 bugs=6
PROBE CUST day=228 id=co_lead_110_39 sat=54 tol=51 target=54 trust=0.0 phase=active streak=0 cd=-1 mrr=2420 bugs=6
PROBE CUST day=228 id=co_lead_113_40 sat=54 tol=42 target=54 trust=0.0 phase=active streak=0 cd=-1 mrr=860 bugs=6
PROBE CUST day=228 id=co_lead_113_41 sat=54 tol=51 target=54 trust=0.0 phase=active streak=0 cd=-1 mrr=2420 bugs=6
PROBE CUST day=228 id=co_lead_123_45 sat=54 tol=42 target=54 trust=0.0 phase=active streak=0 cd=-1 mrr=860 bugs=6
PROBE CUST day=228 id=co_lead_128_46 sat=54 tol=42 target=54 trust=0.0 phase=active streak=0 cd=-1 mrr=785 bugs=6
PROBE CUST day=228 id=co_lead_128_47 sat=54 tol=51 target=54 trust=0.0 phase=active streak=0 cd=-1 mrr=2720 bugs=6
PROBE CUST day=228 id=co_lead_134_49 sat=54 tol=45 target=54 trust=0.0 phase=active streak=0 cd=-1 mrr=860 bugs=6
PROBE CUST day=228 id=co_lead_145_54 sat=54 tol=47 target=54 trust=0.0 phase=active streak=0 cd=-1 mrr=860 bugs=6
PROBE CUST day=228 id=co_lead_153_56 sat=54 tol=51 target=54 trust=0.0 phase=active streak=0 cd=-1 mrr=2420 bugs=6
PROBE CUST day=228 id=co_lead_159_60 sat=54 tol=45 target=54 trust=0.0 phase=active streak=0 cd=-1 mrr=785 bugs=6
PROBE CUST day=228 id=co_lead_164_61 sat=54 tol=45 target=54 trust=0.0 phase=active streak=0 cd=-1 mrr=860 bugs=6
PROBE SAT day=228 satisfied=25/25 target=54
[HRSystem] Daily tick — 1 employees (0 izinde)
[SalesSystem] Daily tick — MRR $32495
[TimeManager] Daily tick — Day 229 (Δ 16 ms)
PROBE PLAY day=229 find_prospects (+2)
PROBE STATE day=229 cash=97405 mrr=32495 brand=50 burn=260 runway=INF cust=25 emp=1 promises=4 phase=2 aud=0 sat=-1 bugs=3 q=41.2 appetite=closed streak=0/3 profit_streak=4
PROBE CUST day=229 id=co_lead_31_4 sat=56 tol=47 target=56 trust=0.0 phase=active streak=0 cd=-1 mrr=785 bugs=3
PROBE CUST day=229 id=co_lead_31_5 sat=56 tol=47 target=56 trust=0.0 phase=active streak=0 cd=-1 mrr=860 bugs=3
PROBE CUST day=229 id=co_lead_37_7 sat=56 tol=42 target=56 trust=0.0 phase=active streak=0 cd=-1 mrr=860 bugs=3
PROBE CUST day=229 id=co_lead_51_13 sat=56 tol=51 target=56 trust=0.0 phase=active streak=0 cd=-1 mrr=2420 bugs=3
PROBE CUST day=229 id=co_lead_58_16 sat=56 tol=42 target=56 trust=0.0 phase=active streak=0 cd=-1 mrr=785 bugs=3
PROBE CUST day=229 id=co_lead_64_19 sat=56 tol=42 target=56 trust=0.0 phase=active streak=0 cd=-1 mrr=785 bugs=3
PROBE CUST day=229 id=co_lead_70_21 sat=56 tol=47 target=56 trust=0.0 phase=active streak=0 cd=-1 mrr=785 bugs=3
PROBE CUST day=229 id=co_lead_70_22 sat=56 tol=45 target=56 trust=0.0 phase=active streak=0 cd=-1 mrr=860 bugs=3
PROBE CUST day=229 id=co_lead_75_24 sat=56 tol=45 target=56 trust=0.0 phase=active streak=0 cd=-1 mrr=785 bugs=3
PROBE CUST day=229 id=co_lead_81_27 sat=56 tol=51 target=56 trust=0.0 phase=active streak=0 cd=-1 mrr=2720 bugs=3
PROBE CUST day=229 id=co_lead_86_28 sat=56 tol=47 target=56 trust=0.0 phase=active streak=0 cd=-1 mrr=860 bugs=3
PROBE CUST day=229 id=co_lead_91_30 sat=56 tol=47 target=56 trust=0.0 phase=active streak=0 cd=-1 mrr=860 bugs=3
PROBE CUST day=229 id=co_lead_97_33 sat=56 tol=42 target=56 trust=0.0 phase=active streak=0 cd=-1 mrr=860 bugs=3
PROBE CUST day=229 id=co_lead_107_38 sat=56 tol=51 target=56 trust=0.0 phase=active streak=0 cd=-1 mrr=2420 bugs=3
PROBE CUST day=229 id=co_lead_110_39 sat=56 tol=51 target=56 trust=0.0 phase=active streak=0 cd=-1 mrr=2420 bugs=3
PROBE CUST day=229 id=co_lead_113_40 sat=56 tol=42 target=56 trust=0.0 phase=active streak=0 cd=-1 mrr=860 bugs=3
PROBE CUST day=229 id=co_lead_113_41 sat=56 tol=51 target=56 trust=0.0 phase=active streak=0 cd=-1 mrr=2420 bugs=3
PROBE CUST day=229 id=co_lead_123_45 sat=56 tol=42 target=56 trust=0.0 phase=active streak=0 cd=-1 mrr=860 bugs=3
PROBE CUST day=229 id=co_lead_128_46 sat=56 tol=42 target=56 trust=0.0 phase=active streak=0 cd=-1 mrr=785 bugs=3
PROBE CUST day=229 id=co_lead_128_47 sat=56 tol=51 target=56 trust=0.0 phase=active streak=0 cd=-1 mrr=2720 bugs=3
PROBE CUST day=229 id=co_lead_134_49 sat=56 tol=45 target=56 trust=0.0 phase=active streak=0 cd=-1 mrr=860 bugs=3
PROBE CUST day=229 id=co_lead_145_54 sat=56 tol=47 target=56 trust=0.0 phase=active streak=0 cd=-1 mrr=860 bugs=3
PROBE CUST day=229 id=co_lead_153_56 sat=56 tol=51 target=56 trust=0.0 phase=active streak=0 cd=-1 mrr=2420 bugs=3
PROBE CUST day=229 id=co_lead_159_60 sat=56 tol=45 target=56 trust=0.0 phase=active streak=0 cd=-1 mrr=785 bugs=3
PROBE CUST day=229 id=co_lead_164_61 sat=56 tol=45 target=56 trust=0.0 phase=active streak=0 cd=-1 mrr=860 bugs=3
PROBE SAT day=229 satisfied=25/25 target=56
[ProductSystem] Bug sprint complete. live_bug now 0
[HRSystem] Daily tick — 1 employees (0 izinde)
[SalesSystem] Daily tick — MRR $32495
[TimeManager] Daily tick — Day 230 (Δ 14 ms)
PROBE STATE day=230 cash=98228 mrr=32495 brand=50 burn=260 runway=INF cust=25 emp=1 promises=4 phase=2 aud=0 sat=-1 bugs=0 q=42.0 appetite=closed streak=0/3 profit_streak=4
PROBE CUST day=230 id=co_lead_31_4 sat=58 tol=47 target=58 trust=0.0 phase=active streak=0 cd=-1 mrr=785 bugs=0
PROBE CUST day=230 id=co_lead_31_5 sat=58 tol=47 target=58 trust=0.0 phase=active streak=0 cd=-1 mrr=860 bugs=0
PROBE CUST day=230 id=co_lead_37_7 sat=58 tol=42 target=58 trust=0.0 phase=active streak=0 cd=-1 mrr=860 bugs=0
PROBE CUST day=230 id=co_lead_51_13 sat=58 tol=51 target=58 trust=0.0 phase=active streak=0 cd=-1 mrr=2420 bugs=0
PROBE CUST day=230 id=co_lead_58_16 sat=58 tol=42 target=58 trust=0.0 phase=active streak=0 cd=-1 mrr=785 bugs=0
PROBE CUST day=230 id=co_lead_64_19 sat=58 tol=42 target=58 trust=0.0 phase=active streak=0 cd=-1 mrr=785 bugs=0
PROBE CUST day=230 id=co_lead_70_21 sat=58 tol=47 target=58 trust=0.0 phase=active streak=0 cd=-1 mrr=785 bugs=0
PROBE CUST day=230 id=co_lead_70_22 sat=58 tol=45 target=58 trust=0.0 phase=active streak=0 cd=-1 mrr=860 bugs=0
PROBE CUST day=230 id=co_lead_75_24 sat=58 tol=45 target=58 trust=0.0 phase=active streak=0 cd=-1 mrr=785 bugs=0
PROBE CUST day=230 id=co_lead_81_27 sat=58 tol=51 target=58 trust=0.0 phase=active streak=0 cd=-1 mrr=2720 bugs=0
PROBE CUST day=230 id=co_lead_86_28 sat=58 tol=47 target=58 trust=0.0 phase=active streak=0 cd=-1 mrr=860 bugs=0
PROBE CUST day=230 id=co_lead_91_30 sat=58 tol=47 target=58 trust=0.0 phase=active streak=0 cd=-1 mrr=860 bugs=0
PROBE CUST day=230 id=co_lead_97_33 sat=58 tol=42 target=58 trust=0.0 phase=active streak=0 cd=-1 mrr=860 bugs=0
PROBE CUST day=230 id=co_lead_107_38 sat=58 tol=51 target=58 trust=0.0 phase=active streak=0 cd=-1 mrr=2420 bugs=0
PROBE CUST day=230 id=co_lead_110_39 sat=58 tol=51 target=58 trust=0.0 phase=active streak=0 cd=-1 mrr=2420 bugs=0
PROBE CUST day=230 id=co_lead_113_40 sat=58 tol=42 target=58 trust=0.0 phase=active streak=0 cd=-1 mrr=860 bugs=0
PROBE CUST day=230 id=co_lead_113_41 sat=58 tol=51 target=58 trust=0.0 phase=active streak=0 cd=-1 mrr=2420 bugs=0
PROBE CUST day=230 id=co_lead_123_45 sat=58 tol=42 target=58 trust=0.0 phase=active streak=0 cd=-1 mrr=860 bugs=0
PROBE CUST day=230 id=co_lead_128_46 sat=58 tol=42 target=58 trust=0.0 phase=active streak=0 cd=-1 mrr=785 bugs=0
PROBE CUST day=230 id=co_lead_128_47 sat=58 tol=51 target=58 trust=0.0 phase=active streak=0 cd=-1 mrr=2720 bugs=0
PROBE CUST day=230 id=co_lead_134_49 sat=58 tol=45 target=58 trust=0.0 phase=active streak=0 cd=-1 mrr=860 bugs=0
PROBE CUST day=230 id=co_lead_145_54 sat=58 tol=47 target=58 trust=0.0 phase=active streak=0 cd=-1 mrr=860 bugs=0
PROBE CUST day=230 id=co_lead_153_56 sat=58 tol=51 target=58 trust=0.0 phase=active streak=0 cd=-1 mrr=2420 bugs=0
PROBE CUST day=230 id=co_lead_159_60 sat=58 tol=45 target=58 trust=0.0 phase=active streak=0 cd=-1 mrr=785 bugs=0
PROBE CUST day=230 id=co_lead_164_61 sat=58 tol=45 target=58 trust=0.0 phase=active streak=0 cd=-1 mrr=860 bugs=0
PROBE SAT day=230 satisfied=25/25 target=58
[HRSystem] Daily tick — 1 employees (0 izinde)
[SalesSystem] Daily tick — MRR $32495
[TimeManager] Daily tick — Day 231 (Δ 17 ms)
PROBE STATE day=231 cash=99051 mrr=32495 brand=50 burn=260 runway=INF cust=25 emp=1 promises=4 phase=2 aud=0 sat=-1 bugs=0 q=42.0 appetite=closed streak=0/3 profit_streak=4
PROBE CUST day=231 id=co_lead_31_4 sat=58 tol=47 target=58 trust=0.0 phase=active streak=0 cd=-1 mrr=785 bugs=0
PROBE CUST day=231 id=co_lead_31_5 sat=58 tol=47 target=58 trust=0.0 phase=active streak=0 cd=-1 mrr=860 bugs=0
PROBE CUST day=231 id=co_lead_37_7 sat=58 tol=42 target=58 trust=0.0 phase=active streak=0 cd=-1 mrr=860 bugs=0
PROBE CUST day=231 id=co_lead_51_13 sat=58 tol=51 target=58 trust=0.0 phase=active streak=0 cd=-1 mrr=2420 bugs=0
PROBE CUST day=231 id=co_lead_58_16 sat=58 tol=42 target=58 trust=0.0 phase=active streak=0 cd=-1 mrr=785 bugs=0
PROBE CUST day=231 id=co_lead_64_19 sat=58 tol=42 target=58 trust=0.0 phase=active streak=0 cd=-1 mrr=785 bugs=0
PROBE CUST day=231 id=co_lead_70_21 sat=58 tol=47 target=58 trust=0.0 phase=active streak=0 cd=-1 mrr=785 bugs=0
PROBE CUST day=231 id=co_lead_70_22 sat=58 tol=45 target=58 trust=0.0 phase=active streak=0 cd=-1 mrr=860 bugs=0
PROBE CUST day=231 id=co_lead_75_24 sat=58 tol=45 target=58 trust=0.0 phase=active streak=0 cd=-1 mrr=785 bugs=0
PROBE CUST day=231 id=co_lead_81_27 sat=58 tol=51 target=58 trust=0.0 phase=active streak=0 cd=-1 mrr=2720 bugs=0
PROBE CUST day=231 id=co_lead_86_28 sat=58 tol=47 target=58 trust=0.0 phase=active streak=0 cd=-1 mrr=860 bugs=0
PROBE CUST day=231 id=co_lead_91_30 sat=58 tol=47 target=58 trust=0.0 phase=active streak=0 cd=-1 mrr=860 bugs=0
PROBE CUST day=231 id=co_lead_97_33 sat=58 tol=42 target=58 trust=0.0 phase=active streak=0 cd=-1 mrr=860 bugs=0
PROBE CUST day=231 id=co_lead_107_38 sat=58 tol=51 target=58 trust=0.0 phase=active streak=0 cd=-1 mrr=2420 bugs=0
PROBE CUST day=231 id=co_lead_110_39 sat=58 tol=51 target=58 trust=0.0 phase=active streak=0 cd=-1 mrr=2420 bugs=0
PROBE CUST day=231 id=co_lead_113_40 sat=58 tol=42 target=58 trust=0.0 phase=active streak=0 cd=-1 mrr=860 bugs=0
PROBE CUST day=231 id=co_lead_113_41 sat=58 tol=51 target=58 trust=0.0 phase=active streak=0 cd=-1 mrr=2420 bugs=0
PROBE CUST day=231 id=co_lead_123_45 sat=58 tol=42 target=58 trust=0.0 phase=active streak=0 cd=-1 mrr=860 bugs=0
PROBE CUST day=231 id=co_lead_128_46 sat=58 tol=42 target=58 trust=0.0 phase=active streak=0 cd=-1 mrr=785 bugs=0
PROBE CUST day=231 id=co_lead_128_47 sat=58 tol=51 target=58 trust=0.0 phase=active streak=0 cd=-1 mrr=2720 bugs=0
PROBE CUST day=231 id=co_lead_134_49 sat=58 tol=45 target=58 trust=0.0 phase=active streak=0 cd=-1 mrr=860 bugs=0
PROBE CUST day=231 id=co_lead_145_54 sat=58 tol=47 target=58 trust=0.0 phase=active streak=0 cd=-1 mrr=860 bugs=0
PROBE CUST day=231 id=co_lead_153_56 sat=58 tol=51 target=58 trust=0.0 phase=active streak=0 cd=-1 mrr=2420 bugs=0
PROBE CUST day=231 id=co_lead_159_60 sat=58 tol=45 target=58 trust=0.0 phase=active streak=0 cd=-1 mrr=785 bugs=0
PROBE CUST day=231 id=co_lead_164_61 sat=58 tol=45 target=58 trust=0.0 phase=active streak=0 cd=-1 mrr=860 bugs=0
PROBE SAT day=231 satisfied=25/25 target=58
[HRSystem] Daily tick — 1 employees (0 izinde)
[SalesSystem] Daily tick — MRR $32495
[TimeManager] Daily tick — Day 232 (Δ 14 ms)
PROBE STATE day=232 cash=99874 mrr=32495 brand=50 burn=260 runway=INF cust=25 emp=1 promises=4 phase=2 aud=0 sat=-1 bugs=1 q=41.7 appetite=closed streak=0/3 profit_streak=4
PROBE CUST day=232 id=co_lead_31_4 sat=57 tol=47 target=57 trust=0.0 phase=active streak=0 cd=-1 mrr=785 bugs=1
PROBE CUST day=232 id=co_lead_31_5 sat=57 tol=47 target=57 trust=0.0 phase=active streak=0 cd=-1 mrr=860 bugs=1
PROBE CUST day=232 id=co_lead_37_7 sat=57 tol=42 target=57 trust=0.0 phase=active streak=0 cd=-1 mrr=860 bugs=1
PROBE CUST day=232 id=co_lead_51_13 sat=57 tol=51 target=57 trust=0.0 phase=active streak=0 cd=-1 mrr=2420 bugs=1
PROBE CUST day=232 id=co_lead_58_16 sat=57 tol=42 target=57 trust=0.0 phase=active streak=0 cd=-1 mrr=785 bugs=1
PROBE CUST day=232 id=co_lead_64_19 sat=57 tol=42 target=57 trust=0.0 phase=active streak=0 cd=-1 mrr=785 bugs=1
PROBE CUST day=232 id=co_lead_70_21 sat=57 tol=47 target=57 trust=0.0 phase=active streak=0 cd=-1 mrr=785 bugs=1
PROBE CUST day=232 id=co_lead_70_22 sat=57 tol=45 target=57 trust=0.0 phase=active streak=0 cd=-1 mrr=860 bugs=1
PROBE CUST day=232 id=co_lead_75_24 sat=57 tol=45 target=57 trust=0.0 phase=active streak=0 cd=-1 mrr=785 bugs=1
PROBE CUST day=232 id=co_lead_81_27 sat=57 tol=51 target=57 trust=0.0 phase=active streak=0 cd=-1 mrr=2720 bugs=1
PROBE CUST day=232 id=co_lead_86_28 sat=57 tol=47 target=57 trust=0.0 phase=active streak=0 cd=-1 mrr=860 bugs=1
PROBE CUST day=232 id=co_lead_91_30 sat=57 tol=47 target=57 trust=0.0 phase=active streak=0 cd=-1 mrr=860 bugs=1
PROBE CUST day=232 id=co_lead_97_33 sat=57 tol=42 target=57 trust=0.0 phase=active streak=0 cd=-1 mrr=860 bugs=1
PROBE CUST day=232 id=co_lead_107_38 sat=57 tol=51 target=57 trust=0.0 phase=active streak=0 cd=-1 mrr=2420 bugs=1
PROBE CUST day=232 id=co_lead_110_39 sat=57 tol=51 target=57 trust=0.0 phase=active streak=0 cd=-1 mrr=2420 bugs=1
PROBE CUST day=232 id=co_lead_113_40 sat=57 tol=42 target=57 trust=0.0 phase=active streak=0 cd=-1 mrr=860 bugs=1
PROBE CUST day=232 id=co_lead_113_41 sat=57 tol=51 target=57 trust=0.0 phase=active streak=0 cd=-1 mrr=2420 bugs=1
PROBE CUST day=232 id=co_lead_123_45 sat=57 tol=42 target=57 trust=0.0 phase=active streak=0 cd=-1 mrr=860 bugs=1
PROBE CUST day=232 id=co_lead_128_46 sat=57 tol=42 target=57 trust=0.0 phase=active streak=0 cd=-1 mrr=785 bugs=1
PROBE CUST day=232 id=co_lead_128_47 sat=57 tol=51 target=57 trust=0.0 phase=active streak=0 cd=-1 mrr=2720 bugs=1
PROBE CUST day=232 id=co_lead_134_49 sat=57 tol=45 target=57 trust=0.0 phase=active streak=0 cd=-1 mrr=860 bugs=1
PROBE CUST day=232 id=co_lead_145_54 sat=57 tol=47 target=57 trust=0.0 phase=active streak=0 cd=-1 mrr=860 bugs=1
PROBE CUST day=232 id=co_lead_153_56 sat=57 tol=51 target=57 trust=0.0 phase=active streak=0 cd=-1 mrr=2420 bugs=1
PROBE CUST day=232 id=co_lead_159_60 sat=57 tol=45 target=57 trust=0.0 phase=active streak=0 cd=-1 mrr=785 bugs=1
PROBE CUST day=232 id=co_lead_164_61 sat=57 tol=45 target=57 trust=0.0 phase=active streak=0 cd=-1 mrr=860 bugs=1
PROBE SAT day=232 satisfied=25/25 target=57
[HRSystem] Daily tick — 1 employees (0 izinde)
[SalesSystem] Daily tick — MRR $32495
[TimeManager] Daily tick — Day 233 (Δ 18 ms)
PROBE STATE day=233 cash=100697 mrr=32495 brand=50 burn=260 runway=INF cust=25 emp=1 promises=4 phase=2 aud=0 sat=-1 bugs=2 q=41.4 appetite=closed streak=0/3 profit_streak=4
PROBE CUST day=233 id=co_lead_31_4 sat=56 tol=47 target=56 trust=0.0 phase=active streak=0 cd=-1 mrr=785 bugs=2
PROBE CUST day=233 id=co_lead_31_5 sat=56 tol=47 target=56 trust=0.0 phase=active streak=0 cd=-1 mrr=860 bugs=2
PROBE CUST day=233 id=co_lead_37_7 sat=56 tol=42 target=56 trust=0.0 phase=active streak=0 cd=-1 mrr=860 bugs=2
PROBE CUST day=233 id=co_lead_51_13 sat=56 tol=51 target=56 trust=0.0 phase=active streak=0 cd=-1 mrr=2420 bugs=2
PROBE CUST day=233 id=co_lead_58_16 sat=56 tol=42 target=56 trust=0.0 phase=active streak=0 cd=-1 mrr=785 bugs=2
PROBE CUST day=233 id=co_lead_64_19 sat=56 tol=42 target=56 trust=0.0 phase=active streak=0 cd=-1 mrr=785 bugs=2
PROBE CUST day=233 id=co_lead_70_21 sat=56 tol=47 target=56 trust=0.0 phase=active streak=0 cd=-1 mrr=785 bugs=2
PROBE CUST day=233 id=co_lead_70_22 sat=56 tol=45 target=56 trust=0.0 phase=active streak=0 cd=-1 mrr=860 bugs=2
PROBE CUST day=233 id=co_lead_75_24 sat=56 tol=45 target=56 trust=0.0 phase=active streak=0 cd=-1 mrr=785 bugs=2
PROBE CUST day=233 id=co_lead_81_27 sat=56 tol=51 target=56 trust=0.0 phase=active streak=0 cd=-1 mrr=2720 bugs=2
PROBE CUST day=233 id=co_lead_86_28 sat=56 tol=47 target=56 trust=0.0 phase=active streak=0 cd=-1 mrr=860 bugs=2
PROBE CUST day=233 id=co_lead_91_30 sat=56 tol=47 target=56 trust=0.0 phase=active streak=0 cd=-1 mrr=860 bugs=2
PROBE CUST day=233 id=co_lead_97_33 sat=56 tol=42 target=56 trust=0.0 phase=active streak=0 cd=-1 mrr=860 bugs=2
PROBE CUST day=233 id=co_lead_107_38 sat=56 tol=51 target=56 trust=0.0 phase=active streak=0 cd=-1 mrr=2420 bugs=2
PROBE CUST day=233 id=co_lead_110_39 sat=56 tol=51 target=56 trust=0.0 phase=active streak=0 cd=-1 mrr=2420 bugs=2
PROBE CUST day=233 id=co_lead_113_40 sat=56 tol=42 target=56 trust=0.0 phase=active streak=0 cd=-1 mrr=860 bugs=2
PROBE CUST day=233 id=co_lead_113_41 sat=56 tol=51 target=56 trust=0.0 phase=active streak=0 cd=-1 mrr=2420 bugs=2
PROBE CUST day=233 id=co_lead_123_45 sat=56 tol=42 target=56 trust=0.0 phase=active streak=0 cd=-1 mrr=860 bugs=2
PROBE CUST day=233 id=co_lead_128_46 sat=56 tol=42 target=56 trust=0.0 phase=active streak=0 cd=-1 mrr=785 bugs=2
PROBE CUST day=233 id=co_lead_128_47 sat=56 tol=51 target=56 trust=0.0 phase=active streak=0 cd=-1 mrr=2720 bugs=2
PROBE CUST day=233 id=co_lead_134_49 sat=56 tol=45 target=56 trust=0.0 phase=active streak=0 cd=-1 mrr=860 bugs=2
PROBE CUST day=233 id=co_lead_145_54 sat=56 tol=47 target=56 trust=0.0 phase=active streak=0 cd=-1 mrr=860 bugs=2
PROBE CUST day=233 id=co_lead_153_56 sat=56 tol=51 target=56 trust=0.0 phase=active streak=0 cd=-1 mrr=2420 bugs=2
PROBE CUST day=233 id=co_lead_159_60 sat=56 tol=45 target=56 trust=0.0 phase=active streak=0 cd=-1 mrr=785 bugs=2
PROBE CUST day=233 id=co_lead_164_61 sat=56 tol=45 target=56 trust=0.0 phase=active streak=0 cd=-1 mrr=860 bugs=2
PROBE SAT day=233 satisfied=25/25 target=56
[HRSystem] Daily tick — 1 employees (0 izinde)
[SalesSystem] Daily tick — MRR $32495
[TimeManager] Daily tick — Day 234 (Δ 16 ms)
PROBE PLAY day=234 find_prospects (+2)
PROBE STATE day=234 cash=101520 mrr=32495 brand=50 burn=260 runway=INF cust=25 emp=1 promises=4 phase=2 aud=0 sat=-1 bugs=2 q=41.4 appetite=closed streak=0/3 profit_streak=4
PROBE CUST day=234 id=co_lead_31_4 sat=56 tol=47 target=56 trust=0.0 phase=active streak=0 cd=-1 mrr=785 bugs=2
PROBE CUST day=234 id=co_lead_31_5 sat=56 tol=47 target=56 trust=0.0 phase=active streak=0 cd=-1 mrr=860 bugs=2
PROBE CUST day=234 id=co_lead_37_7 sat=56 tol=42 target=56 trust=0.0 phase=active streak=0 cd=-1 mrr=860 bugs=2
PROBE CUST day=234 id=co_lead_51_13 sat=56 tol=51 target=56 trust=0.0 phase=active streak=0 cd=-1 mrr=2420 bugs=2
PROBE CUST day=234 id=co_lead_58_16 sat=56 tol=42 target=56 trust=0.0 phase=active streak=0 cd=-1 mrr=785 bugs=2
PROBE CUST day=234 id=co_lead_64_19 sat=56 tol=42 target=56 trust=0.0 phase=active streak=0 cd=-1 mrr=785 bugs=2
PROBE CUST day=234 id=co_lead_70_21 sat=56 tol=47 target=56 trust=0.0 phase=active streak=0 cd=-1 mrr=785 bugs=2
PROBE CUST day=234 id=co_lead_70_22 sat=56 tol=45 target=56 trust=0.0 phase=active streak=0 cd=-1 mrr=860 bugs=2
PROBE CUST day=234 id=co_lead_75_24 sat=56 tol=45 target=56 trust=0.0 phase=active streak=0 cd=-1 mrr=785 bugs=2
PROBE CUST day=234 id=co_lead_81_27 sat=56 tol=51 target=56 trust=0.0 phase=active streak=0 cd=-1 mrr=2720 bugs=2
PROBE CUST day=234 id=co_lead_86_28 sat=56 tol=47 target=56 trust=0.0 phase=active streak=0 cd=-1 mrr=860 bugs=2
PROBE CUST day=234 id=co_lead_91_30 sat=56 tol=47 target=56 trust=0.0 phase=active streak=0 cd=-1 mrr=860 bugs=2
PROBE CUST day=234 id=co_lead_97_33 sat=56 tol=42 target=56 trust=0.0 phase=active streak=0 cd=-1 mrr=860 bugs=2
PROBE CUST day=234 id=co_lead_107_38 sat=56 tol=51 target=56 trust=0.0 phase=active streak=0 cd=-1 mrr=2420 bugs=2
PROBE CUST day=234 id=co_lead_110_39 sat=56 tol=51 target=56 trust=0.0 phase=active streak=0 cd=-1 mrr=2420 bugs=2
PROBE CUST day=234 id=co_lead_113_40 sat=56 tol=42 target=56 trust=0.0 phase=active streak=0 cd=-1 mrr=860 bugs=2
PROBE CUST day=234 id=co_lead_113_41 sat=56 tol=51 target=56 trust=0.0 phase=active streak=0 cd=-1 mrr=2420 bugs=2
PROBE CUST day=234 id=co_lead_123_45 sat=56 tol=42 target=56 trust=0.0 phase=active streak=0 cd=-1 mrr=860 bugs=2
PROBE CUST day=234 id=co_lead_128_46 sat=56 tol=42 target=56 trust=0.0 phase=active streak=0 cd=-1 mrr=785 bugs=2
PROBE CUST day=234 id=co_lead_128_47 sat=56 tol=51 target=56 trust=0.0 phase=active streak=0 cd=-1 mrr=2720 bugs=2
PROBE CUST day=234 id=co_lead_134_49 sat=56 tol=45 target=56 trust=0.0 phase=active streak=0 cd=-1 mrr=860 bugs=2
PROBE CUST day=234 id=co_lead_145_54 sat=56 tol=47 target=56 trust=0.0 phase=active streak=0 cd=-1 mrr=860 bugs=2
PROBE CUST day=234 id=co_lead_153_56 sat=56 tol=51 target=56 trust=0.0 phase=active streak=0 cd=-1 mrr=2420 bugs=2
PROBE CUST day=234 id=co_lead_159_60 sat=56 tol=45 target=56 trust=0.0 phase=active streak=0 cd=-1 mrr=785 bugs=2
PROBE CUST day=234 id=co_lead_164_61 sat=56 tol=45 target=56 trust=0.0 phase=active streak=0 cd=-1 mrr=860 bugs=2
PROBE SAT day=234 satisfied=25/25 target=56
[HRSystem] Daily tick — 1 employees (0 izinde)
[SalesSystem] Daily tick — MRR $32495
[TimeManager] Daily tick — Day 235 (Δ 15 ms)
PROBE STATE day=235 cash=102343 mrr=32495 brand=50 burn=260 runway=INF cust=25 emp=1 promises=4 phase=2 aud=0 sat=-1 bugs=3 q=41.1 appetite=closed streak=0/3 profit_streak=4
PROBE CUST day=235 id=co_lead_31_4 sat=56 tol=47 target=56 trust=0.0 phase=active streak=0 cd=-1 mrr=785 bugs=3
PROBE CUST day=235 id=co_lead_31_5 sat=56 tol=47 target=56 trust=0.0 phase=active streak=0 cd=-1 mrr=860 bugs=3
PROBE CUST day=235 id=co_lead_37_7 sat=56 tol=42 target=56 trust=0.0 phase=active streak=0 cd=-1 mrr=860 bugs=3
PROBE CUST day=235 id=co_lead_51_13 sat=56 tol=51 target=56 trust=0.0 phase=active streak=0 cd=-1 mrr=2420 bugs=3
PROBE CUST day=235 id=co_lead_58_16 sat=56 tol=42 target=56 trust=0.0 phase=active streak=0 cd=-1 mrr=785 bugs=3
PROBE CUST day=235 id=co_lead_64_19 sat=56 tol=42 target=56 trust=0.0 phase=active streak=0 cd=-1 mrr=785 bugs=3
PROBE CUST day=235 id=co_lead_70_21 sat=56 tol=47 target=56 trust=0.0 phase=active streak=0 cd=-1 mrr=785 bugs=3
PROBE CUST day=235 id=co_lead_70_22 sat=56 tol=45 target=56 trust=0.0 phase=active streak=0 cd=-1 mrr=860 bugs=3
PROBE CUST day=235 id=co_lead_75_24 sat=56 tol=45 target=56 trust=0.0 phase=active streak=0 cd=-1 mrr=785 bugs=3
PROBE CUST day=235 id=co_lead_81_27 sat=56 tol=51 target=56 trust=0.0 phase=active streak=0 cd=-1 mrr=2720 bugs=3
PROBE CUST day=235 id=co_lead_86_28 sat=56 tol=47 target=56 trust=0.0 phase=active streak=0 cd=-1 mrr=860 bugs=3
PROBE CUST day=235 id=co_lead_91_30 sat=56 tol=47 target=56 trust=0.0 phase=active streak=0 cd=-1 mrr=860 bugs=3
PROBE CUST day=235 id=co_lead_97_33 sat=56 tol=42 target=56 trust=0.0 phase=active streak=0 cd=-1 mrr=860 bugs=3
PROBE CUST day=235 id=co_lead_107_38 sat=56 tol=51 target=56 trust=0.0 phase=active streak=0 cd=-1 mrr=2420 bugs=3
PROBE CUST day=235 id=co_lead_110_39 sat=56 tol=51 target=56 trust=0.0 phase=active streak=0 cd=-1 mrr=2420 bugs=3
PROBE CUST day=235 id=co_lead_113_40 sat=56 tol=42 target=56 trust=0.0 phase=active streak=0 cd=-1 mrr=860 bugs=3
PROBE CUST day=235 id=co_lead_113_41 sat=56 tol=51 target=56 trust=0.0 phase=active streak=0 cd=-1 mrr=2420 bugs=3
PROBE CUST day=235 id=co_lead_123_45 sat=56 tol=42 target=56 trust=0.0 phase=active streak=0 cd=-1 mrr=860 bugs=3
PROBE CUST day=235 id=co_lead_128_46 sat=56 tol=42 target=56 trust=0.0 phase=active streak=0 cd=-1 mrr=785 bugs=3
PROBE CUST day=235 id=co_lead_128_47 sat=56 tol=51 target=56 trust=0.0 phase=active streak=0 cd=-1 mrr=2720 bugs=3
PROBE CUST day=235 id=co_lead_134_49 sat=56 tol=45 target=56 trust=0.0 phase=active streak=0 cd=-1 mrr=860 bugs=3
PROBE CUST day=235 id=co_lead_145_54 sat=56 tol=47 target=56 trust=0.0 phase=active streak=0 cd=-1 mrr=860 bugs=3
PROBE CUST day=235 id=co_lead_153_56 sat=56 tol=51 target=56 trust=0.0 phase=active streak=0 cd=-1 mrr=2420 bugs=3
PROBE CUST day=235 id=co_lead_159_60 sat=56 tol=45 target=56 trust=0.0 phase=active streak=0 cd=-1 mrr=785 bugs=3
PROBE CUST day=235 id=co_lead_164_61 sat=56 tol=45 target=56 trust=0.0 phase=active streak=0 cd=-1 mrr=860 bugs=3
PROBE SAT day=235 satisfied=25/25 target=56
[HRSystem] Daily tick — 1 employees (0 izinde)
[SalesSystem] Daily tick — MRR $32495
[TimeManager] Daily tick — Day 236 (Δ 18 ms)
PROBE STATE day=236 cash=103166 mrr=32495 brand=50 burn=260 runway=INF cust=25 emp=1 promises=4 phase=2 aud=0 sat=-1 bugs=4 q=40.8 appetite=closed streak=0/3 profit_streak=4
PROBE CUST day=236 id=co_lead_31_4 sat=55 tol=47 target=55 trust=0.0 phase=active streak=0 cd=-1 mrr=785 bugs=4
PROBE CUST day=236 id=co_lead_31_5 sat=55 tol=47 target=55 trust=0.0 phase=active streak=0 cd=-1 mrr=860 bugs=4
PROBE CUST day=236 id=co_lead_37_7 sat=55 tol=42 target=55 trust=0.0 phase=active streak=0 cd=-1 mrr=860 bugs=4
PROBE CUST day=236 id=co_lead_51_13 sat=55 tol=51 target=55 trust=0.0 phase=active streak=0 cd=-1 mrr=2420 bugs=4
PROBE CUST day=236 id=co_lead_58_16 sat=55 tol=42 target=55 trust=0.0 phase=active streak=0 cd=-1 mrr=785 bugs=4
PROBE CUST day=236 id=co_lead_64_19 sat=55 tol=42 target=55 trust=0.0 phase=active streak=0 cd=-1 mrr=785 bugs=4
PROBE CUST day=236 id=co_lead_70_21 sat=55 tol=47 target=55 trust=0.0 phase=active streak=0 cd=-1 mrr=785 bugs=4
PROBE CUST day=236 id=co_lead_70_22 sat=55 tol=45 target=55 trust=0.0 phase=active streak=0 cd=-1 mrr=860 bugs=4
PROBE CUST day=236 id=co_lead_75_24 sat=55 tol=45 target=55 trust=0.0 phase=active streak=0 cd=-1 mrr=785 bugs=4
PROBE CUST day=236 id=co_lead_81_27 sat=55 tol=51 target=55 trust=0.0 phase=active streak=0 cd=-1 mrr=2720 bugs=4
PROBE CUST day=236 id=co_lead_86_28 sat=55 tol=47 target=55 trust=0.0 phase=active streak=0 cd=-1 mrr=860 bugs=4
PROBE CUST day=236 id=co_lead_91_30 sat=55 tol=47 target=55 trust=0.0 phase=active streak=0 cd=-1 mrr=860 bugs=4
PROBE CUST day=236 id=co_lead_97_33 sat=55 tol=42 target=55 trust=0.0 phase=active streak=0 cd=-1 mrr=860 bugs=4
PROBE CUST day=236 id=co_lead_107_38 sat=55 tol=51 target=55 trust=0.0 phase=active streak=0 cd=-1 mrr=2420 bugs=4
PROBE CUST day=236 id=co_lead_110_39 sat=55 tol=51 target=55 trust=0.0 phase=active streak=0 cd=-1 mrr=2420 bugs=4
PROBE CUST day=236 id=co_lead_113_40 sat=55 tol=42 target=55 trust=0.0 phase=active streak=0 cd=-1 mrr=860 bugs=4
PROBE CUST day=236 id=co_lead_113_41 sat=55 tol=51 target=55 trust=0.0 phase=active streak=0 cd=-1 mrr=2420 bugs=4
PROBE CUST day=236 id=co_lead_123_45 sat=55 tol=42 target=55 trust=0.0 phase=active streak=0 cd=-1 mrr=860 bugs=4
PROBE CUST day=236 id=co_lead_128_46 sat=55 tol=42 target=55 trust=0.0 phase=active streak=0 cd=-1 mrr=785 bugs=4
PROBE CUST day=236 id=co_lead_128_47 sat=55 tol=51 target=55 trust=0.0 phase=active streak=0 cd=-1 mrr=2720 bugs=4
PROBE CUST day=236 id=co_lead_134_49 sat=55 tol=45 target=55 trust=0.0 phase=active streak=0 cd=-1 mrr=860 bugs=4
PROBE CUST day=236 id=co_lead_145_54 sat=55 tol=47 target=55 trust=0.0 phase=active streak=0 cd=-1 mrr=860 bugs=4
PROBE CUST day=236 id=co_lead_153_56 sat=55 tol=51 target=55 trust=0.0 phase=active streak=0 cd=-1 mrr=2420 bugs=4
PROBE CUST day=236 id=co_lead_159_60 sat=55 tol=45 target=55 trust=0.0 phase=active streak=0 cd=-1 mrr=785 bugs=4
PROBE CUST day=236 id=co_lead_164_61 sat=55 tol=45 target=55 trust=0.0 phase=active streak=0 cd=-1 mrr=860 bugs=4
PROBE SAT day=236 satisfied=25/25 target=55
[HRSystem] Daily tick — 1 employees (0 izinde)
[SalesSystem] Daily tick — MRR $32495
[TimeManager] Daily tick — Day 237 (Δ 16 ms)
PROBE STATE day=237 cash=103989 mrr=32495 brand=50 burn=260 runway=INF cust=25 emp=1 promises=4 phase=2 aud=0 sat=-1 bugs=4 q=40.8 appetite=closed streak=0/3 profit_streak=4
PROBE CUST day=237 id=co_lead_31_4 sat=55 tol=47 target=55 trust=0.0 phase=active streak=0 cd=-1 mrr=785 bugs=4
PROBE CUST day=237 id=co_lead_31_5 sat=55 tol=47 target=55 trust=0.0 phase=active streak=0 cd=-1 mrr=860 bugs=4
PROBE CUST day=237 id=co_lead_37_7 sat=55 tol=42 target=55 trust=0.0 phase=active streak=0 cd=-1 mrr=860 bugs=4
PROBE CUST day=237 id=co_lead_51_13 sat=55 tol=51 target=55 trust=0.0 phase=active streak=0 cd=-1 mrr=2420 bugs=4
PROBE CUST day=237 id=co_lead_58_16 sat=55 tol=42 target=55 trust=0.0 phase=active streak=0 cd=-1 mrr=785 bugs=4
PROBE CUST day=237 id=co_lead_64_19 sat=55 tol=42 target=55 trust=0.0 phase=active streak=0 cd=-1 mrr=785 bugs=4
PROBE CUST day=237 id=co_lead_70_21 sat=55 tol=47 target=55 trust=0.0 phase=active streak=0 cd=-1 mrr=785 bugs=4
PROBE CUST day=237 id=co_lead_70_22 sat=55 tol=45 target=55 trust=0.0 phase=active streak=0 cd=-1 mrr=860 bugs=4
PROBE CUST day=237 id=co_lead_75_24 sat=55 tol=45 target=55 trust=0.0 phase=active streak=0 cd=-1 mrr=785 bugs=4
PROBE CUST day=237 id=co_lead_81_27 sat=55 tol=51 target=55 trust=0.0 phase=active streak=0 cd=-1 mrr=2720 bugs=4
PROBE CUST day=237 id=co_lead_86_28 sat=55 tol=47 target=55 trust=0.0 phase=active streak=0 cd=-1 mrr=860 bugs=4
PROBE CUST day=237 id=co_lead_91_30 sat=55 tol=47 target=55 trust=0.0 phase=active streak=0 cd=-1 mrr=860 bugs=4
PROBE CUST day=237 id=co_lead_97_33 sat=55 tol=42 target=55 trust=0.0 phase=active streak=0 cd=-1 mrr=860 bugs=4
PROBE CUST day=237 id=co_lead_107_38 sat=55 tol=51 target=55 trust=0.0 phase=active streak=0 cd=-1 mrr=2420 bugs=4
PROBE CUST day=237 id=co_lead_110_39 sat=55 tol=51 target=55 trust=0.0 phase=active streak=0 cd=-1 mrr=2420 bugs=4
PROBE CUST day=237 id=co_lead_113_40 sat=55 tol=42 target=55 trust=0.0 phase=active streak=0 cd=-1 mrr=860 bugs=4
PROBE CUST day=237 id=co_lead_113_41 sat=55 tol=51 target=55 trust=0.0 phase=active streak=0 cd=-1 mrr=2420 bugs=4
PROBE CUST day=237 id=co_lead_123_45 sat=55 tol=42 target=55 trust=0.0 phase=active streak=0 cd=-1 mrr=860 bugs=4
PROBE CUST day=237 id=co_lead_128_46 sat=55 tol=42 target=55 trust=0.0 phase=active streak=0 cd=-1 mrr=785 bugs=4
PROBE CUST day=237 id=co_lead_128_47 sat=55 tol=51 target=55 trust=0.0 phase=active streak=0 cd=-1 mrr=2720 bugs=4
PROBE CUST day=237 id=co_lead_134_49 sat=55 tol=45 target=55 trust=0.0 phase=active streak=0 cd=-1 mrr=860 bugs=4
PROBE CUST day=237 id=co_lead_145_54 sat=55 tol=47 target=55 trust=0.0 phase=active streak=0 cd=-1 mrr=860 bugs=4
PROBE CUST day=237 id=co_lead_153_56 sat=55 tol=51 target=55 trust=0.0 phase=active streak=0 cd=-1 mrr=2420 bugs=4
PROBE CUST day=237 id=co_lead_159_60 sat=55 tol=45 target=55 trust=0.0 phase=active streak=0 cd=-1 mrr=785 bugs=4
PROBE CUST day=237 id=co_lead_164_61 sat=55 tol=45 target=55 trust=0.0 phase=active streak=0 cd=-1 mrr=860 bugs=4
PROBE SAT day=237 satisfied=25/25 target=55
[HRSystem] Daily tick — 1 employees (0 izinde)
[SalesSystem] Daily tick — MRR $32495
[TimeManager] Daily tick — Day 238 (Δ 15 ms)
PROBE STATE day=238 cash=104812 mrr=32495 brand=50 burn=260 runway=INF cust=25 emp=1 promises=4 phase=2 aud=0 sat=-1 bugs=5 q=40.4 appetite=closed streak=0/3 profit_streak=4
PROBE CUST day=238 id=co_lead_31_4 sat=55 tol=47 target=55 trust=0.0 phase=active streak=0 cd=-1 mrr=785 bugs=5
PROBE CUST day=238 id=co_lead_31_5 sat=55 tol=47 target=55 trust=0.0 phase=active streak=0 cd=-1 mrr=860 bugs=5
PROBE CUST day=238 id=co_lead_37_7 sat=55 tol=42 target=55 trust=0.0 phase=active streak=0 cd=-1 mrr=860 bugs=5
PROBE CUST day=238 id=co_lead_51_13 sat=55 tol=51 target=55 trust=0.0 phase=active streak=0 cd=-1 mrr=2420 bugs=5
PROBE CUST day=238 id=co_lead_58_16 sat=55 tol=42 target=55 trust=0.0 phase=active streak=0 cd=-1 mrr=785 bugs=5
PROBE CUST day=238 id=co_lead_64_19 sat=55 tol=42 target=55 trust=0.0 phase=active streak=0 cd=-1 mrr=785 bugs=5
PROBE CUST day=238 id=co_lead_70_21 sat=55 tol=47 target=55 trust=0.0 phase=active streak=0 cd=-1 mrr=785 bugs=5
PROBE CUST day=238 id=co_lead_70_22 sat=55 tol=45 target=55 trust=0.0 phase=active streak=0 cd=-1 mrr=860 bugs=5
PROBE CUST day=238 id=co_lead_75_24 sat=55 tol=45 target=55 trust=0.0 phase=active streak=0 cd=-1 mrr=785 bugs=5
PROBE CUST day=238 id=co_lead_81_27 sat=55 tol=51 target=55 trust=0.0 phase=active streak=0 cd=-1 mrr=2720 bugs=5
PROBE CUST day=238 id=co_lead_86_28 sat=55 tol=47 target=55 trust=0.0 phase=active streak=0 cd=-1 mrr=860 bugs=5
PROBE CUST day=238 id=co_lead_91_30 sat=55 tol=47 target=55 trust=0.0 phase=active streak=0 cd=-1 mrr=860 bugs=5
PROBE CUST day=238 id=co_lead_97_33 sat=55 tol=42 target=55 trust=0.0 phase=active streak=0 cd=-1 mrr=860 bugs=5
PROBE CUST day=238 id=co_lead_107_38 sat=55 tol=51 target=55 trust=0.0 phase=active streak=0 cd=-1 mrr=2420 bugs=5
PROBE CUST day=238 id=co_lead_110_39 sat=55 tol=51 target=55 trust=0.0 phase=active streak=0 cd=-1 mrr=2420 bugs=5
PROBE CUST day=238 id=co_lead_113_40 sat=55 tol=42 target=55 trust=0.0 phase=active streak=0 cd=-1 mrr=860 bugs=5
PROBE CUST day=238 id=co_lead_113_41 sat=55 tol=51 target=55 trust=0.0 phase=active streak=0 cd=-1 mrr=2420 bugs=5
PROBE CUST day=238 id=co_lead_123_45 sat=55 tol=42 target=55 trust=0.0 phase=active streak=0 cd=-1 mrr=860 bugs=5
PROBE CUST day=238 id=co_lead_128_46 sat=55 tol=42 target=55 trust=0.0 phase=active streak=0 cd=-1 mrr=785 bugs=5
PROBE CUST day=238 id=co_lead_128_47 sat=55 tol=51 target=55 trust=0.0 phase=active streak=0 cd=-1 mrr=2720 bugs=5
PROBE CUST day=238 id=co_lead_134_49 sat=55 tol=45 target=55 trust=0.0 phase=active streak=0 cd=-1 mrr=860 bugs=5
PROBE CUST day=238 id=co_lead_145_54 sat=55 tol=47 target=55 trust=0.0 phase=active streak=0 cd=-1 mrr=860 bugs=5
PROBE CUST day=238 id=co_lead_153_56 sat=55 tol=51 target=55 trust=0.0 phase=active streak=0 cd=-1 mrr=2420 bugs=5
PROBE CUST day=238 id=co_lead_159_60 sat=55 tol=45 target=55 trust=0.0 phase=active streak=0 cd=-1 mrr=785 bugs=5
PROBE CUST day=238 id=co_lead_164_61 sat=55 tol=45 target=55 trust=0.0 phase=active streak=0 cd=-1 mrr=860 bugs=5
PROBE SAT day=238 satisfied=25/25 target=55
[HRSystem] Daily tick — 1 employees (0 izinde)
[SalesSystem] Daily tick — MRR $32495
[TimeManager] Daily tick — Day 239 (Δ 17 ms)
PROBE PLAY day=239 find_prospects (+2)
[ProductSystem] Bug sprint started: 6 bugs, 2 days
PROBE PLAY day=239 bug_sprint bugs=6
PROBE STATE day=239 cash=105635 mrr=32495 brand=50 burn=260 runway=INF cust=25 emp=1 promises=4 phase=2 aud=0 sat=-1 bugs=6 q=40.1 appetite=closed streak=0/3 profit_streak=4
PROBE CUST day=239 id=co_lead_31_4 sat=54 tol=47 target=54 trust=0.0 phase=active streak=0 cd=-1 mrr=785 bugs=6
PROBE CUST day=239 id=co_lead_31_5 sat=54 tol=47 target=54 trust=0.0 phase=active streak=0 cd=-1 mrr=860 bugs=6
PROBE CUST day=239 id=co_lead_37_7 sat=54 tol=42 target=54 trust=0.0 phase=active streak=0 cd=-1 mrr=860 bugs=6
PROBE CUST day=239 id=co_lead_51_13 sat=54 tol=51 target=54 trust=0.0 phase=active streak=0 cd=-1 mrr=2420 bugs=6
PROBE CUST day=239 id=co_lead_58_16 sat=54 tol=42 target=54 trust=0.0 phase=active streak=0 cd=-1 mrr=785 bugs=6
PROBE CUST day=239 id=co_lead_64_19 sat=54 tol=42 target=54 trust=0.0 phase=active streak=0 cd=-1 mrr=785 bugs=6
PROBE CUST day=239 id=co_lead_70_21 sat=54 tol=47 target=54 trust=0.0 phase=active streak=0 cd=-1 mrr=785 bugs=6
PROBE CUST day=239 id=co_lead_70_22 sat=54 tol=45 target=54 trust=0.0 phase=active streak=0 cd=-1 mrr=860 bugs=6
PROBE CUST day=239 id=co_lead_75_24 sat=54 tol=45 target=54 trust=0.0 phase=active streak=0 cd=-1 mrr=785 bugs=6
PROBE CUST day=239 id=co_lead_81_27 sat=54 tol=51 target=54 trust=0.0 phase=active streak=0 cd=-1 mrr=2720 bugs=6
PROBE CUST day=239 id=co_lead_86_28 sat=54 tol=47 target=54 trust=0.0 phase=active streak=0 cd=-1 mrr=860 bugs=6
PROBE CUST day=239 id=co_lead_91_30 sat=54 tol=47 target=54 trust=0.0 phase=active streak=0 cd=-1 mrr=860 bugs=6
PROBE CUST day=239 id=co_lead_97_33 sat=54 tol=42 target=54 trust=0.0 phase=active streak=0 cd=-1 mrr=860 bugs=6
PROBE CUST day=239 id=co_lead_107_38 sat=54 tol=51 target=54 trust=0.0 phase=active streak=0 cd=-1 mrr=2420 bugs=6
PROBE CUST day=239 id=co_lead_110_39 sat=54 tol=51 target=54 trust=0.0 phase=active streak=0 cd=-1 mrr=2420 bugs=6
PROBE CUST day=239 id=co_lead_113_40 sat=54 tol=42 target=54 trust=0.0 phase=active streak=0 cd=-1 mrr=860 bugs=6
PROBE CUST day=239 id=co_lead_113_41 sat=54 tol=51 target=54 trust=0.0 phase=active streak=0 cd=-1 mrr=2420 bugs=6
PROBE CUST day=239 id=co_lead_123_45 sat=54 tol=42 target=54 trust=0.0 phase=active streak=0 cd=-1 mrr=860 bugs=6
PROBE CUST day=239 id=co_lead_128_46 sat=54 tol=42 target=54 trust=0.0 phase=active streak=0 cd=-1 mrr=785 bugs=6
PROBE CUST day=239 id=co_lead_128_47 sat=54 tol=51 target=54 trust=0.0 phase=active streak=0 cd=-1 mrr=2720 bugs=6
PROBE CUST day=239 id=co_lead_134_49 sat=54 tol=45 target=54 trust=0.0 phase=active streak=0 cd=-1 mrr=860 bugs=6
PROBE CUST day=239 id=co_lead_145_54 sat=54 tol=47 target=54 trust=0.0 phase=active streak=0 cd=-1 mrr=860 bugs=6
PROBE CUST day=239 id=co_lead_153_56 sat=54 tol=51 target=54 trust=0.0 phase=active streak=0 cd=-1 mrr=2420 bugs=6
PROBE CUST day=239 id=co_lead_159_60 sat=54 tol=45 target=54 trust=0.0 phase=active streak=0 cd=-1 mrr=785 bugs=6
PROBE CUST day=239 id=co_lead_164_61 sat=54 tol=45 target=54 trust=0.0 phase=active streak=0 cd=-1 mrr=860 bugs=6
PROBE SAT day=239 satisfied=25/25 target=54
PROBE FIRE day=239 hour=17 id=ev_ps_referral_b2b src=pool
[EventManager] Eligible: ev_ps_referral_b2b
[EventManager] Modal requested: ev_ps_referral_b2b
PROBE PICK day=239 id=ev_ps_referral_b2b choice=0 label=Kabul et — özellik sözü ver
[EventManager] Resolved: ev_ps_referral_b2b choice 0
[HRSystem] Daily tick — 1 employees (0 izinde)
[SalesSystem] Daily tick — MRR $32495
[TimeManager] Daily tick — Day 240 (Δ 16 ms)
PROBE STATE day=240 cash=106058 mrr=32495 brand=50 burn=260 runway=INF cust=25 emp=1 promises=4 phase=2 aud=0 sat=-1 bugs=3 q=41.0 appetite=closed streak=0/3 profit_streak=4
PROBE CUST day=240 id=co_lead_31_4 sat=56 tol=47 target=56 trust=0.0 phase=active streak=0 cd=-1 mrr=785 bugs=3
PROBE CUST day=240 id=co_lead_31_5 sat=56 tol=47 target=56 trust=0.0 phase=active streak=0 cd=-1 mrr=860 bugs=3
PROBE CUST day=240 id=co_lead_37_7 sat=56 tol=42 target=56 trust=0.0 phase=active streak=0 cd=-1 mrr=860 bugs=3
PROBE CUST day=240 id=co_lead_51_13 sat=56 tol=51 target=56 trust=0.0 phase=active streak=0 cd=-1 mrr=2420 bugs=3
PROBE CUST day=240 id=co_lead_58_16 sat=56 tol=42 target=56 trust=0.0 phase=active streak=0 cd=-1 mrr=785 bugs=3
PROBE CUST day=240 id=co_lead_64_19 sat=56 tol=42 target=56 trust=0.0 phase=active streak=0 cd=-1 mrr=785 bugs=3
PROBE CUST day=240 id=co_lead_70_21 sat=56 tol=47 target=56 trust=0.0 phase=active streak=0 cd=-1 mrr=785 bugs=3
PROBE CUST day=240 id=co_lead_70_22 sat=56 tol=45 target=56 trust=0.0 phase=active streak=0 cd=-1 mrr=860 bugs=3
PROBE CUST day=240 id=co_lead_75_24 sat=56 tol=45 target=56 trust=0.0 phase=active streak=0 cd=-1 mrr=785 bugs=3
PROBE CUST day=240 id=co_lead_81_27 sat=56 tol=51 target=56 trust=0.0 phase=active streak=0 cd=-1 mrr=2720 bugs=3
PROBE CUST day=240 id=co_lead_86_28 sat=56 tol=47 target=56 trust=0.0 phase=active streak=0 cd=-1 mrr=860 bugs=3
PROBE CUST day=240 id=co_lead_91_30 sat=56 tol=47 target=56 trust=0.0 phase=active streak=0 cd=-1 mrr=860 bugs=3
PROBE CUST day=240 id=co_lead_97_33 sat=56 tol=42 target=56 trust=0.0 phase=active streak=0 cd=-1 mrr=860 bugs=3
PROBE CUST day=240 id=co_lead_107_38 sat=56 tol=51 target=56 trust=0.0 phase=active streak=0 cd=-1 mrr=2420 bugs=3
PROBE CUST day=240 id=co_lead_110_39 sat=56 tol=51 target=56 trust=0.0 phase=active streak=0 cd=-1 mrr=2420 bugs=3
PROBE CUST day=240 id=co_lead_113_40 sat=56 tol=42 target=56 trust=0.0 phase=active streak=0 cd=-1 mrr=860 bugs=3
PROBE CUST day=240 id=co_lead_113_41 sat=56 tol=51 target=56 trust=0.0 phase=active streak=0 cd=-1 mrr=2420 bugs=3
PROBE CUST day=240 id=co_lead_123_45 sat=56 tol=42 target=56 trust=0.0 phase=active streak=0 cd=-1 mrr=860 bugs=3
PROBE CUST day=240 id=co_lead_128_46 sat=56 tol=42 target=56 trust=0.0 phase=active streak=0 cd=-1 mrr=785 bugs=3
PROBE CUST day=240 id=co_lead_128_47 sat=56 tol=51 target=56 trust=0.0 phase=active streak=0 cd=-1 mrr=2720 bugs=3
PROBE CUST day=240 id=co_lead_134_49 sat=56 tol=45 target=56 trust=0.0 phase=active streak=0 cd=-1 mrr=860 bugs=3
PROBE CUST day=240 id=co_lead_145_54 sat=56 tol=47 target=56 trust=0.0 phase=active streak=0 cd=-1 mrr=860 bugs=3
PROBE CUST day=240 id=co_lead_153_56 sat=56 tol=51 target=56 trust=0.0 phase=active streak=0 cd=-1 mrr=2420 bugs=3
PROBE CUST day=240 id=co_lead_159_60 sat=56 tol=45 target=56 trust=0.0 phase=active streak=0 cd=-1 mrr=785 bugs=3
PROBE CUST day=240 id=co_lead_164_61 sat=56 tol=45 target=56 trust=0.0 phase=active streak=0 cd=-1 mrr=860 bugs=3
PROBE SAT day=240 satisfied=25/25 target=56
[ProductSystem] Bug sprint complete. live_bug now 0
[HRSystem] Daily tick — 1 employees (0 izinde)
[SalesSystem] Daily tick — MRR $32495
[TimeManager] Daily tick — Day 241 (Δ 15 ms)
PROBE STATE day=241 cash=106881 mrr=32495 brand=50 burn=260 runway=INF cust=25 emp=1 promises=4 phase=2 aud=0 sat=-1 bugs=0 q=41.8 appetite=closed streak=0/3 profit_streak=4
PROBE CUST day=241 id=co_lead_31_4 sat=58 tol=47 target=58 trust=0.0 phase=active streak=0 cd=-1 mrr=785 bugs=0
PROBE CUST day=241 id=co_lead_31_5 sat=58 tol=47 target=58 trust=0.0 phase=active streak=0 cd=-1 mrr=860 bugs=0
PROBE CUST day=241 id=co_lead_37_7 sat=58 tol=42 target=58 trust=0.0 phase=active streak=0 cd=-1 mrr=860 bugs=0
PROBE CUST day=241 id=co_lead_51_13 sat=58 tol=51 target=58 trust=0.0 phase=active streak=0 cd=-1 mrr=2420 bugs=0
PROBE CUST day=241 id=co_lead_58_16 sat=58 tol=42 target=58 trust=0.0 phase=active streak=0 cd=-1 mrr=785 bugs=0
PROBE CUST day=241 id=co_lead_64_19 sat=58 tol=42 target=58 trust=0.0 phase=active streak=0 cd=-1 mrr=785 bugs=0
PROBE CUST day=241 id=co_lead_70_21 sat=58 tol=47 target=58 trust=0.0 phase=active streak=0 cd=-1 mrr=785 bugs=0
PROBE CUST day=241 id=co_lead_70_22 sat=58 tol=45 target=58 trust=0.0 phase=active streak=0 cd=-1 mrr=860 bugs=0
PROBE CUST day=241 id=co_lead_75_24 sat=58 tol=45 target=58 trust=0.0 phase=active streak=0 cd=-1 mrr=785 bugs=0
PROBE CUST day=241 id=co_lead_81_27 sat=58 tol=51 target=58 trust=0.0 phase=active streak=0 cd=-1 mrr=2720 bugs=0
PROBE CUST day=241 id=co_lead_86_28 sat=58 tol=47 target=58 trust=0.0 phase=active streak=0 cd=-1 mrr=860 bugs=0
PROBE CUST day=241 id=co_lead_91_30 sat=58 tol=47 target=58 trust=0.0 phase=active streak=0 cd=-1 mrr=860 bugs=0
PROBE CUST day=241 id=co_lead_97_33 sat=58 tol=42 target=58 trust=0.0 phase=active streak=0 cd=-1 mrr=860 bugs=0
PROBE CUST day=241 id=co_lead_107_38 sat=58 tol=51 target=58 trust=0.0 phase=active streak=0 cd=-1 mrr=2420 bugs=0
PROBE CUST day=241 id=co_lead_110_39 sat=58 tol=51 target=58 trust=0.0 phase=active streak=0 cd=-1 mrr=2420 bugs=0
PROBE CUST day=241 id=co_lead_113_40 sat=58 tol=42 target=58 trust=0.0 phase=active streak=0 cd=-1 mrr=860 bugs=0
PROBE CUST day=241 id=co_lead_113_41 sat=58 tol=51 target=58 trust=0.0 phase=active streak=0 cd=-1 mrr=2420 bugs=0
PROBE CUST day=241 id=co_lead_123_45 sat=58 tol=42 target=58 trust=0.0 phase=active streak=0 cd=-1 mrr=860 bugs=0
PROBE CUST day=241 id=co_lead_128_46 sat=58 tol=42 target=58 trust=0.0 phase=active streak=0 cd=-1 mrr=785 bugs=0
PROBE CUST day=241 id=co_lead_128_47 sat=58 tol=51 target=58 trust=0.0 phase=active streak=0 cd=-1 mrr=2720 bugs=0
PROBE CUST day=241 id=co_lead_134_49 sat=58 tol=45 target=58 trust=0.0 phase=active streak=0 cd=-1 mrr=860 bugs=0
PROBE CUST day=241 id=co_lead_145_54 sat=58 tol=47 target=58 trust=0.0 phase=active streak=0 cd=-1 mrr=860 bugs=0
PROBE CUST day=241 id=co_lead_153_56 sat=58 tol=51 target=58 trust=0.0 phase=active streak=0 cd=-1 mrr=2420 bugs=0
PROBE CUST day=241 id=co_lead_159_60 sat=58 tol=45 target=58 trust=0.0 phase=active streak=0 cd=-1 mrr=785 bugs=0
PROBE CUST day=241 id=co_lead_164_61 sat=58 tol=45 target=58 trust=0.0 phase=active streak=0 cd=-1 mrr=860 bugs=0
PROBE SAT day=241 satisfied=25/25 target=58
[HRSystem] Daily tick — 1 employees (0 izinde)
[SalesSystem] Daily tick — MRR $32495
[TimeManager] Daily tick — Day 242 (Δ 16 ms)
PROBE STATE day=242 cash=107704 mrr=32495 brand=50 burn=260 runway=INF cust=25 emp=1 promises=4 phase=2 aud=0 sat=-1 bugs=0 q=41.8 appetite=closed streak=0/3 profit_streak=4
PROBE CUST day=242 id=co_lead_31_4 sat=58 tol=47 target=58 trust=0.0 phase=active streak=0 cd=-1 mrr=785 bugs=0
PROBE CUST day=242 id=co_lead_31_5 sat=58 tol=47 target=58 trust=0.0 phase=active streak=0 cd=-1 mrr=860 bugs=0
PROBE CUST day=242 id=co_lead_37_7 sat=58 tol=42 target=58 trust=0.0 phase=active streak=0 cd=-1 mrr=860 bugs=0
PROBE CUST day=242 id=co_lead_51_13 sat=58 tol=51 target=58 trust=0.0 phase=active streak=0 cd=-1 mrr=2420 bugs=0
PROBE CUST day=242 id=co_lead_58_16 sat=58 tol=42 target=58 trust=0.0 phase=active streak=0 cd=-1 mrr=785 bugs=0
PROBE CUST day=242 id=co_lead_64_19 sat=58 tol=42 target=58 trust=0.0 phase=active streak=0 cd=-1 mrr=785 bugs=0
PROBE CUST day=242 id=co_lead_70_21 sat=58 tol=47 target=58 trust=0.0 phase=active streak=0 cd=-1 mrr=785 bugs=0
PROBE CUST day=242 id=co_lead_70_22 sat=58 tol=45 target=58 trust=0.0 phase=active streak=0 cd=-1 mrr=860 bugs=0
PROBE CUST day=242 id=co_lead_75_24 sat=58 tol=45 target=58 trust=0.0 phase=active streak=0 cd=-1 mrr=785 bugs=0
PROBE CUST day=242 id=co_lead_81_27 sat=58 tol=51 target=58 trust=0.0 phase=active streak=0 cd=-1 mrr=2720 bugs=0
PROBE CUST day=242 id=co_lead_86_28 sat=58 tol=47 target=58 trust=0.0 phase=active streak=0 cd=-1 mrr=860 bugs=0
PROBE CUST day=242 id=co_lead_91_30 sat=58 tol=47 target=58 trust=0.0 phase=active streak=0 cd=-1 mrr=860 bugs=0
PROBE CUST day=242 id=co_lead_97_33 sat=58 tol=42 target=58 trust=0.0 phase=active streak=0 cd=-1 mrr=860 bugs=0
PROBE CUST day=242 id=co_lead_107_38 sat=58 tol=51 target=58 trust=0.0 phase=active streak=0 cd=-1 mrr=2420 bugs=0
PROBE CUST day=242 id=co_lead_110_39 sat=58 tol=51 target=58 trust=0.0 phase=active streak=0 cd=-1 mrr=2420 bugs=0
PROBE CUST day=242 id=co_lead_113_40 sat=58 tol=42 target=58 trust=0.0 phase=active streak=0 cd=-1 mrr=860 bugs=0
PROBE CUST day=242 id=co_lead_113_41 sat=58 tol=51 target=58 trust=0.0 phase=active streak=0 cd=-1 mrr=2420 bugs=0
PROBE CUST day=242 id=co_lead_123_45 sat=58 tol=42 target=58 trust=0.0 phase=active streak=0 cd=-1 mrr=860 bugs=0
PROBE CUST day=242 id=co_lead_128_46 sat=58 tol=42 target=58 trust=0.0 phase=active streak=0 cd=-1 mrr=785 bugs=0
PROBE CUST day=242 id=co_lead_128_47 sat=58 tol=51 target=58 trust=0.0 phase=active streak=0 cd=-1 mrr=2720 bugs=0
PROBE CUST day=242 id=co_lead_134_49 sat=58 tol=45 target=58 trust=0.0 phase=active streak=0 cd=-1 mrr=860 bugs=0
PROBE CUST day=242 id=co_lead_145_54 sat=58 tol=47 target=58 trust=0.0 phase=active streak=0 cd=-1 mrr=860 bugs=0
PROBE CUST day=242 id=co_lead_153_56 sat=58 tol=51 target=58 trust=0.0 phase=active streak=0 cd=-1 mrr=2420 bugs=0
PROBE CUST day=242 id=co_lead_159_60 sat=58 tol=45 target=58 trust=0.0 phase=active streak=0 cd=-1 mrr=785 bugs=0
PROBE CUST day=242 id=co_lead_164_61 sat=58 tol=45 target=58 trust=0.0 phase=active streak=0 cd=-1 mrr=860 bugs=0
PROBE SAT day=242 satisfied=25/25 target=58
[HRSystem] Daily tick — 1 employees (0 izinde)
[SalesSystem] Daily tick — MRR $32495
[TimeManager] Daily tick — Day 243 (Δ 15 ms)
PROBE STATE day=243 cash=108527 mrr=32495 brand=50 burn=260 runway=INF cust=25 emp=1 promises=4 phase=2 aud=0 sat=-1 bugs=1 q=41.5 appetite=closed streak=0/3 profit_streak=4
PROBE CUST day=243 id=co_lead_31_4 sat=57 tol=47 target=57 trust=0.0 phase=active streak=0 cd=-1 mrr=785 bugs=1
PROBE CUST day=243 id=co_lead_31_5 sat=57 tol=47 target=57 trust=0.0 phase=active streak=0 cd=-1 mrr=860 bugs=1
PROBE CUST day=243 id=co_lead_37_7 sat=57 tol=42 target=57 trust=0.0 phase=active streak=0 cd=-1 mrr=860 bugs=1
PROBE CUST day=243 id=co_lead_51_13 sat=57 tol=51 target=57 trust=0.0 phase=active streak=0 cd=-1 mrr=2420 bugs=1
PROBE CUST day=243 id=co_lead_58_16 sat=57 tol=42 target=57 trust=0.0 phase=active streak=0 cd=-1 mrr=785 bugs=1
PROBE CUST day=243 id=co_lead_64_19 sat=57 tol=42 target=57 trust=0.0 phase=active streak=0 cd=-1 mrr=785 bugs=1
PROBE CUST day=243 id=co_lead_70_21 sat=57 tol=47 target=57 trust=0.0 phase=active streak=0 cd=-1 mrr=785 bugs=1
PROBE CUST day=243 id=co_lead_70_22 sat=57 tol=45 target=57 trust=0.0 phase=active streak=0 cd=-1 mrr=860 bugs=1
PROBE CUST day=243 id=co_lead_75_24 sat=57 tol=45 target=57 trust=0.0 phase=active streak=0 cd=-1 mrr=785 bugs=1
PROBE CUST day=243 id=co_lead_81_27 sat=57 tol=51 target=57 trust=0.0 phase=active streak=0 cd=-1 mrr=2720 bugs=1
PROBE CUST day=243 id=co_lead_86_28 sat=57 tol=47 target=57 trust=0.0 phase=active streak=0 cd=-1 mrr=860 bugs=1
PROBE CUST day=243 id=co_lead_91_30 sat=57 tol=47 target=57 trust=0.0 phase=active streak=0 cd=-1 mrr=860 bugs=1
PROBE CUST day=243 id=co_lead_97_33 sat=57 tol=42 target=57 trust=0.0 phase=active streak=0 cd=-1 mrr=860 bugs=1
PROBE CUST day=243 id=co_lead_107_38 sat=57 tol=51 target=57 trust=0.0 phase=active streak=0 cd=-1 mrr=2420 bugs=1
PROBE CUST day=243 id=co_lead_110_39 sat=57 tol=51 target=57 trust=0.0 phase=active streak=0 cd=-1 mrr=2420 bugs=1
PROBE CUST day=243 id=co_lead_113_40 sat=57 tol=42 target=57 trust=0.0 phase=active streak=0 cd=-1 mrr=860 bugs=1
PROBE CUST day=243 id=co_lead_113_41 sat=57 tol=51 target=57 trust=0.0 phase=active streak=0 cd=-1 mrr=2420 bugs=1
PROBE CUST day=243 id=co_lead_123_45 sat=57 tol=42 target=57 trust=0.0 phase=active streak=0 cd=-1 mrr=860 bugs=1
PROBE CUST day=243 id=co_lead_128_46 sat=57 tol=42 target=57 trust=0.0 phase=active streak=0 cd=-1 mrr=785 bugs=1
PROBE CUST day=243 id=co_lead_128_47 sat=57 tol=51 target=57 trust=0.0 phase=active streak=0 cd=-1 mrr=2720 bugs=1
PROBE CUST day=243 id=co_lead_134_49 sat=57 tol=45 target=57 trust=0.0 phase=active streak=0 cd=-1 mrr=860 bugs=1
PROBE CUST day=243 id=co_lead_145_54 sat=57 tol=47 target=57 trust=0.0 phase=active streak=0 cd=-1 mrr=860 bugs=1
PROBE CUST day=243 id=co_lead_153_56 sat=57 tol=51 target=57 trust=0.0 phase=active streak=0 cd=-1 mrr=2420 bugs=1
PROBE CUST day=243 id=co_lead_159_60 sat=57 tol=45 target=57 trust=0.0 phase=active streak=0 cd=-1 mrr=785 bugs=1
PROBE CUST day=243 id=co_lead_164_61 sat=57 tol=45 target=57 trust=0.0 phase=active streak=0 cd=-1 mrr=860 bugs=1
PROBE SAT day=243 satisfied=25/25 target=57
[HRSystem] Daily tick — 1 employees (0 izinde)
[SalesSystem] Daily tick — MRR $32495
PROBE MONTH day=244 n=8 mrr_close=32495 income=33573 expense=8060 net=25513 red=0 growth_pct=0.0 streak=0 profit_streak=5
[TimeManager] Daily tick — Day 244 (Δ 18 ms)
PROBE PLAY day=244 find_prospects (+2)
PROBE STATE day=244 cash=109350 mrr=32495 brand=50 burn=260 runway=INF cust=25 emp=1 promises=4 phase=2 aud=0 sat=-1 bugs=2 q=41.2 appetite=closed streak=0/3 profit_streak=5
PROBE CUST day=244 id=co_lead_31_4 sat=56 tol=47 target=56 trust=0.0 phase=active streak=0 cd=-1 mrr=785 bugs=2
PROBE CUST day=244 id=co_lead_31_5 sat=56 tol=47 target=56 trust=0.0 phase=active streak=0 cd=-1 mrr=860 bugs=2
PROBE CUST day=244 id=co_lead_37_7 sat=56 tol=42 target=56 trust=0.0 phase=active streak=0 cd=-1 mrr=860 bugs=2
PROBE CUST day=244 id=co_lead_51_13 sat=56 tol=51 target=56 trust=0.0 phase=active streak=0 cd=-1 mrr=2420 bugs=2
PROBE CUST day=244 id=co_lead_58_16 sat=56 tol=42 target=56 trust=0.0 phase=active streak=0 cd=-1 mrr=785 bugs=2
PROBE CUST day=244 id=co_lead_64_19 sat=56 tol=42 target=56 trust=0.0 phase=active streak=0 cd=-1 mrr=785 bugs=2
PROBE CUST day=244 id=co_lead_70_21 sat=56 tol=47 target=56 trust=0.0 phase=active streak=0 cd=-1 mrr=785 bugs=2
PROBE CUST day=244 id=co_lead_70_22 sat=56 tol=45 target=56 trust=0.0 phase=active streak=0 cd=-1 mrr=860 bugs=2
PROBE CUST day=244 id=co_lead_75_24 sat=56 tol=45 target=56 trust=0.0 phase=active streak=0 cd=-1 mrr=785 bugs=2
PROBE CUST day=244 id=co_lead_81_27 sat=56 tol=51 target=56 trust=0.0 phase=active streak=0 cd=-1 mrr=2720 bugs=2
PROBE CUST day=244 id=co_lead_86_28 sat=56 tol=47 target=56 trust=0.0 phase=active streak=0 cd=-1 mrr=860 bugs=2
PROBE CUST day=244 id=co_lead_91_30 sat=56 tol=47 target=56 trust=0.0 phase=active streak=0 cd=-1 mrr=860 bugs=2
PROBE CUST day=244 id=co_lead_97_33 sat=56 tol=42 target=56 trust=0.0 phase=active streak=0 cd=-1 mrr=860 bugs=2
PROBE CUST day=244 id=co_lead_107_38 sat=56 tol=51 target=56 trust=0.0 phase=active streak=0 cd=-1 mrr=2420 bugs=2
PROBE CUST day=244 id=co_lead_110_39 sat=56 tol=51 target=56 trust=0.0 phase=active streak=0 cd=-1 mrr=2420 bugs=2
PROBE CUST day=244 id=co_lead_113_40 sat=56 tol=42 target=56 trust=0.0 phase=active streak=0 cd=-1 mrr=860 bugs=2
PROBE CUST day=244 id=co_lead_113_41 sat=56 tol=51 target=56 trust=0.0 phase=active streak=0 cd=-1 mrr=2420 bugs=2
PROBE CUST day=244 id=co_lead_123_45 sat=56 tol=42 target=56 trust=0.0 phase=active streak=0 cd=-1 mrr=860 bugs=2
PROBE CUST day=244 id=co_lead_128_46 sat=56 tol=42 target=56 trust=0.0 phase=active streak=0 cd=-1 mrr=785 bugs=2
PROBE CUST day=244 id=co_lead_128_47 sat=56 tol=51 target=56 trust=0.0 phase=active streak=0 cd=-1 mrr=2720 bugs=2
PROBE CUST day=244 id=co_lead_134_49 sat=56 tol=45 target=56 trust=0.0 phase=active streak=0 cd=-1 mrr=860 bugs=2
PROBE CUST day=244 id=co_lead_145_54 sat=56 tol=47 target=56 trust=0.0 phase=active streak=0 cd=-1 mrr=860 bugs=2
PROBE CUST day=244 id=co_lead_153_56 sat=56 tol=51 target=56 trust=0.0 phase=active streak=0 cd=-1 mrr=2420 bugs=2
PROBE CUST day=244 id=co_lead_159_60 sat=56 tol=45 target=56 trust=0.0 phase=active streak=0 cd=-1 mrr=785 bugs=2
PROBE CUST day=244 id=co_lead_164_61 sat=56 tol=45 target=56 trust=0.0 phase=active streak=0 cd=-1 mrr=860 bugs=2
PROBE SAT day=244 satisfied=25/25 target=56
[HRSystem] Daily tick — 1 employees (0 izinde)
[SalesSystem] Daily tick — MRR $32495
[TimeManager] Daily tick — Day 245 (Δ 17 ms)
PROBE STATE day=245 cash=110173 mrr=32495 brand=50 burn=260 runway=INF cust=25 emp=1 promises=4 phase=2 aud=0 sat=-1 bugs=2 q=41.2 appetite=closed streak=0/3 profit_streak=5
PROBE CUST day=245 id=co_lead_31_4 sat=56 tol=47 target=56 trust=0.0 phase=active streak=0 cd=-1 mrr=785 bugs=2
PROBE CUST day=245 id=co_lead_31_5 sat=56 tol=47 target=56 trust=0.0 phase=active streak=0 cd=-1 mrr=860 bugs=2
PROBE CUST day=245 id=co_lead_37_7 sat=56 tol=42 target=56 trust=0.0 phase=active streak=0 cd=-1 mrr=860 bugs=2
PROBE CUST day=245 id=co_lead_51_13 sat=56 tol=51 target=56 trust=0.0 phase=active streak=0 cd=-1 mrr=2420 bugs=2
PROBE CUST day=245 id=co_lead_58_16 sat=56 tol=42 target=56 trust=0.0 phase=active streak=0 cd=-1 mrr=785 bugs=2
PROBE CUST day=245 id=co_lead_64_19 sat=56 tol=42 target=56 trust=0.0 phase=active streak=0 cd=-1 mrr=785 bugs=2
PROBE CUST day=245 id=co_lead_70_21 sat=56 tol=47 target=56 trust=0.0 phase=active streak=0 cd=-1 mrr=785 bugs=2
PROBE CUST day=245 id=co_lead_70_22 sat=56 tol=45 target=56 trust=0.0 phase=active streak=0 cd=-1 mrr=860 bugs=2
PROBE CUST day=245 id=co_lead_75_24 sat=56 tol=45 target=56 trust=0.0 phase=active streak=0 cd=-1 mrr=785 bugs=2
PROBE CUST day=245 id=co_lead_81_27 sat=56 tol=51 target=56 trust=0.0 phase=active streak=0 cd=-1 mrr=2720 bugs=2
PROBE CUST day=245 id=co_lead_86_28 sat=56 tol=47 target=56 trust=0.0 phase=active streak=0 cd=-1 mrr=860 bugs=2
PROBE CUST day=245 id=co_lead_91_30 sat=56 tol=47 target=56 trust=0.0 phase=active streak=0 cd=-1 mrr=860 bugs=2
PROBE CUST day=245 id=co_lead_97_33 sat=56 tol=42 target=56 trust=0.0 phase=active streak=0 cd=-1 mrr=860 bugs=2
PROBE CUST day=245 id=co_lead_107_38 sat=56 tol=51 target=56 trust=0.0 phase=active streak=0 cd=-1 mrr=2420 bugs=2
PROBE CUST day=245 id=co_lead_110_39 sat=56 tol=51 target=56 trust=0.0 phase=active streak=0 cd=-1 mrr=2420 bugs=2
PROBE CUST day=245 id=co_lead_113_40 sat=56 tol=42 target=56 trust=0.0 phase=active streak=0 cd=-1 mrr=860 bugs=2
PROBE CUST day=245 id=co_lead_113_41 sat=56 tol=51 target=56 trust=0.0 phase=active streak=0 cd=-1 mrr=2420 bugs=2
PROBE CUST day=245 id=co_lead_123_45 sat=56 tol=42 target=56 trust=0.0 phase=active streak=0 cd=-1 mrr=860 bugs=2
PROBE CUST day=245 id=co_lead_128_46 sat=56 tol=42 target=56 trust=0.0 phase=active streak=0 cd=-1 mrr=785 bugs=2
PROBE CUST day=245 id=co_lead_128_47 sat=56 tol=51 target=56 trust=0.0 phase=active streak=0 cd=-1 mrr=2720 bugs=2
PROBE CUST day=245 id=co_lead_134_49 sat=56 tol=45 target=56 trust=0.0 phase=active streak=0 cd=-1 mrr=860 bugs=2
PROBE CUST day=245 id=co_lead_145_54 sat=56 tol=47 target=56 trust=0.0 phase=active streak=0 cd=-1 mrr=860 bugs=2
PROBE CUST day=245 id=co_lead_153_56 sat=56 tol=51 target=56 trust=0.0 phase=active streak=0 cd=-1 mrr=2420 bugs=2
PROBE CUST day=245 id=co_lead_159_60 sat=56 tol=45 target=56 trust=0.0 phase=active streak=0 cd=-1 mrr=785 bugs=2
PROBE CUST day=245 id=co_lead_164_61 sat=56 tol=45 target=56 trust=0.0 phase=active streak=0 cd=-1 mrr=860 bugs=2
PROBE SAT day=245 satisfied=25/25 target=56
[HRSystem] Daily tick — 1 employees (0 izinde)
[SalesSystem] Daily tick — MRR $32495
[TimeManager] Daily tick — Day 246 (Δ 16 ms)
PROBE STATE day=246 cash=110996 mrr=32495 brand=50 burn=260 runway=INF cust=25 emp=1 promises=4 phase=2 aud=0 sat=-1 bugs=3 q=40.9 appetite=closed streak=0/3 profit_streak=5
PROBE CUST day=246 id=co_lead_31_4 sat=56 tol=47 target=56 trust=0.0 phase=active streak=0 cd=-1 mrr=785 bugs=3
PROBE CUST day=246 id=co_lead_31_5 sat=56 tol=47 target=56 trust=0.0 phase=active streak=0 cd=-1 mrr=860 bugs=3
PROBE CUST day=246 id=co_lead_37_7 sat=56 tol=42 target=56 trust=0.0 phase=active streak=0 cd=-1 mrr=860 bugs=3
PROBE CUST day=246 id=co_lead_51_13 sat=56 tol=51 target=56 trust=0.0 phase=active streak=0 cd=-1 mrr=2420 bugs=3
PROBE CUST day=246 id=co_lead_58_16 sat=56 tol=42 target=56 trust=0.0 phase=active streak=0 cd=-1 mrr=785 bugs=3
PROBE CUST day=246 id=co_lead_64_19 sat=56 tol=42 target=56 trust=0.0 phase=active streak=0 cd=-1 mrr=785 bugs=3
PROBE CUST day=246 id=co_lead_70_21 sat=56 tol=47 target=56 trust=0.0 phase=active streak=0 cd=-1 mrr=785 bugs=3
PROBE CUST day=246 id=co_lead_70_22 sat=56 tol=45 target=56 trust=0.0 phase=active streak=0 cd=-1 mrr=860 bugs=3
PROBE CUST day=246 id=co_lead_75_24 sat=56 tol=45 target=56 trust=0.0 phase=active streak=0 cd=-1 mrr=785 bugs=3
PROBE CUST day=246 id=co_lead_81_27 sat=56 tol=51 target=56 trust=0.0 phase=active streak=0 cd=-1 mrr=2720 bugs=3
PROBE CUST day=246 id=co_lead_86_28 sat=56 tol=47 target=56 trust=0.0 phase=active streak=0 cd=-1 mrr=860 bugs=3
PROBE CUST day=246 id=co_lead_91_30 sat=56 tol=47 target=56 trust=0.0 phase=active streak=0 cd=-1 mrr=860 bugs=3
PROBE CUST day=246 id=co_lead_97_33 sat=56 tol=42 target=56 trust=0.0 phase=active streak=0 cd=-1 mrr=860 bugs=3
PROBE CUST day=246 id=co_lead_107_38 sat=56 tol=51 target=56 trust=0.0 phase=active streak=0 cd=-1 mrr=2420 bugs=3
PROBE CUST day=246 id=co_lead_110_39 sat=56 tol=51 target=56 trust=0.0 phase=active streak=0 cd=-1 mrr=2420 bugs=3
PROBE CUST day=246 id=co_lead_113_40 sat=56 tol=42 target=56 trust=0.0 phase=active streak=0 cd=-1 mrr=860 bugs=3
PROBE CUST day=246 id=co_lead_113_41 sat=56 tol=51 target=56 trust=0.0 phase=active streak=0 cd=-1 mrr=2420 bugs=3
PROBE CUST day=246 id=co_lead_123_45 sat=56 tol=42 target=56 trust=0.0 phase=active streak=0 cd=-1 mrr=860 bugs=3
PROBE CUST day=246 id=co_lead_128_46 sat=56 tol=42 target=56 trust=0.0 phase=active streak=0 cd=-1 mrr=785 bugs=3
PROBE CUST day=246 id=co_lead_128_47 sat=56 tol=51 target=56 trust=0.0 phase=active streak=0 cd=-1 mrr=2720 bugs=3
PROBE CUST day=246 id=co_lead_134_49 sat=56 tol=45 target=56 trust=0.0 phase=active streak=0 cd=-1 mrr=860 bugs=3
PROBE CUST day=246 id=co_lead_145_54 sat=56 tol=47 target=56 trust=0.0 phase=active streak=0 cd=-1 mrr=860 bugs=3
PROBE CUST day=246 id=co_lead_153_56 sat=56 tol=51 target=56 trust=0.0 phase=active streak=0 cd=-1 mrr=2420 bugs=3
PROBE CUST day=246 id=co_lead_159_60 sat=56 tol=45 target=56 trust=0.0 phase=active streak=0 cd=-1 mrr=785 bugs=3
PROBE CUST day=246 id=co_lead_164_61 sat=56 tol=45 target=56 trust=0.0 phase=active streak=0 cd=-1 mrr=860 bugs=3
PROBE SAT day=246 satisfied=25/25 target=56
[HRSystem] Daily tick — 1 employees (0 izinde)
[SalesSystem] Daily tick — MRR $32495
[TimeManager] Daily tick — Day 247 (Δ 17 ms)
PROBE STATE day=247 cash=111819 mrr=32495 brand=50 burn=260 runway=INF cust=25 emp=1 promises=4 phase=2 aud=0 sat=-1 bugs=4 q=40.6 appetite=closed streak=0/3 profit_streak=5
PROBE CUST day=247 id=co_lead_31_4 sat=55 tol=47 target=55 trust=0.0 phase=active streak=0 cd=-1 mrr=785 bugs=4
PROBE CUST day=247 id=co_lead_31_5 sat=55 tol=47 target=55 trust=0.0 phase=active streak=0 cd=-1 mrr=860 bugs=4
PROBE CUST day=247 id=co_lead_37_7 sat=55 tol=42 target=55 trust=0.0 phase=active streak=0 cd=-1 mrr=860 bugs=4
PROBE CUST day=247 id=co_lead_51_13 sat=55 tol=51 target=55 trust=0.0 phase=active streak=0 cd=-1 mrr=2420 bugs=4
PROBE CUST day=247 id=co_lead_58_16 sat=55 tol=42 target=55 trust=0.0 phase=active streak=0 cd=-1 mrr=785 bugs=4
PROBE CUST day=247 id=co_lead_64_19 sat=55 tol=42 target=55 trust=0.0 phase=active streak=0 cd=-1 mrr=785 bugs=4
PROBE CUST day=247 id=co_lead_70_21 sat=55 tol=47 target=55 trust=0.0 phase=active streak=0 cd=-1 mrr=785 bugs=4
PROBE CUST day=247 id=co_lead_70_22 sat=55 tol=45 target=55 trust=0.0 phase=active streak=0 cd=-1 mrr=860 bugs=4
PROBE CUST day=247 id=co_lead_75_24 sat=55 tol=45 target=55 trust=0.0 phase=active streak=0 cd=-1 mrr=785 bugs=4
PROBE CUST day=247 id=co_lead_81_27 sat=55 tol=51 target=55 trust=0.0 phase=active streak=0 cd=-1 mrr=2720 bugs=4
PROBE CUST day=247 id=co_lead_86_28 sat=55 tol=47 target=55 trust=0.0 phase=active streak=0 cd=-1 mrr=860 bugs=4
PROBE CUST day=247 id=co_lead_91_30 sat=55 tol=47 target=55 trust=0.0 phase=active streak=0 cd=-1 mrr=860 bugs=4
PROBE CUST day=247 id=co_lead_97_33 sat=55 tol=42 target=55 trust=0.0 phase=active streak=0 cd=-1 mrr=860 bugs=4
PROBE CUST day=247 id=co_lead_107_38 sat=55 tol=51 target=55 trust=0.0 phase=active streak=0 cd=-1 mrr=2420 bugs=4
PROBE CUST day=247 id=co_lead_110_39 sat=55 tol=51 target=55 trust=0.0 phase=active streak=0 cd=-1 mrr=2420 bugs=4
PROBE CUST day=247 id=co_lead_113_40 sat=55 tol=42 target=55 trust=0.0 phase=active streak=0 cd=-1 mrr=860 bugs=4
PROBE CUST day=247 id=co_lead_113_41 sat=55 tol=51 target=55 trust=0.0 phase=active streak=0 cd=-1 mrr=2420 bugs=4
PROBE CUST day=247 id=co_lead_123_45 sat=55 tol=42 target=55 trust=0.0 phase=active streak=0 cd=-1 mrr=860 bugs=4
PROBE CUST day=247 id=co_lead_128_46 sat=55 tol=42 target=55 trust=0.0 phase=active streak=0 cd=-1 mrr=785 bugs=4
PROBE CUST day=247 id=co_lead_128_47 sat=55 tol=51 target=55 trust=0.0 phase=active streak=0 cd=-1 mrr=2720 bugs=4
PROBE CUST day=247 id=co_lead_134_49 sat=55 tol=45 target=55 trust=0.0 phase=active streak=0 cd=-1 mrr=860 bugs=4
PROBE CUST day=247 id=co_lead_145_54 sat=55 tol=47 target=55 trust=0.0 phase=active streak=0 cd=-1 mrr=860 bugs=4
PROBE CUST day=247 id=co_lead_153_56 sat=55 tol=51 target=55 trust=0.0 phase=active streak=0 cd=-1 mrr=2420 bugs=4
PROBE CUST day=247 id=co_lead_159_60 sat=55 tol=45 target=55 trust=0.0 phase=active streak=0 cd=-1 mrr=785 bugs=4
PROBE CUST day=247 id=co_lead_164_61 sat=55 tol=45 target=55 trust=0.0 phase=active streak=0 cd=-1 mrr=860 bugs=4
PROBE SAT day=247 satisfied=25/25 target=55
[HRSystem] Daily tick — 1 employees (0 izinde)
[SalesSystem] Daily tick — MRR $32495
[TimeManager] Daily tick — Day 248 (Δ 15 ms)
PROBE STATE day=248 cash=112642 mrr=32495 brand=50 burn=260 runway=INF cust=25 emp=1 promises=4 phase=2 aud=0 sat=-1 bugs=4 q=40.5 appetite=closed streak=0/3 profit_streak=5
PROBE CUST day=248 id=co_lead_31_4 sat=55 tol=47 target=55 trust=0.0 phase=active streak=0 cd=-1 mrr=785 bugs=4
PROBE CUST day=248 id=co_lead_31_5 sat=55 tol=47 target=55 trust=0.0 phase=active streak=0 cd=-1 mrr=860 bugs=4
PROBE CUST day=248 id=co_lead_37_7 sat=55 tol=42 target=55 trust=0.0 phase=active streak=0 cd=-1 mrr=860 bugs=4
PROBE CUST day=248 id=co_lead_51_13 sat=55 tol=51 target=55 trust=0.0 phase=active streak=0 cd=-1 mrr=2420 bugs=4
PROBE CUST day=248 id=co_lead_58_16 sat=55 tol=42 target=55 trust=0.0 phase=active streak=0 cd=-1 mrr=785 bugs=4
PROBE CUST day=248 id=co_lead_64_19 sat=55 tol=42 target=55 trust=0.0 phase=active streak=0 cd=-1 mrr=785 bugs=4
PROBE CUST day=248 id=co_lead_70_21 sat=55 tol=47 target=55 trust=0.0 phase=active streak=0 cd=-1 mrr=785 bugs=4
PROBE CUST day=248 id=co_lead_70_22 sat=55 tol=45 target=55 trust=0.0 phase=active streak=0 cd=-1 mrr=860 bugs=4
PROBE CUST day=248 id=co_lead_75_24 sat=55 tol=45 target=55 trust=0.0 phase=active streak=0 cd=-1 mrr=785 bugs=4
PROBE CUST day=248 id=co_lead_81_27 sat=55 tol=51 target=55 trust=0.0 phase=active streak=0 cd=-1 mrr=2720 bugs=4
PROBE CUST day=248 id=co_lead_86_28 sat=55 tol=47 target=55 trust=0.0 phase=active streak=0 cd=-1 mrr=860 bugs=4
PROBE CUST day=248 id=co_lead_91_30 sat=55 tol=47 target=55 trust=0.0 phase=active streak=0 cd=-1 mrr=860 bugs=4
PROBE CUST day=248 id=co_lead_97_33 sat=55 tol=42 target=55 trust=0.0 phase=active streak=0 cd=-1 mrr=860 bugs=4
PROBE CUST day=248 id=co_lead_107_38 sat=55 tol=51 target=55 trust=0.0 phase=active streak=0 cd=-1 mrr=2420 bugs=4
PROBE CUST day=248 id=co_lead_110_39 sat=55 tol=51 target=55 trust=0.0 phase=active streak=0 cd=-1 mrr=2420 bugs=4
PROBE CUST day=248 id=co_lead_113_40 sat=55 tol=42 target=55 trust=0.0 phase=active streak=0 cd=-1 mrr=860 bugs=4
PROBE CUST day=248 id=co_lead_113_41 sat=55 tol=51 target=55 trust=0.0 phase=active streak=0 cd=-1 mrr=2420 bugs=4
PROBE CUST day=248 id=co_lead_123_45 sat=55 tol=42 target=55 trust=0.0 phase=active streak=0 cd=-1 mrr=860 bugs=4
PROBE CUST day=248 id=co_lead_128_46 sat=55 tol=42 target=55 trust=0.0 phase=active streak=0 cd=-1 mrr=785 bugs=4
PROBE CUST day=248 id=co_lead_128_47 sat=55 tol=51 target=55 trust=0.0 phase=active streak=0 cd=-1 mrr=2720 bugs=4
PROBE CUST day=248 id=co_lead_134_49 sat=55 tol=45 target=55 trust=0.0 phase=active streak=0 cd=-1 mrr=860 bugs=4
PROBE CUST day=248 id=co_lead_145_54 sat=55 tol=47 target=55 trust=0.0 phase=active streak=0 cd=-1 mrr=860 bugs=4
PROBE CUST day=248 id=co_lead_153_56 sat=55 tol=51 target=55 trust=0.0 phase=active streak=0 cd=-1 mrr=2420 bugs=4
PROBE CUST day=248 id=co_lead_159_60 sat=55 tol=45 target=55 trust=0.0 phase=active streak=0 cd=-1 mrr=785 bugs=4
PROBE CUST day=248 id=co_lead_164_61 sat=55 tol=45 target=55 trust=0.0 phase=active streak=0 cd=-1 mrr=860 bugs=4
PROBE SAT day=248 satisfied=25/25 target=55
[HRSystem] Daily tick — 1 employees (0 izinde)
[SalesSystem] Daily tick — MRR $32495
[TimeManager] Daily tick — Day 249 (Δ 19 ms)
PROBE PLAY day=249 find_prospects (+2)
PROBE STATE day=249 cash=113465 mrr=32495 brand=50 burn=260 runway=INF cust=25 emp=1 promises=4 phase=2 aud=0 sat=-1 bugs=5 q=40.2 appetite=closed streak=0/3 profit_streak=5
PROBE CUST day=249 id=co_lead_31_4 sat=55 tol=47 target=55 trust=0.0 phase=active streak=0 cd=-1 mrr=785 bugs=5
PROBE CUST day=249 id=co_lead_31_5 sat=55 tol=47 target=55 trust=0.0 phase=active streak=0 cd=-1 mrr=860 bugs=5
PROBE CUST day=249 id=co_lead_37_7 sat=55 tol=42 target=55 trust=0.0 phase=active streak=0 cd=-1 mrr=860 bugs=5
PROBE CUST day=249 id=co_lead_51_13 sat=55 tol=51 target=55 trust=0.0 phase=active streak=0 cd=-1 mrr=2420 bugs=5
PROBE CUST day=249 id=co_lead_58_16 sat=55 tol=42 target=55 trust=0.0 phase=active streak=0 cd=-1 mrr=785 bugs=5
PROBE CUST day=249 id=co_lead_64_19 sat=55 tol=42 target=55 trust=0.0 phase=active streak=0 cd=-1 mrr=785 bugs=5
PROBE CUST day=249 id=co_lead_70_21 sat=55 tol=47 target=55 trust=0.0 phase=active streak=0 cd=-1 mrr=785 bugs=5
PROBE CUST day=249 id=co_lead_70_22 sat=55 tol=45 target=55 trust=0.0 phase=active streak=0 cd=-1 mrr=860 bugs=5
PROBE CUST day=249 id=co_lead_75_24 sat=55 tol=45 target=55 trust=0.0 phase=active streak=0 cd=-1 mrr=785 bugs=5
PROBE CUST day=249 id=co_lead_81_27 sat=55 tol=51 target=55 trust=0.0 phase=active streak=0 cd=-1 mrr=2720 bugs=5
PROBE CUST day=249 id=co_lead_86_28 sat=55 tol=47 target=55 trust=0.0 phase=active streak=0 cd=-1 mrr=860 bugs=5
PROBE CUST day=249 id=co_lead_91_30 sat=55 tol=47 target=55 trust=0.0 phase=active streak=0 cd=-1 mrr=860 bugs=5
PROBE CUST day=249 id=co_lead_97_33 sat=55 tol=42 target=55 trust=0.0 phase=active streak=0 cd=-1 mrr=860 bugs=5
PROBE CUST day=249 id=co_lead_107_38 sat=55 tol=51 target=55 trust=0.0 phase=active streak=0 cd=-1 mrr=2420 bugs=5
PROBE CUST day=249 id=co_lead_110_39 sat=55 tol=51 target=55 trust=0.0 phase=active streak=0 cd=-1 mrr=2420 bugs=5
PROBE CUST day=249 id=co_lead_113_40 sat=55 tol=42 target=55 trust=0.0 phase=active streak=0 cd=-1 mrr=860 bugs=5
PROBE CUST day=249 id=co_lead_113_41 sat=55 tol=51 target=55 trust=0.0 phase=active streak=0 cd=-1 mrr=2420 bugs=5
PROBE CUST day=249 id=co_lead_123_45 sat=55 tol=42 target=55 trust=0.0 phase=active streak=0 cd=-1 mrr=860 bugs=5
PROBE CUST day=249 id=co_lead_128_46 sat=55 tol=42 target=55 trust=0.0 phase=active streak=0 cd=-1 mrr=785 bugs=5
PROBE CUST day=249 id=co_lead_128_47 sat=55 tol=51 target=55 trust=0.0 phase=active streak=0 cd=-1 mrr=2720 bugs=5
PROBE CUST day=249 id=co_lead_134_49 sat=55 tol=45 target=55 trust=0.0 phase=active streak=0 cd=-1 mrr=860 bugs=5
PROBE CUST day=249 id=co_lead_145_54 sat=55 tol=47 target=55 trust=0.0 phase=active streak=0 cd=-1 mrr=860 bugs=5
PROBE CUST day=249 id=co_lead_153_56 sat=55 tol=51 target=55 trust=0.0 phase=active streak=0 cd=-1 mrr=2420 bugs=5
PROBE CUST day=249 id=co_lead_159_60 sat=55 tol=45 target=55 trust=0.0 phase=active streak=0 cd=-1 mrr=785 bugs=5
PROBE CUST day=249 id=co_lead_164_61 sat=55 tol=45 target=55 trust=0.0 phase=active streak=0 cd=-1 mrr=860 bugs=5
PROBE SAT day=249 satisfied=25/25 target=55
[HRSystem] Daily tick — 1 employees (0 izinde)
[SalesSystem] Daily tick — MRR $32495
[TimeManager] Daily tick — Day 250 (Δ 15 ms)
[ProductSystem] Bug sprint started: 6 bugs, 2 days
PROBE PLAY day=250 bug_sprint bugs=6
PROBE STATE day=250 cash=114288 mrr=32495 brand=50 burn=260 runway=INF cust=25 emp=1 promises=4 phase=2 aud=0 sat=-1 bugs=6 q=39.9 appetite=closed streak=0/3 profit_streak=5
PROBE CUST day=250 id=co_lead_31_4 sat=54 tol=47 target=54 trust=0.0 phase=active streak=0 cd=-1 mrr=785 bugs=6
PROBE CUST day=250 id=co_lead_31_5 sat=54 tol=47 target=54 trust=0.0 phase=active streak=0 cd=-1 mrr=860 bugs=6
PROBE CUST day=250 id=co_lead_37_7 sat=54 tol=42 target=54 trust=0.0 phase=active streak=0 cd=-1 mrr=860 bugs=6
PROBE CUST day=250 id=co_lead_51_13 sat=54 tol=51 target=54 trust=0.0 phase=active streak=0 cd=-1 mrr=2420 bugs=6
PROBE CUST day=250 id=co_lead_58_16 sat=54 tol=42 target=54 trust=0.0 phase=active streak=0 cd=-1 mrr=785 bugs=6
PROBE CUST day=250 id=co_lead_64_19 sat=54 tol=42 target=54 trust=0.0 phase=active streak=0 cd=-1 mrr=785 bugs=6
PROBE CUST day=250 id=co_lead_70_21 sat=54 tol=47 target=54 trust=0.0 phase=active streak=0 cd=-1 mrr=785 bugs=6
PROBE CUST day=250 id=co_lead_70_22 sat=54 tol=45 target=54 trust=0.0 phase=active streak=0 cd=-1 mrr=860 bugs=6
PROBE CUST day=250 id=co_lead_75_24 sat=54 tol=45 target=54 trust=0.0 phase=active streak=0 cd=-1 mrr=785 bugs=6
PROBE CUST day=250 id=co_lead_81_27 sat=54 tol=51 target=54 trust=0.0 phase=active streak=0 cd=-1 mrr=2720 bugs=6
PROBE CUST day=250 id=co_lead_86_28 sat=54 tol=47 target=54 trust=0.0 phase=active streak=0 cd=-1 mrr=860 bugs=6
PROBE CUST day=250 id=co_lead_91_30 sat=54 tol=47 target=54 trust=0.0 phase=active streak=0 cd=-1 mrr=860 bugs=6
PROBE CUST day=250 id=co_lead_97_33 sat=54 tol=42 target=54 trust=0.0 phase=active streak=0 cd=-1 mrr=860 bugs=6
PROBE CUST day=250 id=co_lead_107_38 sat=54 tol=51 target=54 trust=0.0 phase=active streak=0 cd=-1 mrr=2420 bugs=6
PROBE CUST day=250 id=co_lead_110_39 sat=54 tol=51 target=54 trust=0.0 phase=active streak=0 cd=-1 mrr=2420 bugs=6
PROBE CUST day=250 id=co_lead_113_40 sat=54 tol=42 target=54 trust=0.0 phase=active streak=0 cd=-1 mrr=860 bugs=6
PROBE CUST day=250 id=co_lead_113_41 sat=54 tol=51 target=54 trust=0.0 phase=active streak=0 cd=-1 mrr=2420 bugs=6
PROBE CUST day=250 id=co_lead_123_45 sat=54 tol=42 target=54 trust=0.0 phase=active streak=0 cd=-1 mrr=860 bugs=6
PROBE CUST day=250 id=co_lead_128_46 sat=54 tol=42 target=54 trust=0.0 phase=active streak=0 cd=-1 mrr=785 bugs=6
PROBE CUST day=250 id=co_lead_128_47 sat=54 tol=51 target=54 trust=0.0 phase=active streak=0 cd=-1 mrr=2720 bugs=6
PROBE CUST day=250 id=co_lead_134_49 sat=54 tol=45 target=54 trust=0.0 phase=active streak=0 cd=-1 mrr=860 bugs=6
PROBE CUST day=250 id=co_lead_145_54 sat=54 tol=47 target=54 trust=0.0 phase=active streak=0 cd=-1 mrr=860 bugs=6
PROBE CUST day=250 id=co_lead_153_56 sat=54 tol=51 target=54 trust=0.0 phase=active streak=0 cd=-1 mrr=2420 bugs=6
PROBE CUST day=250 id=co_lead_159_60 sat=54 tol=45 target=54 trust=0.0 phase=active streak=0 cd=-1 mrr=785 bugs=6
PROBE CUST day=250 id=co_lead_164_61 sat=54 tol=45 target=54 trust=0.0 phase=active streak=0 cd=-1 mrr=860 bugs=6
PROBE SAT day=250 satisfied=25/25 target=54
[HRSystem] Daily tick — 1 employees (0 izinde)
[SalesSystem] Daily tick — MRR $32495
[TimeManager] Daily tick — Day 251 (Δ 14 ms)
PROBE STATE day=251 cash=115111 mrr=32495 brand=50 burn=260 runway=INF cust=25 emp=1 promises=4 phase=2 aud=0 sat=-1 bugs=3 q=40.8 appetite=closed streak=0/3 profit_streak=5
PROBE CUST day=251 id=co_lead_31_4 sat=56 tol=47 target=56 trust=0.0 phase=active streak=0 cd=-1 mrr=785 bugs=3
PROBE CUST day=251 id=co_lead_31_5 sat=56 tol=47 target=56 trust=0.0 phase=active streak=0 cd=-1 mrr=860 bugs=3
PROBE CUST day=251 id=co_lead_37_7 sat=56 tol=42 target=56 trust=0.0 phase=active streak=0 cd=-1 mrr=860 bugs=3
PROBE CUST day=251 id=co_lead_51_13 sat=56 tol=51 target=56 trust=0.0 phase=active streak=0 cd=-1 mrr=2420 bugs=3
PROBE CUST day=251 id=co_lead_58_16 sat=56 tol=42 target=56 trust=0.0 phase=active streak=0 cd=-1 mrr=785 bugs=3
PROBE CUST day=251 id=co_lead_64_19 sat=56 tol=42 target=56 trust=0.0 phase=active streak=0 cd=-1 mrr=785 bugs=3
PROBE CUST day=251 id=co_lead_70_21 sat=56 tol=47 target=56 trust=0.0 phase=active streak=0 cd=-1 mrr=785 bugs=3
PROBE CUST day=251 id=co_lead_70_22 sat=56 tol=45 target=56 trust=0.0 phase=active streak=0 cd=-1 mrr=860 bugs=3
PROBE CUST day=251 id=co_lead_75_24 sat=56 tol=45 target=56 trust=0.0 phase=active streak=0 cd=-1 mrr=785 bugs=3
PROBE CUST day=251 id=co_lead_81_27 sat=56 tol=51 target=56 trust=0.0 phase=active streak=0 cd=-1 mrr=2720 bugs=3
PROBE CUST day=251 id=co_lead_86_28 sat=56 tol=47 target=56 trust=0.0 phase=active streak=0 cd=-1 mrr=860 bugs=3
PROBE CUST day=251 id=co_lead_91_30 sat=56 tol=47 target=56 trust=0.0 phase=active streak=0 cd=-1 mrr=860 bugs=3
PROBE CUST day=251 id=co_lead_97_33 sat=56 tol=42 target=56 trust=0.0 phase=active streak=0 cd=-1 mrr=860 bugs=3
PROBE CUST day=251 id=co_lead_107_38 sat=56 tol=51 target=56 trust=0.0 phase=active streak=0 cd=-1 mrr=2420 bugs=3
PROBE CUST day=251 id=co_lead_110_39 sat=56 tol=51 target=56 trust=0.0 phase=active streak=0 cd=-1 mrr=2420 bugs=3
PROBE CUST day=251 id=co_lead_113_40 sat=56 tol=42 target=56 trust=0.0 phase=active streak=0 cd=-1 mrr=860 bugs=3
PROBE CUST day=251 id=co_lead_113_41 sat=56 tol=51 target=56 trust=0.0 phase=active streak=0 cd=-1 mrr=2420 bugs=3
PROBE CUST day=251 id=co_lead_123_45 sat=56 tol=42 target=56 trust=0.0 phase=active streak=0 cd=-1 mrr=860 bugs=3
PROBE CUST day=251 id=co_lead_128_46 sat=56 tol=42 target=56 trust=0.0 phase=active streak=0 cd=-1 mrr=785 bugs=3
PROBE CUST day=251 id=co_lead_128_47 sat=56 tol=51 target=56 trust=0.0 phase=active streak=0 cd=-1 mrr=2720 bugs=3
PROBE CUST day=251 id=co_lead_134_49 sat=56 tol=45 target=56 trust=0.0 phase=active streak=0 cd=-1 mrr=860 bugs=3
PROBE CUST day=251 id=co_lead_145_54 sat=56 tol=47 target=56 trust=0.0 phase=active streak=0 cd=-1 mrr=860 bugs=3
PROBE CUST day=251 id=co_lead_153_56 sat=56 tol=51 target=56 trust=0.0 phase=active streak=0 cd=-1 mrr=2420 bugs=3
PROBE CUST day=251 id=co_lead_159_60 sat=56 tol=45 target=56 trust=0.0 phase=active streak=0 cd=-1 mrr=785 bugs=3
PROBE CUST day=251 id=co_lead_164_61 sat=56 tol=45 target=56 trust=0.0 phase=active streak=0 cd=-1 mrr=860 bugs=3
PROBE SAT day=251 satisfied=25/25 target=56
[ProductSystem] Bug sprint complete. live_bug now 0
[HRSystem] Daily tick — 1 employees (0 izinde)
[SalesSystem] Daily tick — MRR $32495
[TimeManager] Daily tick — Day 252 (Δ 16 ms)
PROBE STATE day=252 cash=115934 mrr=32495 brand=50 burn=260 runway=INF cust=25 emp=1 promises=4 phase=2 aud=0 sat=-1 bugs=0 q=41.6 appetite=closed streak=0/3 profit_streak=5
PROBE CUST day=252 id=co_lead_31_4 sat=58 tol=47 target=58 trust=0.0 phase=active streak=0 cd=-1 mrr=785 bugs=0
PROBE CUST day=252 id=co_lead_31_5 sat=58 tol=47 target=58 trust=0.0 phase=active streak=0 cd=-1 mrr=860 bugs=0
PROBE CUST day=252 id=co_lead_37_7 sat=58 tol=42 target=58 trust=0.0 phase=active streak=0 cd=-1 mrr=860 bugs=0
PROBE CUST day=252 id=co_lead_51_13 sat=58 tol=51 target=58 trust=0.0 phase=active streak=0 cd=-1 mrr=2420 bugs=0
PROBE CUST day=252 id=co_lead_58_16 sat=58 tol=42 target=58 trust=0.0 phase=active streak=0 cd=-1 mrr=785 bugs=0
PROBE CUST day=252 id=co_lead_64_19 sat=58 tol=42 target=58 trust=0.0 phase=active streak=0 cd=-1 mrr=785 bugs=0
PROBE CUST day=252 id=co_lead_70_21 sat=58 tol=47 target=58 trust=0.0 phase=active streak=0 cd=-1 mrr=785 bugs=0
PROBE CUST day=252 id=co_lead_70_22 sat=58 tol=45 target=58 trust=0.0 phase=active streak=0 cd=-1 mrr=860 bugs=0
PROBE CUST day=252 id=co_lead_75_24 sat=58 tol=45 target=58 trust=0.0 phase=active streak=0 cd=-1 mrr=785 bugs=0
PROBE CUST day=252 id=co_lead_81_27 sat=58 tol=51 target=58 trust=0.0 phase=active streak=0 cd=-1 mrr=2720 bugs=0
PROBE CUST day=252 id=co_lead_86_28 sat=58 tol=47 target=58 trust=0.0 phase=active streak=0 cd=-1 mrr=860 bugs=0
PROBE CUST day=252 id=co_lead_91_30 sat=58 tol=47 target=58 trust=0.0 phase=active streak=0 cd=-1 mrr=860 bugs=0
PROBE CUST day=252 id=co_lead_97_33 sat=58 tol=42 target=58 trust=0.0 phase=active streak=0 cd=-1 mrr=860 bugs=0
PROBE CUST day=252 id=co_lead_107_38 sat=58 tol=51 target=58 trust=0.0 phase=active streak=0 cd=-1 mrr=2420 bugs=0
PROBE CUST day=252 id=co_lead_110_39 sat=58 tol=51 target=58 trust=0.0 phase=active streak=0 cd=-1 mrr=2420 bugs=0
PROBE CUST day=252 id=co_lead_113_40 sat=58 tol=42 target=58 trust=0.0 phase=active streak=0 cd=-1 mrr=860 bugs=0
PROBE CUST day=252 id=co_lead_113_41 sat=58 tol=51 target=58 trust=0.0 phase=active streak=0 cd=-1 mrr=2420 bugs=0
PROBE CUST day=252 id=co_lead_123_45 sat=58 tol=42 target=58 trust=0.0 phase=active streak=0 cd=-1 mrr=860 bugs=0
PROBE CUST day=252 id=co_lead_128_46 sat=58 tol=42 target=58 trust=0.0 phase=active streak=0 cd=-1 mrr=785 bugs=0
PROBE CUST day=252 id=co_lead_128_47 sat=58 tol=51 target=58 trust=0.0 phase=active streak=0 cd=-1 mrr=2720 bugs=0
PROBE CUST day=252 id=co_lead_134_49 sat=58 tol=45 target=58 trust=0.0 phase=active streak=0 cd=-1 mrr=860 bugs=0
PROBE CUST day=252 id=co_lead_145_54 sat=58 tol=47 target=58 trust=0.0 phase=active streak=0 cd=-1 mrr=860 bugs=0
PROBE CUST day=252 id=co_lead_153_56 sat=58 tol=51 target=58 trust=0.0 phase=active streak=0 cd=-1 mrr=2420 bugs=0
PROBE CUST day=252 id=co_lead_159_60 sat=58 tol=45 target=58 trust=0.0 phase=active streak=0 cd=-1 mrr=785 bugs=0
PROBE CUST day=252 id=co_lead_164_61 sat=58 tol=45 target=58 trust=0.0 phase=active streak=0 cd=-1 mrr=860 bugs=0
PROBE SAT day=252 satisfied=25/25 target=58
PROBE FIRE day=252 hour=17 id=ev_ps_referral_b2b src=pool
[EventManager] Eligible: ev_ps_referral_b2b
[EventManager] Modal requested: ev_ps_referral_b2b
PROBE PICK day=252 id=ev_ps_referral_b2b choice=0 label=Kabul et — özellik sözü ver
[EventManager] Resolved: ev_ps_referral_b2b choice 0
[HRSystem] Daily tick — 1 employees (0 izinde)
[SalesSystem] Daily tick — MRR $32495
[TimeManager] Daily tick — Day 253 (Δ 22 ms)
PROBE STATE day=253 cash=116357 mrr=32495 brand=50 burn=260 runway=INF cust=25 emp=1 promises=4 phase=2 aud=0 sat=-1 bugs=0 q=41.6 appetite=closed streak=0/3 profit_streak=5
PROBE CUST day=253 id=co_lead_31_4 sat=58 tol=47 target=58 trust=0.0 phase=active streak=0 cd=-1 mrr=785 bugs=0
PROBE CUST day=253 id=co_lead_31_5 sat=58 tol=47 target=58 trust=0.0 phase=active streak=0 cd=-1 mrr=860 bugs=0
PROBE CUST day=253 id=co_lead_37_7 sat=58 tol=42 target=58 trust=0.0 phase=active streak=0 cd=-1 mrr=860 bugs=0
PROBE CUST day=253 id=co_lead_51_13 sat=58 tol=51 target=58 trust=0.0 phase=active streak=0 cd=-1 mrr=2420 bugs=0
PROBE CUST day=253 id=co_lead_58_16 sat=58 tol=42 target=58 trust=0.0 phase=active streak=0 cd=-1 mrr=785 bugs=0
PROBE CUST day=253 id=co_lead_64_19 sat=58 tol=42 target=58 trust=0.0 phase=active streak=0 cd=-1 mrr=785 bugs=0
PROBE CUST day=253 id=co_lead_70_21 sat=58 tol=47 target=58 trust=0.0 phase=active streak=0 cd=-1 mrr=785 bugs=0
PROBE CUST day=253 id=co_lead_70_22 sat=58 tol=45 target=58 trust=0.0 phase=active streak=0 cd=-1 mrr=860 bugs=0
PROBE CUST day=253 id=co_lead_75_24 sat=58 tol=45 target=58 trust=0.0 phase=active streak=0 cd=-1 mrr=785 bugs=0
PROBE CUST day=253 id=co_lead_81_27 sat=58 tol=51 target=58 trust=0.0 phase=active streak=0 cd=-1 mrr=2720 bugs=0
PROBE CUST day=253 id=co_lead_86_28 sat=58 tol=47 target=58 trust=0.0 phase=active streak=0 cd=-1 mrr=860 bugs=0
PROBE CUST day=253 id=co_lead_91_30 sat=58 tol=47 target=58 trust=0.0 phase=active streak=0 cd=-1 mrr=860 bugs=0
PROBE CUST day=253 id=co_lead_97_33 sat=58 tol=42 target=58 trust=0.0 phase=active streak=0 cd=-1 mrr=860 bugs=0
PROBE CUST day=253 id=co_lead_107_38 sat=58 tol=51 target=58 trust=0.0 phase=active streak=0 cd=-1 mrr=2420 bugs=0
PROBE CUST day=253 id=co_lead_110_39 sat=58 tol=51 target=58 trust=0.0 phase=active streak=0 cd=-1 mrr=2420 bugs=0
PROBE CUST day=253 id=co_lead_113_40 sat=58 tol=42 target=58 trust=0.0 phase=active streak=0 cd=-1 mrr=860 bugs=0
PROBE CUST day=253 id=co_lead_113_41 sat=58 tol=51 target=58 trust=0.0 phase=active streak=0 cd=-1 mrr=2420 bugs=0
PROBE CUST day=253 id=co_lead_123_45 sat=58 tol=42 target=58 trust=0.0 phase=active streak=0 cd=-1 mrr=860 bugs=0
PROBE CUST day=253 id=co_lead_128_46 sat=58 tol=42 target=58 trust=0.0 phase=active streak=0 cd=-1 mrr=785 bugs=0
PROBE CUST day=253 id=co_lead_128_47 sat=58 tol=51 target=58 trust=0.0 phase=active streak=0 cd=-1 mrr=2720 bugs=0
PROBE CUST day=253 id=co_lead_134_49 sat=58 tol=45 target=58 trust=0.0 phase=active streak=0 cd=-1 mrr=860 bugs=0
PROBE CUST day=253 id=co_lead_145_54 sat=58 tol=47 target=58 trust=0.0 phase=active streak=0 cd=-1 mrr=860 bugs=0
PROBE CUST day=253 id=co_lead_153_56 sat=58 tol=51 target=58 trust=0.0 phase=active streak=0 cd=-1 mrr=2420 bugs=0
PROBE CUST day=253 id=co_lead_159_60 sat=58 tol=45 target=58 trust=0.0 phase=active streak=0 cd=-1 mrr=785 bugs=0
PROBE CUST day=253 id=co_lead_164_61 sat=58 tol=45 target=58 trust=0.0 phase=active streak=0 cd=-1 mrr=860 bugs=0
PROBE SAT day=253 satisfied=25/25 target=58
[HRSystem] Daily tick — 1 employees (0 izinde)
[SalesSystem] Daily tick — MRR $32495
[TimeManager] Daily tick — Day 254 (Δ 16 ms)
PROBE PLAY day=254 find_prospects (+2)
PROBE STATE day=254 cash=117180 mrr=32495 brand=50 burn=260 runway=INF cust=25 emp=1 promises=4 phase=2 aud=0 sat=-1 bugs=1 q=41.3 appetite=closed streak=0/3 profit_streak=5
PROBE CUST day=254 id=co_lead_31_4 sat=57 tol=47 target=57 trust=0.0 phase=active streak=0 cd=-1 mrr=785 bugs=1
PROBE CUST day=254 id=co_lead_31_5 sat=57 tol=47 target=57 trust=0.0 phase=active streak=0 cd=-1 mrr=860 bugs=1
PROBE CUST day=254 id=co_lead_37_7 sat=57 tol=42 target=57 trust=0.0 phase=active streak=0 cd=-1 mrr=860 bugs=1
PROBE CUST day=254 id=co_lead_51_13 sat=57 tol=51 target=57 trust=0.0 phase=active streak=0 cd=-1 mrr=2420 bugs=1
PROBE CUST day=254 id=co_lead_58_16 sat=57 tol=42 target=57 trust=0.0 phase=active streak=0 cd=-1 mrr=785 bugs=1
PROBE CUST day=254 id=co_lead_64_19 sat=57 tol=42 target=57 trust=0.0 phase=active streak=0 cd=-1 mrr=785 bugs=1
PROBE CUST day=254 id=co_lead_70_21 sat=57 tol=47 target=57 trust=0.0 phase=active streak=0 cd=-1 mrr=785 bugs=1
PROBE CUST day=254 id=co_lead_70_22 sat=57 tol=45 target=57 trust=0.0 phase=active streak=0 cd=-1 mrr=860 bugs=1
PROBE CUST day=254 id=co_lead_75_24 sat=57 tol=45 target=57 trust=0.0 phase=active streak=0 cd=-1 mrr=785 bugs=1
PROBE CUST day=254 id=co_lead_81_27 sat=57 tol=51 target=57 trust=0.0 phase=active streak=0 cd=-1 mrr=2720 bugs=1
PROBE CUST day=254 id=co_lead_86_28 sat=57 tol=47 target=57 trust=0.0 phase=active streak=0 cd=-1 mrr=860 bugs=1
PROBE CUST day=254 id=co_lead_91_30 sat=57 tol=47 target=57 trust=0.0 phase=active streak=0 cd=-1 mrr=860 bugs=1
PROBE CUST day=254 id=co_lead_97_33 sat=57 tol=42 target=57 trust=0.0 phase=active streak=0 cd=-1 mrr=860 bugs=1
PROBE CUST day=254 id=co_lead_107_38 sat=57 tol=51 target=57 trust=0.0 phase=active streak=0 cd=-1 mrr=2420 bugs=1
PROBE CUST day=254 id=co_lead_110_39 sat=57 tol=51 target=57 trust=0.0 phase=active streak=0 cd=-1 mrr=2420 bugs=1
PROBE CUST day=254 id=co_lead_113_40 sat=57 tol=42 target=57 trust=0.0 phase=active streak=0 cd=-1 mrr=860 bugs=1
PROBE CUST day=254 id=co_lead_113_41 sat=57 tol=51 target=57 trust=0.0 phase=active streak=0 cd=-1 mrr=2420 bugs=1
PROBE CUST day=254 id=co_lead_123_45 sat=57 tol=42 target=57 trust=0.0 phase=active streak=0 cd=-1 mrr=860 bugs=1
PROBE CUST day=254 id=co_lead_128_46 sat=57 tol=42 target=57 trust=0.0 phase=active streak=0 cd=-1 mrr=785 bugs=1
PROBE CUST day=254 id=co_lead_128_47 sat=57 tol=51 target=57 trust=0.0 phase=active streak=0 cd=-1 mrr=2720 bugs=1
PROBE CUST day=254 id=co_lead_134_49 sat=57 tol=45 target=57 trust=0.0 phase=active streak=0 cd=-1 mrr=860 bugs=1
PROBE CUST day=254 id=co_lead_145_54 sat=57 tol=47 target=57 trust=0.0 phase=active streak=0 cd=-1 mrr=860 bugs=1
PROBE CUST day=254 id=co_lead_153_56 sat=57 tol=51 target=57 trust=0.0 phase=active streak=0 cd=-1 mrr=2420 bugs=1
PROBE CUST day=254 id=co_lead_159_60 sat=57 tol=45 target=57 trust=0.0 phase=active streak=0 cd=-1 mrr=785 bugs=1
PROBE CUST day=254 id=co_lead_164_61 sat=57 tol=45 target=57 trust=0.0 phase=active streak=0 cd=-1 mrr=860 bugs=1
PROBE SAT day=254 satisfied=25/25 target=57
[HRSystem] Daily tick — 1 employees (0 izinde)
[SalesSystem] Daily tick — MRR $32495
[TimeManager] Daily tick — Day 255 (Δ 16 ms)
PROBE STATE day=255 cash=118003 mrr=32495 brand=50 burn=260 runway=INF cust=25 emp=1 promises=4 phase=2 aud=0 sat=-1 bugs=2 q=41.0 appetite=closed streak=0/3 profit_streak=5
PROBE CUST day=255 id=co_lead_31_4 sat=56 tol=47 target=56 trust=0.0 phase=active streak=0 cd=-1 mrr=785 bugs=2
PROBE CUST day=255 id=co_lead_31_5 sat=56 tol=47 target=56 trust=0.0 phase=active streak=0 cd=-1 mrr=860 bugs=2
PROBE CUST day=255 id=co_lead_37_7 sat=56 tol=42 target=56 trust=0.0 phase=active streak=0 cd=-1 mrr=860 bugs=2
PROBE CUST day=255 id=co_lead_51_13 sat=56 tol=51 target=56 trust=0.0 phase=active streak=0 cd=-1 mrr=2420 bugs=2
PROBE CUST day=255 id=co_lead_58_16 sat=56 tol=42 target=56 trust=0.0 phase=active streak=0 cd=-1 mrr=785 bugs=2
PROBE CUST day=255 id=co_lead_64_19 sat=56 tol=42 target=56 trust=0.0 phase=active streak=0 cd=-1 mrr=785 bugs=2
PROBE CUST day=255 id=co_lead_70_21 sat=56 tol=47 target=56 trust=0.0 phase=active streak=0 cd=-1 mrr=785 bugs=2
PROBE CUST day=255 id=co_lead_70_22 sat=56 tol=45 target=56 trust=0.0 phase=active streak=0 cd=-1 mrr=860 bugs=2
PROBE CUST day=255 id=co_lead_75_24 sat=56 tol=45 target=56 trust=0.0 phase=active streak=0 cd=-1 mrr=785 bugs=2
PROBE CUST day=255 id=co_lead_81_27 sat=56 tol=51 target=56 trust=0.0 phase=active streak=0 cd=-1 mrr=2720 bugs=2
PROBE CUST day=255 id=co_lead_86_28 sat=56 tol=47 target=56 trust=0.0 phase=active streak=0 cd=-1 mrr=860 bugs=2
PROBE CUST day=255 id=co_lead_91_30 sat=56 tol=47 target=56 trust=0.0 phase=active streak=0 cd=-1 mrr=860 bugs=2
PROBE CUST day=255 id=co_lead_97_33 sat=56 tol=42 target=56 trust=0.0 phase=active streak=0 cd=-1 mrr=860 bugs=2
PROBE CUST day=255 id=co_lead_107_38 sat=56 tol=51 target=56 trust=0.0 phase=active streak=0 cd=-1 mrr=2420 bugs=2
PROBE CUST day=255 id=co_lead_110_39 sat=56 tol=51 target=56 trust=0.0 phase=active streak=0 cd=-1 mrr=2420 bugs=2
PROBE CUST day=255 id=co_lead_113_40 sat=56 tol=42 target=56 trust=0.0 phase=active streak=0 cd=-1 mrr=860 bugs=2
PROBE CUST day=255 id=co_lead_113_41 sat=56 tol=51 target=56 trust=0.0 phase=active streak=0 cd=-1 mrr=2420 bugs=2
PROBE CUST day=255 id=co_lead_123_45 sat=56 tol=42 target=56 trust=0.0 phase=active streak=0 cd=-1 mrr=860 bugs=2
PROBE CUST day=255 id=co_lead_128_46 sat=56 tol=42 target=56 trust=0.0 phase=active streak=0 cd=-1 mrr=785 bugs=2
PROBE CUST day=255 id=co_lead_128_47 sat=56 tol=51 target=56 trust=0.0 phase=active streak=0 cd=-1 mrr=2720 bugs=2
PROBE CUST day=255 id=co_lead_134_49 sat=56 tol=45 target=56 trust=0.0 phase=active streak=0 cd=-1 mrr=860 bugs=2
PROBE CUST day=255 id=co_lead_145_54 sat=56 tol=47 target=56 trust=0.0 phase=active streak=0 cd=-1 mrr=860 bugs=2
PROBE CUST day=255 id=co_lead_153_56 sat=56 tol=51 target=56 trust=0.0 phase=active streak=0 cd=-1 mrr=2420 bugs=2
PROBE CUST day=255 id=co_lead_159_60 sat=56 tol=45 target=56 trust=0.0 phase=active streak=0 cd=-1 mrr=785 bugs=2
PROBE CUST day=255 id=co_lead_164_61 sat=56 tol=45 target=56 trust=0.0 phase=active streak=0 cd=-1 mrr=860 bugs=2
PROBE SAT day=255 satisfied=25/25 target=56
[HRSystem] Daily tick — 1 employees (0 izinde)
[SalesSystem] Daily tick — MRR $32495
[TimeManager] Daily tick — Day 256 (Δ 17 ms)
PROBE STATE day=256 cash=118826 mrr=32495 brand=50 burn=260 runway=INF cust=25 emp=1 promises=4 phase=2 aud=0 sat=-1 bugs=2 q=41.0 appetite=closed streak=0/3 profit_streak=5
PROBE CUST day=256 id=co_lead_31_4 sat=56 tol=47 target=56 trust=0.0 phase=active streak=0 cd=-1 mrr=785 bugs=2
PROBE CUST day=256 id=co_lead_31_5 sat=56 tol=47 target=56 trust=0.0 phase=active streak=0 cd=-1 mrr=860 bugs=2
PROBE CUST day=256 id=co_lead_37_7 sat=56 tol=42 target=56 trust=0.0 phase=active streak=0 cd=-1 mrr=860 bugs=2
PROBE CUST day=256 id=co_lead_51_13 sat=56 tol=51 target=56 trust=0.0 phase=active streak=0 cd=-1 mrr=2420 bugs=2
PROBE CUST day=256 id=co_lead_58_16 sat=56 tol=42 target=56 trust=0.0 phase=active streak=0 cd=-1 mrr=785 bugs=2
PROBE CUST day=256 id=co_lead_64_19 sat=56 tol=42 target=56 trust=0.0 phase=active streak=0 cd=-1 mrr=785 bugs=2
PROBE CUST day=256 id=co_lead_70_21 sat=56 tol=47 target=56 trust=0.0 phase=active streak=0 cd=-1 mrr=785 bugs=2
PROBE CUST day=256 id=co_lead_70_22 sat=56 tol=45 target=56 trust=0.0 phase=active streak=0 cd=-1 mrr=860 bugs=2
PROBE CUST day=256 id=co_lead_75_24 sat=56 tol=45 target=56 trust=0.0 phase=active streak=0 cd=-1 mrr=785 bugs=2
PROBE CUST day=256 id=co_lead_81_27 sat=56 tol=51 target=56 trust=0.0 phase=active streak=0 cd=-1 mrr=2720 bugs=2
PROBE CUST day=256 id=co_lead_86_28 sat=56 tol=47 target=56 trust=0.0 phase=active streak=0 cd=-1 mrr=860 bugs=2
PROBE CUST day=256 id=co_lead_91_30 sat=56 tol=47 target=56 trust=0.0 phase=active streak=0 cd=-1 mrr=860 bugs=2
PROBE CUST day=256 id=co_lead_97_33 sat=56 tol=42 target=56 trust=0.0 phase=active streak=0 cd=-1 mrr=860 bugs=2
PROBE CUST day=256 id=co_lead_107_38 sat=56 tol=51 target=56 trust=0.0 phase=active streak=0 cd=-1 mrr=2420 bugs=2
PROBE CUST day=256 id=co_lead_110_39 sat=56 tol=51 target=56 trust=0.0 phase=active streak=0 cd=-1 mrr=2420 bugs=2
PROBE CUST day=256 id=co_lead_113_40 sat=56 tol=42 target=56 trust=0.0 phase=active streak=0 cd=-1 mrr=860 bugs=2
PROBE CUST day=256 id=co_lead_113_41 sat=56 tol=51 target=56 trust=0.0 phase=active streak=0 cd=-1 mrr=2420 bugs=2
PROBE CUST day=256 id=co_lead_123_45 sat=56 tol=42 target=56 trust=0.0 phase=active streak=0 cd=-1 mrr=860 bugs=2
PROBE CUST day=256 id=co_lead_128_46 sat=56 tol=42 target=56 trust=0.0 phase=active streak=0 cd=-1 mrr=785 bugs=2
PROBE CUST day=256 id=co_lead_128_47 sat=56 tol=51 target=56 trust=0.0 phase=active streak=0 cd=-1 mrr=2720 bugs=2
PROBE CUST day=256 id=co_lead_134_49 sat=56 tol=45 target=56 trust=0.0 phase=active streak=0 cd=-1 mrr=860 bugs=2
PROBE CUST day=256 id=co_lead_145_54 sat=56 tol=47 target=56 trust=0.0 phase=active streak=0 cd=-1 mrr=860 bugs=2
PROBE CUST day=256 id=co_lead_153_56 sat=56 tol=51 target=56 trust=0.0 phase=active streak=0 cd=-1 mrr=2420 bugs=2
PROBE CUST day=256 id=co_lead_159_60 sat=56 tol=45 target=56 trust=0.0 phase=active streak=0 cd=-1 mrr=785 bugs=2
PROBE CUST day=256 id=co_lead_164_61 sat=56 tol=45 target=56 trust=0.0 phase=active streak=0 cd=-1 mrr=860 bugs=2
PROBE SAT day=256 satisfied=25/25 target=56
[HRSystem] Daily tick — 1 employees (0 izinde)
[SalesSystem] Daily tick — MRR $32495
[TimeManager] Daily tick — Day 257 (Δ 18 ms)
PROBE STATE day=257 cash=119649 mrr=32495 brand=50 burn=260 runway=INF cust=25 emp=1 promises=4 phase=2 aud=0 sat=-1 bugs=3 q=40.7 appetite=closed streak=0/3 profit_streak=5
PROBE CUST day=257 id=co_lead_31_4 sat=56 tol=47 target=56 trust=0.0 phase=active streak=0 cd=-1 mrr=785 bugs=3
PROBE CUST day=257 id=co_lead_31_5 sat=56 tol=47 target=56 trust=0.0 phase=active streak=0 cd=-1 mrr=860 bugs=3
PROBE CUST day=257 id=co_lead_37_7 sat=56 tol=42 target=56 trust=0.0 phase=active streak=0 cd=-1 mrr=860 bugs=3
PROBE CUST day=257 id=co_lead_51_13 sat=56 tol=51 target=56 trust=0.0 phase=active streak=0 cd=-1 mrr=2420 bugs=3
PROBE CUST day=257 id=co_lead_58_16 sat=56 tol=42 target=56 trust=0.0 phase=active streak=0 cd=-1 mrr=785 bugs=3
PROBE CUST day=257 id=co_lead_64_19 sat=56 tol=42 target=56 trust=0.0 phase=active streak=0 cd=-1 mrr=785 bugs=3
PROBE CUST day=257 id=co_lead_70_21 sat=56 tol=47 target=56 trust=0.0 phase=active streak=0 cd=-1 mrr=785 bugs=3
PROBE CUST day=257 id=co_lead_70_22 sat=56 tol=45 target=56 trust=0.0 phase=active streak=0 cd=-1 mrr=860 bugs=3
PROBE CUST day=257 id=co_lead_75_24 sat=56 tol=45 target=56 trust=0.0 phase=active streak=0 cd=-1 mrr=785 bugs=3
PROBE CUST day=257 id=co_lead_81_27 sat=56 tol=51 target=56 trust=0.0 phase=active streak=0 cd=-1 mrr=2720 bugs=3
PROBE CUST day=257 id=co_lead_86_28 sat=56 tol=47 target=56 trust=0.0 phase=active streak=0 cd=-1 mrr=860 bugs=3
PROBE CUST day=257 id=co_lead_91_30 sat=56 tol=47 target=56 trust=0.0 phase=active streak=0 cd=-1 mrr=860 bugs=3
PROBE CUST day=257 id=co_lead_97_33 sat=56 tol=42 target=56 trust=0.0 phase=active streak=0 cd=-1 mrr=860 bugs=3
PROBE CUST day=257 id=co_lead_107_38 sat=56 tol=51 target=56 trust=0.0 phase=active streak=0 cd=-1 mrr=2420 bugs=3
PROBE CUST day=257 id=co_lead_110_39 sat=56 tol=51 target=56 trust=0.0 phase=active streak=0 cd=-1 mrr=2420 bugs=3
PROBE CUST day=257 id=co_lead_113_40 sat=56 tol=42 target=56 trust=0.0 phase=active streak=0 cd=-1 mrr=860 bugs=3
PROBE CUST day=257 id=co_lead_113_41 sat=56 tol=51 target=56 trust=0.0 phase=active streak=0 cd=-1 mrr=2420 bugs=3
PROBE CUST day=257 id=co_lead_123_45 sat=56 tol=42 target=56 trust=0.0 phase=active streak=0 cd=-1 mrr=860 bugs=3
PROBE CUST day=257 id=co_lead_128_46 sat=56 tol=42 target=56 trust=0.0 phase=active streak=0 cd=-1 mrr=785 bugs=3
PROBE CUST day=257 id=co_lead_128_47 sat=56 tol=51 target=56 trust=0.0 phase=active streak=0 cd=-1 mrr=2720 bugs=3
PROBE CUST day=257 id=co_lead_134_49 sat=56 tol=45 target=56 trust=0.0 phase=active streak=0 cd=-1 mrr=860 bugs=3
PROBE CUST day=257 id=co_lead_145_54 sat=56 tol=47 target=56 trust=0.0 phase=active streak=0 cd=-1 mrr=860 bugs=3
PROBE CUST day=257 id=co_lead_153_56 sat=56 tol=51 target=56 trust=0.0 phase=active streak=0 cd=-1 mrr=2420 bugs=3
PROBE CUST day=257 id=co_lead_159_60 sat=56 tol=45 target=56 trust=0.0 phase=active streak=0 cd=-1 mrr=785 bugs=3
PROBE CUST day=257 id=co_lead_164_61 sat=56 tol=45 target=56 trust=0.0 phase=active streak=0 cd=-1 mrr=860 bugs=3
PROBE SAT day=257 satisfied=25/25 target=56
[HRSystem] Daily tick — 1 employees (0 izinde)
[SalesSystem] Daily tick — MRR $32495
[TimeManager] Daily tick — Day 258 (Δ 15 ms)
PROBE STATE day=258 cash=120472 mrr=32495 brand=50 burn=260 runway=INF cust=25 emp=1 promises=4 phase=2 aud=0 sat=-1 bugs=4 q=40.3 appetite=closed streak=0/3 profit_streak=5
PROBE CUST day=258 id=co_lead_31_4 sat=55 tol=47 target=55 trust=0.0 phase=active streak=0 cd=-1 mrr=785 bugs=4
PROBE CUST day=258 id=co_lead_31_5 sat=55 tol=47 target=55 trust=0.0 phase=active streak=0 cd=-1 mrr=860 bugs=4
PROBE CUST day=258 id=co_lead_37_7 sat=55 tol=42 target=55 trust=0.0 phase=active streak=0 cd=-1 mrr=860 bugs=4
PROBE CUST day=258 id=co_lead_51_13 sat=55 tol=51 target=55 trust=0.0 phase=active streak=0 cd=-1 mrr=2420 bugs=4
PROBE CUST day=258 id=co_lead_58_16 sat=55 tol=42 target=55 trust=0.0 phase=active streak=0 cd=-1 mrr=785 bugs=4
PROBE CUST day=258 id=co_lead_64_19 sat=55 tol=42 target=55 trust=0.0 phase=active streak=0 cd=-1 mrr=785 bugs=4
PROBE CUST day=258 id=co_lead_70_21 sat=55 tol=47 target=55 trust=0.0 phase=active streak=0 cd=-1 mrr=785 bugs=4
PROBE CUST day=258 id=co_lead_70_22 sat=55 tol=45 target=55 trust=0.0 phase=active streak=0 cd=-1 mrr=860 bugs=4
PROBE CUST day=258 id=co_lead_75_24 sat=55 tol=45 target=55 trust=0.0 phase=active streak=0 cd=-1 mrr=785 bugs=4
PROBE CUST day=258 id=co_lead_81_27 sat=55 tol=51 target=55 trust=0.0 phase=active streak=0 cd=-1 mrr=2720 bugs=4
PROBE CUST day=258 id=co_lead_86_28 sat=55 tol=47 target=55 trust=0.0 phase=active streak=0 cd=-1 mrr=860 bugs=4
PROBE CUST day=258 id=co_lead_91_30 sat=55 tol=47 target=55 trust=0.0 phase=active streak=0 cd=-1 mrr=860 bugs=4
PROBE CUST day=258 id=co_lead_97_33 sat=55 tol=42 target=55 trust=0.0 phase=active streak=0 cd=-1 mrr=860 bugs=4
PROBE CUST day=258 id=co_lead_107_38 sat=55 tol=51 target=55 trust=0.0 phase=active streak=0 cd=-1 mrr=2420 bugs=4
PROBE CUST day=258 id=co_lead_110_39 sat=55 tol=51 target=55 trust=0.0 phase=active streak=0 cd=-1 mrr=2420 bugs=4
PROBE CUST day=258 id=co_lead_113_40 sat=55 tol=42 target=55 trust=0.0 phase=active streak=0 cd=-1 mrr=860 bugs=4
PROBE CUST day=258 id=co_lead_113_41 sat=55 tol=51 target=55 trust=0.0 phase=active streak=0 cd=-1 mrr=2420 bugs=4
PROBE CUST day=258 id=co_lead_123_45 sat=55 tol=42 target=55 trust=0.0 phase=active streak=0 cd=-1 mrr=860 bugs=4
PROBE CUST day=258 id=co_lead_128_46 sat=55 tol=42 target=55 trust=0.0 phase=active streak=0 cd=-1 mrr=785 bugs=4
PROBE CUST day=258 id=co_lead_128_47 sat=55 tol=51 target=55 trust=0.0 phase=active streak=0 cd=-1 mrr=2720 bugs=4
PROBE CUST day=258 id=co_lead_134_49 sat=55 tol=45 target=55 trust=0.0 phase=active streak=0 cd=-1 mrr=860 bugs=4
PROBE CUST day=258 id=co_lead_145_54 sat=55 tol=47 target=55 trust=0.0 phase=active streak=0 cd=-1 mrr=860 bugs=4
PROBE CUST day=258 id=co_lead_153_56 sat=55 tol=51 target=55 trust=0.0 phase=active streak=0 cd=-1 mrr=2420 bugs=4
PROBE CUST day=258 id=co_lead_159_60 sat=55 tol=45 target=55 trust=0.0 phase=active streak=0 cd=-1 mrr=785 bugs=4
PROBE CUST day=258 id=co_lead_164_61 sat=55 tol=45 target=55 trust=0.0 phase=active streak=0 cd=-1 mrr=860 bugs=4
PROBE SAT day=258 satisfied=25/25 target=55
[HRSystem] Daily tick — 1 employees (0 izinde)
[SalesSystem] Daily tick — MRR $32495
[TimeManager] Daily tick — Day 259 (Δ 15 ms)
PROBE PLAY day=259 find_prospects (+2)
PROBE STATE day=259 cash=121295 mrr=32495 brand=50 burn=260 runway=INF cust=25 emp=1 promises=4 phase=2 aud=0 sat=-1 bugs=4 q=40.3 appetite=closed streak=0/3 profit_streak=5
PROBE CUST day=259 id=co_lead_31_4 sat=55 tol=47 target=55 trust=0.0 phase=active streak=0 cd=-1 mrr=785 bugs=4
PROBE CUST day=259 id=co_lead_31_5 sat=55 tol=47 target=55 trust=0.0 phase=active streak=0 cd=-1 mrr=860 bugs=4
PROBE CUST day=259 id=co_lead_37_7 sat=55 tol=42 target=55 trust=0.0 phase=active streak=0 cd=-1 mrr=860 bugs=4
PROBE CUST day=259 id=co_lead_51_13 sat=55 tol=51 target=55 trust=0.0 phase=active streak=0 cd=-1 mrr=2420 bugs=4
PROBE CUST day=259 id=co_lead_58_16 sat=55 tol=42 target=55 trust=0.0 phase=active streak=0 cd=-1 mrr=785 bugs=4
PROBE CUST day=259 id=co_lead_64_19 sat=55 tol=42 target=55 trust=0.0 phase=active streak=0 cd=-1 mrr=785 bugs=4
PROBE CUST day=259 id=co_lead_70_21 sat=55 tol=47 target=55 trust=0.0 phase=active streak=0 cd=-1 mrr=785 bugs=4
PROBE CUST day=259 id=co_lead_70_22 sat=55 tol=45 target=55 trust=0.0 phase=active streak=0 cd=-1 mrr=860 bugs=4
PROBE CUST day=259 id=co_lead_75_24 sat=55 tol=45 target=55 trust=0.0 phase=active streak=0 cd=-1 mrr=785 bugs=4
PROBE CUST day=259 id=co_lead_81_27 sat=55 tol=51 target=55 trust=0.0 phase=active streak=0 cd=-1 mrr=2720 bugs=4
PROBE CUST day=259 id=co_lead_86_28 sat=55 tol=47 target=55 trust=0.0 phase=active streak=0 cd=-1 mrr=860 bugs=4
PROBE CUST day=259 id=co_lead_91_30 sat=55 tol=47 target=55 trust=0.0 phase=active streak=0 cd=-1 mrr=860 bugs=4
PROBE CUST day=259 id=co_lead_97_33 sat=55 tol=42 target=55 trust=0.0 phase=active streak=0 cd=-1 mrr=860 bugs=4
PROBE CUST day=259 id=co_lead_107_38 sat=55 tol=51 target=55 trust=0.0 phase=active streak=0 cd=-1 mrr=2420 bugs=4
PROBE CUST day=259 id=co_lead_110_39 sat=55 tol=51 target=55 trust=0.0 phase=active streak=0 cd=-1 mrr=2420 bugs=4
PROBE CUST day=259 id=co_lead_113_40 sat=55 tol=42 target=55 trust=0.0 phase=active streak=0 cd=-1 mrr=860 bugs=4
PROBE CUST day=259 id=co_lead_113_41 sat=55 tol=51 target=55 trust=0.0 phase=active streak=0 cd=-1 mrr=2420 bugs=4
PROBE CUST day=259 id=co_lead_123_45 sat=55 tol=42 target=55 trust=0.0 phase=active streak=0 cd=-1 mrr=860 bugs=4
PROBE CUST day=259 id=co_lead_128_46 sat=55 tol=42 target=55 trust=0.0 phase=active streak=0 cd=-1 mrr=785 bugs=4
PROBE CUST day=259 id=co_lead_128_47 sat=55 tol=51 target=55 trust=0.0 phase=active streak=0 cd=-1 mrr=2720 bugs=4
PROBE CUST day=259 id=co_lead_134_49 sat=55 tol=45 target=55 trust=0.0 phase=active streak=0 cd=-1 mrr=860 bugs=4
PROBE CUST day=259 id=co_lead_145_54 sat=55 tol=47 target=55 trust=0.0 phase=active streak=0 cd=-1 mrr=860 bugs=4
PROBE CUST day=259 id=co_lead_153_56 sat=55 tol=51 target=55 trust=0.0 phase=active streak=0 cd=-1 mrr=2420 bugs=4
PROBE CUST day=259 id=co_lead_159_60 sat=55 tol=45 target=55 trust=0.0 phase=active streak=0 cd=-1 mrr=785 bugs=4
PROBE CUST day=259 id=co_lead_164_61 sat=55 tol=45 target=55 trust=0.0 phase=active streak=0 cd=-1 mrr=860 bugs=4
PROBE SAT day=259 satisfied=25/25 target=55
[HRSystem] Daily tick — 1 employees (0 izinde)
[SalesSystem] Daily tick — MRR $32495
[TimeManager] Daily tick — Day 260 (Δ 17 ms)
PROBE STATE day=260 cash=122118 mrr=32495 brand=50 burn=260 runway=INF cust=25 emp=1 promises=4 phase=2 aud=0 sat=-1 bugs=5 q=40.0 appetite=closed streak=0/3 profit_streak=5
PROBE CUST day=260 id=co_lead_31_4 sat=55 tol=47 target=55 trust=0.0 phase=active streak=0 cd=-1 mrr=785 bugs=5
PROBE CUST day=260 id=co_lead_31_5 sat=55 tol=47 target=55 trust=0.0 phase=active streak=0 cd=-1 mrr=860 bugs=5
PROBE CUST day=260 id=co_lead_37_7 sat=55 tol=42 target=55 trust=0.0 phase=active streak=0 cd=-1 mrr=860 bugs=5
PROBE CUST day=260 id=co_lead_51_13 sat=55 tol=51 target=55 trust=0.0 phase=active streak=0 cd=-1 mrr=2420 bugs=5
PROBE CUST day=260 id=co_lead_58_16 sat=55 tol=42 target=55 trust=0.0 phase=active streak=0 cd=-1 mrr=785 bugs=5
PROBE CUST day=260 id=co_lead_64_19 sat=55 tol=42 target=55 trust=0.0 phase=active streak=0 cd=-1 mrr=785 bugs=5
PROBE CUST day=260 id=co_lead_70_21 sat=55 tol=47 target=55 trust=0.0 phase=active streak=0 cd=-1 mrr=785 bugs=5
PROBE CUST day=260 id=co_lead_70_22 sat=55 tol=45 target=55 trust=0.0 phase=active streak=0 cd=-1 mrr=860 bugs=5
PROBE CUST day=260 id=co_lead_75_24 sat=55 tol=45 target=55 trust=0.0 phase=active streak=0 cd=-1 mrr=785 bugs=5
PROBE CUST day=260 id=co_lead_81_27 sat=55 tol=51 target=55 trust=0.0 phase=active streak=0 cd=-1 mrr=2720 bugs=5
PROBE CUST day=260 id=co_lead_86_28 sat=55 tol=47 target=55 trust=0.0 phase=active streak=0 cd=-1 mrr=860 bugs=5
PROBE CUST day=260 id=co_lead_91_30 sat=55 tol=47 target=55 trust=0.0 phase=active streak=0 cd=-1 mrr=860 bugs=5
PROBE CUST day=260 id=co_lead_97_33 sat=55 tol=42 target=55 trust=0.0 phase=active streak=0 cd=-1 mrr=860 bugs=5
PROBE CUST day=260 id=co_lead_107_38 sat=55 tol=51 target=55 trust=0.0 phase=active streak=0 cd=-1 mrr=2420 bugs=5
PROBE CUST day=260 id=co_lead_110_39 sat=55 tol=51 target=55 trust=0.0 phase=active streak=0 cd=-1 mrr=2420 bugs=5
PROBE CUST day=260 id=co_lead_113_40 sat=55 tol=42 target=55 trust=0.0 phase=active streak=0 cd=-1 mrr=860 bugs=5
PROBE CUST day=260 id=co_lead_113_41 sat=55 tol=51 target=55 trust=0.0 phase=active streak=0 cd=-1 mrr=2420 bugs=5
PROBE CUST day=260 id=co_lead_123_45 sat=55 tol=42 target=55 trust=0.0 phase=active streak=0 cd=-1 mrr=860 bugs=5
PROBE CUST day=260 id=co_lead_128_46 sat=55 tol=42 target=55 trust=0.0 phase=active streak=0 cd=-1 mrr=785 bugs=5
PROBE CUST day=260 id=co_lead_128_47 sat=55 tol=51 target=55 trust=0.0 phase=active streak=0 cd=-1 mrr=2720 bugs=5
PROBE CUST day=260 id=co_lead_134_49 sat=55 tol=45 target=55 trust=0.0 phase=active streak=0 cd=-1 mrr=860 bugs=5
PROBE CUST day=260 id=co_lead_145_54 sat=55 tol=47 target=55 trust=0.0 phase=active streak=0 cd=-1 mrr=860 bugs=5
PROBE CUST day=260 id=co_lead_153_56 sat=55 tol=51 target=55 trust=0.0 phase=active streak=0 cd=-1 mrr=2420 bugs=5
PROBE CUST day=260 id=co_lead_159_60 sat=55 tol=45 target=55 trust=0.0 phase=active streak=0 cd=-1 mrr=785 bugs=5
PROBE CUST day=260 id=co_lead_164_61 sat=55 tol=45 target=55 trust=0.0 phase=active streak=0 cd=-1 mrr=860 bugs=5
PROBE SAT day=260 satisfied=25/25 target=55
[HRSystem] Daily tick — 1 employees (0 izinde)
[SalesSystem] Daily tick — MRR $32495
[TimeManager] Daily tick — Day 261 (Δ 16 ms)
[ProductSystem] Bug sprint started: 6 bugs, 2 days
PROBE PLAY day=261 bug_sprint bugs=6
PROBE STATE day=261 cash=122941 mrr=32495 brand=50 burn=260 runway=INF cust=25 emp=1 promises=4 phase=2 aud=0 sat=-1 bugs=6 q=39.7 appetite=closed streak=0/3 profit_streak=5
PROBE CUST day=261 id=co_lead_31_4 sat=54 tol=47 target=54 trust=0.0 phase=active streak=0 cd=-1 mrr=785 bugs=6
PROBE CUST day=261 id=co_lead_31_5 sat=54 tol=47 target=54 trust=0.0 phase=active streak=0 cd=-1 mrr=860 bugs=6
PROBE CUST day=261 id=co_lead_37_7 sat=54 tol=42 target=54 trust=0.0 phase=active streak=0 cd=-1 mrr=860 bugs=6
PROBE CUST day=261 id=co_lead_51_13 sat=54 tol=51 target=54 trust=0.0 phase=active streak=0 cd=-1 mrr=2420 bugs=6
PROBE CUST day=261 id=co_lead_58_16 sat=54 tol=42 target=54 trust=0.0 phase=active streak=0 cd=-1 mrr=785 bugs=6
PROBE CUST day=261 id=co_lead_64_19 sat=54 tol=42 target=54 trust=0.0 phase=active streak=0 cd=-1 mrr=785 bugs=6
PROBE CUST day=261 id=co_lead_70_21 sat=54 tol=47 target=54 trust=0.0 phase=active streak=0 cd=-1 mrr=785 bugs=6
PROBE CUST day=261 id=co_lead_70_22 sat=54 tol=45 target=54 trust=0.0 phase=active streak=0 cd=-1 mrr=860 bugs=6
PROBE CUST day=261 id=co_lead_75_24 sat=54 tol=45 target=54 trust=0.0 phase=active streak=0 cd=-1 mrr=785 bugs=6
PROBE CUST day=261 id=co_lead_81_27 sat=54 tol=51 target=54 trust=0.0 phase=active streak=0 cd=-1 mrr=2720 bugs=6
PROBE CUST day=261 id=co_lead_86_28 sat=54 tol=47 target=54 trust=0.0 phase=active streak=0 cd=-1 mrr=860 bugs=6
PROBE CUST day=261 id=co_lead_91_30 sat=54 tol=47 target=54 trust=0.0 phase=active streak=0 cd=-1 mrr=860 bugs=6
PROBE CUST day=261 id=co_lead_97_33 sat=54 tol=42 target=54 trust=0.0 phase=active streak=0 cd=-1 mrr=860 bugs=6
PROBE CUST day=261 id=co_lead_107_38 sat=54 tol=51 target=54 trust=0.0 phase=active streak=0 cd=-1 mrr=2420 bugs=6
PROBE CUST day=261 id=co_lead_110_39 sat=54 tol=51 target=54 trust=0.0 phase=active streak=0 cd=-1 mrr=2420 bugs=6
PROBE CUST day=261 id=co_lead_113_40 sat=54 tol=42 target=54 trust=0.0 phase=active streak=0 cd=-1 mrr=860 bugs=6
PROBE CUST day=261 id=co_lead_113_41 sat=54 tol=51 target=54 trust=0.0 phase=active streak=0 cd=-1 mrr=2420 bugs=6
PROBE CUST day=261 id=co_lead_123_45 sat=54 tol=42 target=54 trust=0.0 phase=active streak=0 cd=-1 mrr=860 bugs=6
PROBE CUST day=261 id=co_lead_128_46 sat=54 tol=42 target=54 trust=0.0 phase=active streak=0 cd=-1 mrr=785 bugs=6
PROBE CUST day=261 id=co_lead_128_47 sat=54 tol=51 target=54 trust=0.0 phase=active streak=0 cd=-1 mrr=2720 bugs=6
PROBE CUST day=261 id=co_lead_134_49 sat=54 tol=45 target=54 trust=0.0 phase=active streak=0 cd=-1 mrr=860 bugs=6
PROBE CUST day=261 id=co_lead_145_54 sat=54 tol=47 target=54 trust=0.0 phase=active streak=0 cd=-1 mrr=860 bugs=6
PROBE CUST day=261 id=co_lead_153_56 sat=54 tol=51 target=54 trust=0.0 phase=active streak=0 cd=-1 mrr=2420 bugs=6
PROBE CUST day=261 id=co_lead_159_60 sat=54 tol=45 target=54 trust=0.0 phase=active streak=0 cd=-1 mrr=785 bugs=6
PROBE CUST day=261 id=co_lead_164_61 sat=54 tol=45 target=54 trust=0.0 phase=active streak=0 cd=-1 mrr=860 bugs=6
PROBE SAT day=261 satisfied=25/25 target=54
[HRSystem] Daily tick — 1 employees (0 izinde)
[SalesSystem] Daily tick — MRR $32495
[TimeManager] Daily tick — Day 262 (Δ 15 ms)
PROBE STATE day=262 cash=123764 mrr=32495 brand=50 burn=260 runway=INF cust=25 emp=1 promises=4 phase=2 aud=0 sat=-1 bugs=3 q=40.6 appetite=closed streak=0/3 profit_streak=5
PROBE CUST day=262 id=co_lead_31_4 sat=56 tol=47 target=56 trust=0.0 phase=active streak=0 cd=-1 mrr=785 bugs=3
PROBE CUST day=262 id=co_lead_31_5 sat=56 tol=47 target=56 trust=0.0 phase=active streak=0 cd=-1 mrr=860 bugs=3
PROBE CUST day=262 id=co_lead_37_7 sat=56 tol=42 target=56 trust=0.0 phase=active streak=0 cd=-1 mrr=860 bugs=3
PROBE CUST day=262 id=co_lead_51_13 sat=56 tol=51 target=56 trust=0.0 phase=active streak=0 cd=-1 mrr=2420 bugs=3
PROBE CUST day=262 id=co_lead_58_16 sat=56 tol=42 target=56 trust=0.0 phase=active streak=0 cd=-1 mrr=785 bugs=3
PROBE CUST day=262 id=co_lead_64_19 sat=56 tol=42 target=56 trust=0.0 phase=active streak=0 cd=-1 mrr=785 bugs=3
PROBE CUST day=262 id=co_lead_70_21 sat=56 tol=47 target=56 trust=0.0 phase=active streak=0 cd=-1 mrr=785 bugs=3
PROBE CUST day=262 id=co_lead_70_22 sat=56 tol=45 target=56 trust=0.0 phase=active streak=0 cd=-1 mrr=860 bugs=3
PROBE CUST day=262 id=co_lead_75_24 sat=56 tol=45 target=56 trust=0.0 phase=active streak=0 cd=-1 mrr=785 bugs=3
PROBE CUST day=262 id=co_lead_81_27 sat=56 tol=51 target=56 trust=0.0 phase=active streak=0 cd=-1 mrr=2720 bugs=3
PROBE CUST day=262 id=co_lead_86_28 sat=56 tol=47 target=56 trust=0.0 phase=active streak=0 cd=-1 mrr=860 bugs=3
PROBE CUST day=262 id=co_lead_91_30 sat=56 tol=47 target=56 trust=0.0 phase=active streak=0 cd=-1 mrr=860 bugs=3
PROBE CUST day=262 id=co_lead_97_33 sat=56 tol=42 target=56 trust=0.0 phase=active streak=0 cd=-1 mrr=860 bugs=3
PROBE CUST day=262 id=co_lead_107_38 sat=56 tol=51 target=56 trust=0.0 phase=active streak=0 cd=-1 mrr=2420 bugs=3
PROBE CUST day=262 id=co_lead_110_39 sat=56 tol=51 target=56 trust=0.0 phase=active streak=0 cd=-1 mrr=2420 bugs=3
PROBE CUST day=262 id=co_lead_113_40 sat=56 tol=42 target=56 trust=0.0 phase=active streak=0 cd=-1 mrr=860 bugs=3
PROBE CUST day=262 id=co_lead_113_41 sat=56 tol=51 target=56 trust=0.0 phase=active streak=0 cd=-1 mrr=2420 bugs=3
PROBE CUST day=262 id=co_lead_123_45 sat=56 tol=42 target=56 trust=0.0 phase=active streak=0 cd=-1 mrr=860 bugs=3
PROBE CUST day=262 id=co_lead_128_46 sat=56 tol=42 target=56 trust=0.0 phase=active streak=0 cd=-1 mrr=785 bugs=3
PROBE CUST day=262 id=co_lead_128_47 sat=56 tol=51 target=56 trust=0.0 phase=active streak=0 cd=-1 mrr=2720 bugs=3
PROBE CUST day=262 id=co_lead_134_49 sat=56 tol=45 target=56 trust=0.0 phase=active streak=0 cd=-1 mrr=860 bugs=3
PROBE CUST day=262 id=co_lead_145_54 sat=56 tol=47 target=56 trust=0.0 phase=active streak=0 cd=-1 mrr=860 bugs=3
PROBE CUST day=262 id=co_lead_153_56 sat=56 tol=51 target=56 trust=0.0 phase=active streak=0 cd=-1 mrr=2420 bugs=3
PROBE CUST day=262 id=co_lead_159_60 sat=56 tol=45 target=56 trust=0.0 phase=active streak=0 cd=-1 mrr=785 bugs=3
PROBE CUST day=262 id=co_lead_164_61 sat=56 tol=45 target=56 trust=0.0 phase=active streak=0 cd=-1 mrr=860 bugs=3
PROBE SAT day=262 satisfied=25/25 target=56
[ProductSystem] Bug sprint complete. live_bug now 0
[HRSystem] Daily tick — 1 employees (0 izinde)
[SalesSystem] Daily tick — MRR $32495
[TimeManager] Daily tick — Day 263 (Δ 14 ms)
PROBE STATE day=263 cash=124587 mrr=32495 brand=50 burn=260 runway=INF cust=25 emp=1 promises=4 phase=2 aud=0 sat=-1 bugs=0 q=41.4 appetite=closed streak=0/3 profit_streak=5
PROBE CUST day=263 id=co_lead_31_4 sat=58 tol=47 target=58 trust=0.0 phase=active streak=0 cd=-1 mrr=785 bugs=0
PROBE CUST day=263 id=co_lead_31_5 sat=58 tol=47 target=58 trust=0.0 phase=active streak=0 cd=-1 mrr=860 bugs=0
PROBE CUST day=263 id=co_lead_37_7 sat=58 tol=42 target=58 trust=0.0 phase=active streak=0 cd=-1 mrr=860 bugs=0
PROBE CUST day=263 id=co_lead_51_13 sat=58 tol=51 target=58 trust=0.0 phase=active streak=0 cd=-1 mrr=2420 bugs=0
PROBE CUST day=263 id=co_lead_58_16 sat=58 tol=42 target=58 trust=0.0 phase=active streak=0 cd=-1 mrr=785 bugs=0
PROBE CUST day=263 id=co_lead_64_19 sat=58 tol=42 target=58 trust=0.0 phase=active streak=0 cd=-1 mrr=785 bugs=0
PROBE CUST day=263 id=co_lead_70_21 sat=58 tol=47 target=58 trust=0.0 phase=active streak=0 cd=-1 mrr=785 bugs=0
PROBE CUST day=263 id=co_lead_70_22 sat=58 tol=45 target=58 trust=0.0 phase=active streak=0 cd=-1 mrr=860 bugs=0
PROBE CUST day=263 id=co_lead_75_24 sat=58 tol=45 target=58 trust=0.0 phase=active streak=0 cd=-1 mrr=785 bugs=0
PROBE CUST day=263 id=co_lead_81_27 sat=58 tol=51 target=58 trust=0.0 phase=active streak=0 cd=-1 mrr=2720 bugs=0
PROBE CUST day=263 id=co_lead_86_28 sat=58 tol=47 target=58 trust=0.0 phase=active streak=0 cd=-1 mrr=860 bugs=0
PROBE CUST day=263 id=co_lead_91_30 sat=58 tol=47 target=58 trust=0.0 phase=active streak=0 cd=-1 mrr=860 bugs=0
PROBE CUST day=263 id=co_lead_97_33 sat=58 tol=42 target=58 trust=0.0 phase=active streak=0 cd=-1 mrr=860 bugs=0
PROBE CUST day=263 id=co_lead_107_38 sat=58 tol=51 target=58 trust=0.0 phase=active streak=0 cd=-1 mrr=2420 bugs=0
PROBE CUST day=263 id=co_lead_110_39 sat=58 tol=51 target=58 trust=0.0 phase=active streak=0 cd=-1 mrr=2420 bugs=0
PROBE CUST day=263 id=co_lead_113_40 sat=58 tol=42 target=58 trust=0.0 phase=active streak=0 cd=-1 mrr=860 bugs=0
PROBE CUST day=263 id=co_lead_113_41 sat=58 tol=51 target=58 trust=0.0 phase=active streak=0 cd=-1 mrr=2420 bugs=0
PROBE CUST day=263 id=co_lead_123_45 sat=58 tol=42 target=58 trust=0.0 phase=active streak=0 cd=-1 mrr=860 bugs=0
PROBE CUST day=263 id=co_lead_128_46 sat=58 tol=42 target=58 trust=0.0 phase=active streak=0 cd=-1 mrr=785 bugs=0
PROBE CUST day=263 id=co_lead_128_47 sat=58 tol=51 target=58 trust=0.0 phase=active streak=0 cd=-1 mrr=2720 bugs=0
PROBE CUST day=263 id=co_lead_134_49 sat=58 tol=45 target=58 trust=0.0 phase=active streak=0 cd=-1 mrr=860 bugs=0
PROBE CUST day=263 id=co_lead_145_54 sat=58 tol=47 target=58 trust=0.0 phase=active streak=0 cd=-1 mrr=860 bugs=0
PROBE CUST day=263 id=co_lead_153_56 sat=58 tol=51 target=58 trust=0.0 phase=active streak=0 cd=-1 mrr=2420 bugs=0
PROBE CUST day=263 id=co_lead_159_60 sat=58 tol=45 target=58 trust=0.0 phase=active streak=0 cd=-1 mrr=785 bugs=0
PROBE CUST day=263 id=co_lead_164_61 sat=58 tol=45 target=58 trust=0.0 phase=active streak=0 cd=-1 mrr=860 bugs=0
PROBE SAT day=263 satisfied=25/25 target=58
[HRSystem] Daily tick — 1 employees (0 izinde)
[SalesSystem] Daily tick — MRR $32495
[TimeManager] Daily tick — Day 264 (Δ 16 ms)
PROBE PLAY day=264 find_prospects (+2)
PROBE STATE day=264 cash=125410 mrr=32495 brand=50 burn=260 runway=INF cust=25 emp=1 promises=4 phase=2 aud=0 sat=-1 bugs=0 q=41.4 appetite=closed streak=0/3 profit_streak=5
PROBE CUST day=264 id=co_lead_31_4 sat=58 tol=47 target=58 trust=0.0 phase=active streak=0 cd=-1 mrr=785 bugs=0
PROBE CUST day=264 id=co_lead_31_5 sat=58 tol=47 target=58 trust=0.0 phase=active streak=0 cd=-1 mrr=860 bugs=0
PROBE CUST day=264 id=co_lead_37_7 sat=58 tol=42 target=58 trust=0.0 phase=active streak=0 cd=-1 mrr=860 bugs=0
PROBE CUST day=264 id=co_lead_51_13 sat=58 tol=51 target=58 trust=0.0 phase=active streak=0 cd=-1 mrr=2420 bugs=0
PROBE CUST day=264 id=co_lead_58_16 sat=58 tol=42 target=58 trust=0.0 phase=active streak=0 cd=-1 mrr=785 bugs=0
PROBE CUST day=264 id=co_lead_64_19 sat=58 tol=42 target=58 trust=0.0 phase=active streak=0 cd=-1 mrr=785 bugs=0
PROBE CUST day=264 id=co_lead_70_21 sat=58 tol=47 target=58 trust=0.0 phase=active streak=0 cd=-1 mrr=785 bugs=0
PROBE CUST day=264 id=co_lead_70_22 sat=58 tol=45 target=58 trust=0.0 phase=active streak=0 cd=-1 mrr=860 bugs=0
PROBE CUST day=264 id=co_lead_75_24 sat=58 tol=45 target=58 trust=0.0 phase=active streak=0 cd=-1 mrr=785 bugs=0
PROBE CUST day=264 id=co_lead_81_27 sat=58 tol=51 target=58 trust=0.0 phase=active streak=0 cd=-1 mrr=2720 bugs=0
PROBE CUST day=264 id=co_lead_86_28 sat=58 tol=47 target=58 trust=0.0 phase=active streak=0 cd=-1 mrr=860 bugs=0
PROBE CUST day=264 id=co_lead_91_30 sat=58 tol=47 target=58 trust=0.0 phase=active streak=0 cd=-1 mrr=860 bugs=0
PROBE CUST day=264 id=co_lead_97_33 sat=58 tol=42 target=58 trust=0.0 phase=active streak=0 cd=-1 mrr=860 bugs=0
PROBE CUST day=264 id=co_lead_107_38 sat=58 tol=51 target=58 trust=0.0 phase=active streak=0 cd=-1 mrr=2420 bugs=0
PROBE CUST day=264 id=co_lead_110_39 sat=58 tol=51 target=58 trust=0.0 phase=active streak=0 cd=-1 mrr=2420 bugs=0
PROBE CUST day=264 id=co_lead_113_40 sat=58 tol=42 target=58 trust=0.0 phase=active streak=0 cd=-1 mrr=860 bugs=0
PROBE CUST day=264 id=co_lead_113_41 sat=58 tol=51 target=58 trust=0.0 phase=active streak=0 cd=-1 mrr=2420 bugs=0
PROBE CUST day=264 id=co_lead_123_45 sat=58 tol=42 target=58 trust=0.0 phase=active streak=0 cd=-1 mrr=860 bugs=0
PROBE CUST day=264 id=co_lead_128_46 sat=58 tol=42 target=58 trust=0.0 phase=active streak=0 cd=-1 mrr=785 bugs=0
PROBE CUST day=264 id=co_lead_128_47 sat=58 tol=51 target=58 trust=0.0 phase=active streak=0 cd=-1 mrr=2720 bugs=0
PROBE CUST day=264 id=co_lead_134_49 sat=58 tol=45 target=58 trust=0.0 phase=active streak=0 cd=-1 mrr=860 bugs=0
PROBE CUST day=264 id=co_lead_145_54 sat=58 tol=47 target=58 trust=0.0 phase=active streak=0 cd=-1 mrr=860 bugs=0
PROBE CUST day=264 id=co_lead_153_56 sat=58 tol=51 target=58 trust=0.0 phase=active streak=0 cd=-1 mrr=2420 bugs=0
PROBE CUST day=264 id=co_lead_159_60 sat=58 tol=45 target=58 trust=0.0 phase=active streak=0 cd=-1 mrr=785 bugs=0
PROBE CUST day=264 id=co_lead_164_61 sat=58 tol=45 target=58 trust=0.0 phase=active streak=0 cd=-1 mrr=860 bugs=0
PROBE SAT day=264 satisfied=25/25 target=58
[HRSystem] Daily tick — 1 employees (0 izinde)
[SalesSystem] Daily tick — MRR $32495
[TimeManager] Daily tick — Day 265 (Δ 16 ms)
PROBE STATE day=265 cash=126233 mrr=32495 brand=50 burn=260 runway=INF cust=25 emp=1 promises=4 phase=2 aud=0 sat=-1 bugs=1 q=41.1 appetite=closed streak=0/3 profit_streak=5
PROBE CUST day=265 id=co_lead_31_4 sat=57 tol=47 target=57 trust=0.0 phase=active streak=0 cd=-1 mrr=785 bugs=1
PROBE CUST day=265 id=co_lead_31_5 sat=57 tol=47 target=57 trust=0.0 phase=active streak=0 cd=-1 mrr=860 bugs=1
PROBE CUST day=265 id=co_lead_37_7 sat=57 tol=42 target=57 trust=0.0 phase=active streak=0 cd=-1 mrr=860 bugs=1
PROBE CUST day=265 id=co_lead_51_13 sat=57 tol=51 target=57 trust=0.0 phase=active streak=0 cd=-1 mrr=2420 bugs=1
PROBE CUST day=265 id=co_lead_58_16 sat=57 tol=42 target=57 trust=0.0 phase=active streak=0 cd=-1 mrr=785 bugs=1
PROBE CUST day=265 id=co_lead_64_19 sat=57 tol=42 target=57 trust=0.0 phase=active streak=0 cd=-1 mrr=785 bugs=1
PROBE CUST day=265 id=co_lead_70_21 sat=57 tol=47 target=57 trust=0.0 phase=active streak=0 cd=-1 mrr=785 bugs=1
PROBE CUST day=265 id=co_lead_70_22 sat=57 tol=45 target=57 trust=0.0 phase=active streak=0 cd=-1 mrr=860 bugs=1
PROBE CUST day=265 id=co_lead_75_24 sat=57 tol=45 target=57 trust=0.0 phase=active streak=0 cd=-1 mrr=785 bugs=1
PROBE CUST day=265 id=co_lead_81_27 sat=57 tol=51 target=57 trust=0.0 phase=active streak=0 cd=-1 mrr=2720 bugs=1
PROBE CUST day=265 id=co_lead_86_28 sat=57 tol=47 target=57 trust=0.0 phase=active streak=0 cd=-1 mrr=860 bugs=1
PROBE CUST day=265 id=co_lead_91_30 sat=57 tol=47 target=57 trust=0.0 phase=active streak=0 cd=-1 mrr=860 bugs=1
PROBE CUST day=265 id=co_lead_97_33 sat=57 tol=42 target=57 trust=0.0 phase=active streak=0 cd=-1 mrr=860 bugs=1
PROBE CUST day=265 id=co_lead_107_38 sat=57 tol=51 target=57 trust=0.0 phase=active streak=0 cd=-1 mrr=2420 bugs=1
PROBE CUST day=265 id=co_lead_110_39 sat=57 tol=51 target=57 trust=0.0 phase=active streak=0 cd=-1 mrr=2420 bugs=1
PROBE CUST day=265 id=co_lead_113_40 sat=57 tol=42 target=57 trust=0.0 phase=active streak=0 cd=-1 mrr=860 bugs=1
PROBE CUST day=265 id=co_lead_113_41 sat=57 tol=51 target=57 trust=0.0 phase=active streak=0 cd=-1 mrr=2420 bugs=1
PROBE CUST day=265 id=co_lead_123_45 sat=57 tol=42 target=57 trust=0.0 phase=active streak=0 cd=-1 mrr=860 bugs=1
PROBE CUST day=265 id=co_lead_128_46 sat=57 tol=42 target=57 trust=0.0 phase=active streak=0 cd=-1 mrr=785 bugs=1
PROBE CUST day=265 id=co_lead_128_47 sat=57 tol=51 target=57 trust=0.0 phase=active streak=0 cd=-1 mrr=2720 bugs=1
PROBE CUST day=265 id=co_lead_134_49 sat=57 tol=45 target=57 trust=0.0 phase=active streak=0 cd=-1 mrr=860 bugs=1
PROBE CUST day=265 id=co_lead_145_54 sat=57 tol=47 target=57 trust=0.0 phase=active streak=0 cd=-1 mrr=860 bugs=1
PROBE CUST day=265 id=co_lead_153_56 sat=57 tol=51 target=57 trust=0.0 phase=active streak=0 cd=-1 mrr=2420 bugs=1
PROBE CUST day=265 id=co_lead_159_60 sat=57 tol=45 target=57 trust=0.0 phase=active streak=0 cd=-1 mrr=785 bugs=1
PROBE CUST day=265 id=co_lead_164_61 sat=57 tol=45 target=57 trust=0.0 phase=active streak=0 cd=-1 mrr=860 bugs=1
PROBE SAT day=265 satisfied=25/25 target=57
[HRSystem] Daily tick — 1 employees (0 izinde)
[SalesSystem] Daily tick — MRR $32495
[TimeManager] Daily tick — Day 266 (Δ 17 ms)
PROBE STATE day=266 cash=127056 mrr=32495 brand=50 burn=260 runway=INF cust=25 emp=1 promises=4 phase=2 aud=0 sat=-1 bugs=2 q=40.8 appetite=closed streak=0/3 profit_streak=5
PROBE CUST day=266 id=co_lead_31_4 sat=56 tol=47 target=56 trust=0.0 phase=active streak=0 cd=-1 mrr=785 bugs=2
PROBE CUST day=266 id=co_lead_31_5 sat=56 tol=47 target=56 trust=0.0 phase=active streak=0 cd=-1 mrr=860 bugs=2
PROBE CUST day=266 id=co_lead_37_7 sat=56 tol=42 target=56 trust=0.0 phase=active streak=0 cd=-1 mrr=860 bugs=2
PROBE CUST day=266 id=co_lead_51_13 sat=56 tol=51 target=56 trust=0.0 phase=active streak=0 cd=-1 mrr=2420 bugs=2
PROBE CUST day=266 id=co_lead_58_16 sat=56 tol=42 target=56 trust=0.0 phase=active streak=0 cd=-1 mrr=785 bugs=2
PROBE CUST day=266 id=co_lead_64_19 sat=56 tol=42 target=56 trust=0.0 phase=active streak=0 cd=-1 mrr=785 bugs=2
PROBE CUST day=266 id=co_lead_70_21 sat=56 tol=47 target=56 trust=0.0 phase=active streak=0 cd=-1 mrr=785 bugs=2
PROBE CUST day=266 id=co_lead_70_22 sat=56 tol=45 target=56 trust=0.0 phase=active streak=0 cd=-1 mrr=860 bugs=2
PROBE CUST day=266 id=co_lead_75_24 sat=56 tol=45 target=56 trust=0.0 phase=active streak=0 cd=-1 mrr=785 bugs=2
PROBE CUST day=266 id=co_lead_81_27 sat=56 tol=51 target=56 trust=0.0 phase=active streak=0 cd=-1 mrr=2720 bugs=2
PROBE CUST day=266 id=co_lead_86_28 sat=56 tol=47 target=56 trust=0.0 phase=active streak=0 cd=-1 mrr=860 bugs=2
PROBE CUST day=266 id=co_lead_91_30 sat=56 tol=47 target=56 trust=0.0 phase=active streak=0 cd=-1 mrr=860 bugs=2
PROBE CUST day=266 id=co_lead_97_33 sat=56 tol=42 target=56 trust=0.0 phase=active streak=0 cd=-1 mrr=860 bugs=2
PROBE CUST day=266 id=co_lead_107_38 sat=56 tol=51 target=56 trust=0.0 phase=active streak=0 cd=-1 mrr=2420 bugs=2
PROBE CUST day=266 id=co_lead_110_39 sat=56 tol=51 target=56 trust=0.0 phase=active streak=0 cd=-1 mrr=2420 bugs=2
PROBE CUST day=266 id=co_lead_113_40 sat=56 tol=42 target=56 trust=0.0 phase=active streak=0 cd=-1 mrr=860 bugs=2
PROBE CUST day=266 id=co_lead_113_41 sat=56 tol=51 target=56 trust=0.0 phase=active streak=0 cd=-1 mrr=2420 bugs=2
PROBE CUST day=266 id=co_lead_123_45 sat=56 tol=42 target=56 trust=0.0 phase=active streak=0 cd=-1 mrr=860 bugs=2
PROBE CUST day=266 id=co_lead_128_46 sat=56 tol=42 target=56 trust=0.0 phase=active streak=0 cd=-1 mrr=785 bugs=2
PROBE CUST day=266 id=co_lead_128_47 sat=56 tol=51 target=56 trust=0.0 phase=active streak=0 cd=-1 mrr=2720 bugs=2
PROBE CUST day=266 id=co_lead_134_49 sat=56 tol=45 target=56 trust=0.0 phase=active streak=0 cd=-1 mrr=860 bugs=2
PROBE CUST day=266 id=co_lead_145_54 sat=56 tol=47 target=56 trust=0.0 phase=active streak=0 cd=-1 mrr=860 bugs=2
PROBE CUST day=266 id=co_lead_153_56 sat=56 tol=51 target=56 trust=0.0 phase=active streak=0 cd=-1 mrr=2420 bugs=2
PROBE CUST day=266 id=co_lead_159_60 sat=56 tol=45 target=56 trust=0.0 phase=active streak=0 cd=-1 mrr=785 bugs=2
PROBE CUST day=266 id=co_lead_164_61 sat=56 tol=45 target=56 trust=0.0 phase=active streak=0 cd=-1 mrr=860 bugs=2
PROBE SAT day=266 satisfied=25/25 target=56
[HRSystem] Daily tick — 1 employees (0 izinde)
[SalesSystem] Daily tick — MRR $32495
[TimeManager] Daily tick — Day 267 (Δ 18 ms)
PROBE STATE day=267 cash=127879 mrr=32495 brand=50 burn=260 runway=INF cust=25 emp=1 promises=4 phase=2 aud=0 sat=-1 bugs=2 q=40.8 appetite=closed streak=0/3 profit_streak=5
PROBE CUST day=267 id=co_lead_31_4 sat=56 tol=47 target=56 trust=0.0 phase=active streak=0 cd=-1 mrr=785 bugs=2
PROBE CUST day=267 id=co_lead_31_5 sat=56 tol=47 target=56 trust=0.0 phase=active streak=0 cd=-1 mrr=860 bugs=2
PROBE CUST day=267 id=co_lead_37_7 sat=56 tol=42 target=56 trust=0.0 phase=active streak=0 cd=-1 mrr=860 bugs=2
PROBE CUST day=267 id=co_lead_51_13 sat=56 tol=51 target=56 trust=0.0 phase=active streak=0 cd=-1 mrr=2420 bugs=2
PROBE CUST day=267 id=co_lead_58_16 sat=56 tol=42 target=56 trust=0.0 phase=active streak=0 cd=-1 mrr=785 bugs=2
PROBE CUST day=267 id=co_lead_64_19 sat=56 tol=42 target=56 trust=0.0 phase=active streak=0 cd=-1 mrr=785 bugs=2
PROBE CUST day=267 id=co_lead_70_21 sat=56 tol=47 target=56 trust=0.0 phase=active streak=0 cd=-1 mrr=785 bugs=2
PROBE CUST day=267 id=co_lead_70_22 sat=56 tol=45 target=56 trust=0.0 phase=active streak=0 cd=-1 mrr=860 bugs=2
PROBE CUST day=267 id=co_lead_75_24 sat=56 tol=45 target=56 trust=0.0 phase=active streak=0 cd=-1 mrr=785 bugs=2
PROBE CUST day=267 id=co_lead_81_27 sat=56 tol=51 target=56 trust=0.0 phase=active streak=0 cd=-1 mrr=2720 bugs=2
PROBE CUST day=267 id=co_lead_86_28 sat=56 tol=47 target=56 trust=0.0 phase=active streak=0 cd=-1 mrr=860 bugs=2
PROBE CUST day=267 id=co_lead_91_30 sat=56 tol=47 target=56 trust=0.0 phase=active streak=0 cd=-1 mrr=860 bugs=2
PROBE CUST day=267 id=co_lead_97_33 sat=56 tol=42 target=56 trust=0.0 phase=active streak=0 cd=-1 mrr=860 bugs=2
PROBE CUST day=267 id=co_lead_107_38 sat=56 tol=51 target=56 trust=0.0 phase=active streak=0 cd=-1 mrr=2420 bugs=2
PROBE CUST day=267 id=co_lead_110_39 sat=56 tol=51 target=56 trust=0.0 phase=active streak=0 cd=-1 mrr=2420 bugs=2
PROBE CUST day=267 id=co_lead_113_40 sat=56 tol=42 target=56 trust=0.0 phase=active streak=0 cd=-1 mrr=860 bugs=2
PROBE CUST day=267 id=co_lead_113_41 sat=56 tol=51 target=56 trust=0.0 phase=active streak=0 cd=-1 mrr=2420 bugs=2
PROBE CUST day=267 id=co_lead_123_45 sat=56 tol=42 target=56 trust=0.0 phase=active streak=0 cd=-1 mrr=860 bugs=2
PROBE CUST day=267 id=co_lead_128_46 sat=56 tol=42 target=56 trust=0.0 phase=active streak=0 cd=-1 mrr=785 bugs=2
PROBE CUST day=267 id=co_lead_128_47 sat=56 tol=51 target=56 trust=0.0 phase=active streak=0 cd=-1 mrr=2720 bugs=2
PROBE CUST day=267 id=co_lead_134_49 sat=56 tol=45 target=56 trust=0.0 phase=active streak=0 cd=-1 mrr=860 bugs=2
PROBE CUST day=267 id=co_lead_145_54 sat=56 tol=47 target=56 trust=0.0 phase=active streak=0 cd=-1 mrr=860 bugs=2
PROBE CUST day=267 id=co_lead_153_56 sat=56 tol=51 target=56 trust=0.0 phase=active streak=0 cd=-1 mrr=2420 bugs=2
PROBE CUST day=267 id=co_lead_159_60 sat=56 tol=45 target=56 trust=0.0 phase=active streak=0 cd=-1 mrr=785 bugs=2
PROBE CUST day=267 id=co_lead_164_61 sat=56 tol=45 target=56 trust=0.0 phase=active streak=0 cd=-1 mrr=860 bugs=2
PROBE SAT day=267 satisfied=25/25 target=56
[HRSystem] Daily tick — 1 employees (0 izinde)
[SalesSystem] Daily tick — MRR $32495
[TimeManager] Daily tick — Day 268 (Δ 17 ms)
PROBE STATE day=268 cash=128702 mrr=32495 brand=50 burn=260 runway=INF cust=25 emp=1 promises=4 phase=2 aud=0 sat=-1 bugs=3 q=40.5 appetite=closed streak=0/3 profit_streak=5
PROBE CUST day=268 id=co_lead_31_4 sat=56 tol=47 target=56 trust=0.0 phase=active streak=0 cd=-1 mrr=785 bugs=3
PROBE CUST day=268 id=co_lead_31_5 sat=56 tol=47 target=56 trust=0.0 phase=active streak=0 cd=-1 mrr=860 bugs=3
PROBE CUST day=268 id=co_lead_37_7 sat=56 tol=42 target=56 trust=0.0 phase=active streak=0 cd=-1 mrr=860 bugs=3
PROBE CUST day=268 id=co_lead_51_13 sat=56 tol=51 target=56 trust=0.0 phase=active streak=0 cd=-1 mrr=2420 bugs=3
PROBE CUST day=268 id=co_lead_58_16 sat=56 tol=42 target=56 trust=0.0 phase=active streak=0 cd=-1 mrr=785 bugs=3
PROBE CUST day=268 id=co_lead_64_19 sat=56 tol=42 target=56 trust=0.0 phase=active streak=0 cd=-1 mrr=785 bugs=3
PROBE CUST day=268 id=co_lead_70_21 sat=56 tol=47 target=56 trust=0.0 phase=active streak=0 cd=-1 mrr=785 bugs=3
PROBE CUST day=268 id=co_lead_70_22 sat=56 tol=45 target=56 trust=0.0 phase=active streak=0 cd=-1 mrr=860 bugs=3
PROBE CUST day=268 id=co_lead_75_24 sat=56 tol=45 target=56 trust=0.0 phase=active streak=0 cd=-1 mrr=785 bugs=3
PROBE CUST day=268 id=co_lead_81_27 sat=56 tol=51 target=56 trust=0.0 phase=active streak=0 cd=-1 mrr=2720 bugs=3
PROBE CUST day=268 id=co_lead_86_28 sat=56 tol=47 target=56 trust=0.0 phase=active streak=0 cd=-1 mrr=860 bugs=3
PROBE CUST day=268 id=co_lead_91_30 sat=56 tol=47 target=56 trust=0.0 phase=active streak=0 cd=-1 mrr=860 bugs=3
PROBE CUST day=268 id=co_lead_97_33 sat=56 tol=42 target=56 trust=0.0 phase=active streak=0 cd=-1 mrr=860 bugs=3
PROBE CUST day=268 id=co_lead_107_38 sat=56 tol=51 target=56 trust=0.0 phase=active streak=0 cd=-1 mrr=2420 bugs=3
PROBE CUST day=268 id=co_lead_110_39 sat=56 tol=51 target=56 trust=0.0 phase=active streak=0 cd=-1 mrr=2420 bugs=3
PROBE CUST day=268 id=co_lead_113_40 sat=56 tol=42 target=56 trust=0.0 phase=active streak=0 cd=-1 mrr=860 bugs=3
PROBE CUST day=268 id=co_lead_113_41 sat=56 tol=51 target=56 trust=0.0 phase=active streak=0 cd=-1 mrr=2420 bugs=3
PROBE CUST day=268 id=co_lead_123_45 sat=56 tol=42 target=56 trust=0.0 phase=active streak=0 cd=-1 mrr=860 bugs=3
PROBE CUST day=268 id=co_lead_128_46 sat=56 tol=42 target=56 trust=0.0 phase=active streak=0 cd=-1 mrr=785 bugs=3
PROBE CUST day=268 id=co_lead_128_47 sat=56 tol=51 target=56 trust=0.0 phase=active streak=0 cd=-1 mrr=2720 bugs=3
PROBE CUST day=268 id=co_lead_134_49 sat=56 tol=45 target=56 trust=0.0 phase=active streak=0 cd=-1 mrr=860 bugs=3
PROBE CUST day=268 id=co_lead_145_54 sat=56 tol=47 target=56 trust=0.0 phase=active streak=0 cd=-1 mrr=860 bugs=3
PROBE CUST day=268 id=co_lead_153_56 sat=56 tol=51 target=56 trust=0.0 phase=active streak=0 cd=-1 mrr=2420 bugs=3
PROBE CUST day=268 id=co_lead_159_60 sat=56 tol=45 target=56 trust=0.0 phase=active streak=0 cd=-1 mrr=785 bugs=3
PROBE CUST day=268 id=co_lead_164_61 sat=56 tol=45 target=56 trust=0.0 phase=active streak=0 cd=-1 mrr=860 bugs=3
PROBE SAT day=268 satisfied=25/25 target=56
[HRSystem] Daily tick — 1 employees (0 izinde)
[SalesSystem] Daily tick — MRR $32495
[TimeManager] Daily tick — Day 269 (Δ 19 ms)
PROBE PLAY day=269 find_prospects (+2)
PROBE STATE day=269 cash=129525 mrr=32495 brand=50 burn=260 runway=INF cust=25 emp=1 promises=4 phase=2 aud=0 sat=-1 bugs=4 q=40.1 appetite=closed streak=0/3 profit_streak=5
PROBE CUST day=269 id=co_lead_31_4 sat=55 tol=47 target=55 trust=0.0 phase=active streak=0 cd=-1 mrr=785 bugs=4
PROBE CUST day=269 id=co_lead_31_5 sat=55 tol=47 target=55 trust=0.0 phase=active streak=0 cd=-1 mrr=860 bugs=4
PROBE CUST day=269 id=co_lead_37_7 sat=55 tol=42 target=55 trust=0.0 phase=active streak=0 cd=-1 mrr=860 bugs=4
PROBE CUST day=269 id=co_lead_51_13 sat=55 tol=51 target=55 trust=0.0 phase=active streak=0 cd=-1 mrr=2420 bugs=4
PROBE CUST day=269 id=co_lead_58_16 sat=55 tol=42 target=55 trust=0.0 phase=active streak=0 cd=-1 mrr=785 bugs=4
PROBE CUST day=269 id=co_lead_64_19 sat=55 tol=42 target=55 trust=0.0 phase=active streak=0 cd=-1 mrr=785 bugs=4
PROBE CUST day=269 id=co_lead_70_21 sat=55 tol=47 target=55 trust=0.0 phase=active streak=0 cd=-1 mrr=785 bugs=4
PROBE CUST day=269 id=co_lead_70_22 sat=55 tol=45 target=55 trust=0.0 phase=active streak=0 cd=-1 mrr=860 bugs=4
PROBE CUST day=269 id=co_lead_75_24 sat=55 tol=45 target=55 trust=0.0 phase=active streak=0 cd=-1 mrr=785 bugs=4
PROBE CUST day=269 id=co_lead_81_27 sat=55 tol=51 target=55 trust=0.0 phase=active streak=0 cd=-1 mrr=2720 bugs=4
PROBE CUST day=269 id=co_lead_86_28 sat=55 tol=47 target=55 trust=0.0 phase=active streak=0 cd=-1 mrr=860 bugs=4
PROBE CUST day=269 id=co_lead_91_30 sat=55 tol=47 target=55 trust=0.0 phase=active streak=0 cd=-1 mrr=860 bugs=4
PROBE CUST day=269 id=co_lead_97_33 sat=55 tol=42 target=55 trust=0.0 phase=active streak=0 cd=-1 mrr=860 bugs=4
PROBE CUST day=269 id=co_lead_107_38 sat=55 tol=51 target=55 trust=0.0 phase=active streak=0 cd=-1 mrr=2420 bugs=4
PROBE CUST day=269 id=co_lead_110_39 sat=55 tol=51 target=55 trust=0.0 phase=active streak=0 cd=-1 mrr=2420 bugs=4
PROBE CUST day=269 id=co_lead_113_40 sat=55 tol=42 target=55 trust=0.0 phase=active streak=0 cd=-1 mrr=860 bugs=4
PROBE CUST day=269 id=co_lead_113_41 sat=55 tol=51 target=55 trust=0.0 phase=active streak=0 cd=-1 mrr=2420 bugs=4
PROBE CUST day=269 id=co_lead_123_45 sat=55 tol=42 target=55 trust=0.0 phase=active streak=0 cd=-1 mrr=860 bugs=4
PROBE CUST day=269 id=co_lead_128_46 sat=55 tol=42 target=55 trust=0.0 phase=active streak=0 cd=-1 mrr=785 bugs=4
PROBE CUST day=269 id=co_lead_128_47 sat=55 tol=51 target=55 trust=0.0 phase=active streak=0 cd=-1 mrr=2720 bugs=4
PROBE CUST day=269 id=co_lead_134_49 sat=55 tol=45 target=55 trust=0.0 phase=active streak=0 cd=-1 mrr=860 bugs=4
PROBE CUST day=269 id=co_lead_145_54 sat=55 tol=47 target=55 trust=0.0 phase=active streak=0 cd=-1 mrr=860 bugs=4
PROBE CUST day=269 id=co_lead_153_56 sat=55 tol=51 target=55 trust=0.0 phase=active streak=0 cd=-1 mrr=2420 bugs=4
PROBE CUST day=269 id=co_lead_159_60 sat=55 tol=45 target=55 trust=0.0 phase=active streak=0 cd=-1 mrr=785 bugs=4
PROBE CUST day=269 id=co_lead_164_61 sat=55 tol=45 target=55 trust=0.0 phase=active streak=0 cd=-1 mrr=860 bugs=4
PROBE SAT day=269 satisfied=25/25 target=55
[HRSystem] Daily tick — 1 employees (0 izinde)
[SalesSystem] Daily tick — MRR $32495
[TimeManager] Daily tick — Day 270 (Δ 15 ms)
PROBE STATE day=270 cash=130348 mrr=32495 brand=50 burn=260 runway=INF cust=25 emp=1 promises=4 phase=2 aud=0 sat=-1 bugs=4 q=40.1 appetite=closed streak=0/3 profit_streak=5
PROBE CUST day=270 id=co_lead_31_4 sat=55 tol=47 target=55 trust=0.0 phase=active streak=0 cd=-1 mrr=785 bugs=4
PROBE CUST day=270 id=co_lead_31_5 sat=55 tol=47 target=55 trust=0.0 phase=active streak=0 cd=-1 mrr=860 bugs=4
PROBE CUST day=270 id=co_lead_37_7 sat=55 tol=42 target=55 trust=0.0 phase=active streak=0 cd=-1 mrr=860 bugs=4
PROBE CUST day=270 id=co_lead_51_13 sat=55 tol=51 target=55 trust=0.0 phase=active streak=0 cd=-1 mrr=2420 bugs=4
PROBE CUST day=270 id=co_lead_58_16 sat=55 tol=42 target=55 trust=0.0 phase=active streak=0 cd=-1 mrr=785 bugs=4
PROBE CUST day=270 id=co_lead_64_19 sat=55 tol=42 target=55 trust=0.0 phase=active streak=0 cd=-1 mrr=785 bugs=4
PROBE CUST day=270 id=co_lead_70_21 sat=55 tol=47 target=55 trust=0.0 phase=active streak=0 cd=-1 mrr=785 bugs=4
PROBE CUST day=270 id=co_lead_70_22 sat=55 tol=45 target=55 trust=0.0 phase=active streak=0 cd=-1 mrr=860 bugs=4
PROBE CUST day=270 id=co_lead_75_24 sat=55 tol=45 target=55 trust=0.0 phase=active streak=0 cd=-1 mrr=785 bugs=4
PROBE CUST day=270 id=co_lead_81_27 sat=55 tol=51 target=55 trust=0.0 phase=active streak=0 cd=-1 mrr=2720 bugs=4
PROBE CUST day=270 id=co_lead_86_28 sat=55 tol=47 target=55 trust=0.0 phase=active streak=0 cd=-1 mrr=860 bugs=4
PROBE CUST day=270 id=co_lead_91_30 sat=55 tol=47 target=55 trust=0.0 phase=active streak=0 cd=-1 mrr=860 bugs=4
PROBE CUST day=270 id=co_lead_97_33 sat=55 tol=42 target=55 trust=0.0 phase=active streak=0 cd=-1 mrr=860 bugs=4
PROBE CUST day=270 id=co_lead_107_38 sat=55 tol=51 target=55 trust=0.0 phase=active streak=0 cd=-1 mrr=2420 bugs=4
PROBE CUST day=270 id=co_lead_110_39 sat=55 tol=51 target=55 trust=0.0 phase=active streak=0 cd=-1 mrr=2420 bugs=4
PROBE CUST day=270 id=co_lead_113_40 sat=55 tol=42 target=55 trust=0.0 phase=active streak=0 cd=-1 mrr=860 bugs=4
PROBE CUST day=270 id=co_lead_113_41 sat=55 tol=51 target=55 trust=0.0 phase=active streak=0 cd=-1 mrr=2420 bugs=4
PROBE CUST day=270 id=co_lead_123_45 sat=55 tol=42 target=55 trust=0.0 phase=active streak=0 cd=-1 mrr=860 bugs=4
PROBE CUST day=270 id=co_lead_128_46 sat=55 tol=42 target=55 trust=0.0 phase=active streak=0 cd=-1 mrr=785 bugs=4
PROBE CUST day=270 id=co_lead_128_47 sat=55 tol=51 target=55 trust=0.0 phase=active streak=0 cd=-1 mrr=2720 bugs=4
PROBE CUST day=270 id=co_lead_134_49 sat=55 tol=45 target=55 trust=0.0 phase=active streak=0 cd=-1 mrr=860 bugs=4
PROBE CUST day=270 id=co_lead_145_54 sat=55 tol=47 target=55 trust=0.0 phase=active streak=0 cd=-1 mrr=860 bugs=4
PROBE CUST day=270 id=co_lead_153_56 sat=55 tol=51 target=55 trust=0.0 phase=active streak=0 cd=-1 mrr=2420 bugs=4
PROBE CUST day=270 id=co_lead_159_60 sat=55 tol=45 target=55 trust=0.0 phase=active streak=0 cd=-1 mrr=785 bugs=4
PROBE CUST day=270 id=co_lead_164_61 sat=55 tol=45 target=55 trust=0.0 phase=active streak=0 cd=-1 mrr=860 bugs=4
PROBE SAT day=270 satisfied=25/25 target=55
[HRSystem] Daily tick — 1 employees (0 izinde)
[SalesSystem] Daily tick — MRR $32495
[TimeManager] Daily tick — Day 271 (Δ 19 ms)
PROBE STATE day=271 cash=131171 mrr=32495 brand=50 burn=260 runway=INF cust=25 emp=1 promises=4 phase=2 aud=0 sat=-1 bugs=5 q=39.8 appetite=closed streak=0/3 profit_streak=5
PROBE CUST day=271 id=co_lead_31_4 sat=55 tol=47 target=55 trust=0.0 phase=active streak=0 cd=-1 mrr=785 bugs=5
PROBE CUST day=271 id=co_lead_31_5 sat=55 tol=47 target=55 trust=0.0 phase=active streak=0 cd=-1 mrr=860 bugs=5
PROBE CUST day=271 id=co_lead_37_7 sat=55 tol=42 target=55 trust=0.0 phase=active streak=0 cd=-1 mrr=860 bugs=5
PROBE CUST day=271 id=co_lead_51_13 sat=55 tol=51 target=55 trust=0.0 phase=active streak=0 cd=-1 mrr=2420 bugs=5
PROBE CUST day=271 id=co_lead_58_16 sat=55 tol=42 target=55 trust=0.0 phase=active streak=0 cd=-1 mrr=785 bugs=5
PROBE CUST day=271 id=co_lead_64_19 sat=55 tol=42 target=55 trust=0.0 phase=active streak=0 cd=-1 mrr=785 bugs=5
PROBE CUST day=271 id=co_lead_70_21 sat=55 tol=47 target=55 trust=0.0 phase=active streak=0 cd=-1 mrr=785 bugs=5
PROBE CUST day=271 id=co_lead_70_22 sat=55 tol=45 target=55 trust=0.0 phase=active streak=0 cd=-1 mrr=860 bugs=5
PROBE CUST day=271 id=co_lead_75_24 sat=55 tol=45 target=55 trust=0.0 phase=active streak=0 cd=-1 mrr=785 bugs=5
PROBE CUST day=271 id=co_lead_81_27 sat=55 tol=51 target=55 trust=0.0 phase=active streak=0 cd=-1 mrr=2720 bugs=5
PROBE CUST day=271 id=co_lead_86_28 sat=55 tol=47 target=55 trust=0.0 phase=active streak=0 cd=-1 mrr=860 bugs=5
PROBE CUST day=271 id=co_lead_91_30 sat=55 tol=47 target=55 trust=0.0 phase=active streak=0 cd=-1 mrr=860 bugs=5
PROBE CUST day=271 id=co_lead_97_33 sat=55 tol=42 target=55 trust=0.0 phase=active streak=0 cd=-1 mrr=860 bugs=5
PROBE CUST day=271 id=co_lead_107_38 sat=55 tol=51 target=55 trust=0.0 phase=active streak=0 cd=-1 mrr=2420 bugs=5
PROBE CUST day=271 id=co_lead_110_39 sat=55 tol=51 target=55 trust=0.0 phase=active streak=0 cd=-1 mrr=2420 bugs=5
PROBE CUST day=271 id=co_lead_113_40 sat=55 tol=42 target=55 trust=0.0 phase=active streak=0 cd=-1 mrr=860 bugs=5
PROBE CUST day=271 id=co_lead_113_41 sat=55 tol=51 target=55 trust=0.0 phase=active streak=0 cd=-1 mrr=2420 bugs=5
PROBE CUST day=271 id=co_lead_123_45 sat=55 tol=42 target=55 trust=0.0 phase=active streak=0 cd=-1 mrr=860 bugs=5
PROBE CUST day=271 id=co_lead_128_46 sat=55 tol=42 target=55 trust=0.0 phase=active streak=0 cd=-1 mrr=785 bugs=5
PROBE CUST day=271 id=co_lead_128_47 sat=55 tol=51 target=55 trust=0.0 phase=active streak=0 cd=-1 mrr=2720 bugs=5
PROBE CUST day=271 id=co_lead_134_49 sat=55 tol=45 target=55 trust=0.0 phase=active streak=0 cd=-1 mrr=860 bugs=5
PROBE CUST day=271 id=co_lead_145_54 sat=55 tol=47 target=55 trust=0.0 phase=active streak=0 cd=-1 mrr=860 bugs=5
PROBE CUST day=271 id=co_lead_153_56 sat=55 tol=51 target=55 trust=0.0 phase=active streak=0 cd=-1 mrr=2420 bugs=5
PROBE CUST day=271 id=co_lead_159_60 sat=55 tol=45 target=55 trust=0.0 phase=active streak=0 cd=-1 mrr=785 bugs=5
PROBE CUST day=271 id=co_lead_164_61 sat=55 tol=45 target=55 trust=0.0 phase=active streak=0 cd=-1 mrr=860 bugs=5
PROBE SAT day=271 satisfied=25/25 target=55
[HRSystem] Daily tick — 1 employees (0 izinde)
[SalesSystem] Daily tick — MRR $32495
[TimeManager] Daily tick — Day 272 (Δ 17 ms)
[ProductSystem] Bug sprint started: 6 bugs, 2 days
PROBE PLAY day=272 bug_sprint bugs=6
PROBE STATE day=272 cash=131994 mrr=32495 brand=50 burn=260 runway=INF cust=25 emp=1 promises=4 phase=2 aud=0 sat=-1 bugs=6 q=39.5 appetite=closed streak=0/3 profit_streak=5
PROBE CUST day=272 id=co_lead_31_4 sat=54 tol=47 target=54 trust=0.0 phase=active streak=0 cd=-1 mrr=785 bugs=6
PROBE CUST day=272 id=co_lead_31_5 sat=54 tol=47 target=54 trust=0.0 phase=active streak=0 cd=-1 mrr=860 bugs=6
PROBE CUST day=272 id=co_lead_37_7 sat=54 tol=42 target=54 trust=0.0 phase=active streak=0 cd=-1 mrr=860 bugs=6
PROBE CUST day=272 id=co_lead_51_13 sat=54 tol=51 target=54 trust=0.0 phase=active streak=0 cd=-1 mrr=2420 bugs=6
PROBE CUST day=272 id=co_lead_58_16 sat=54 tol=42 target=54 trust=0.0 phase=active streak=0 cd=-1 mrr=785 bugs=6
PROBE CUST day=272 id=co_lead_64_19 sat=54 tol=42 target=54 trust=0.0 phase=active streak=0 cd=-1 mrr=785 bugs=6
PROBE CUST day=272 id=co_lead_70_21 sat=54 tol=47 target=54 trust=0.0 phase=active streak=0 cd=-1 mrr=785 bugs=6
PROBE CUST day=272 id=co_lead_70_22 sat=54 tol=45 target=54 trust=0.0 phase=active streak=0 cd=-1 mrr=860 bugs=6
PROBE CUST day=272 id=co_lead_75_24 sat=54 tol=45 target=54 trust=0.0 phase=active streak=0 cd=-1 mrr=785 bugs=6
PROBE CUST day=272 id=co_lead_81_27 sat=54 tol=51 target=54 trust=0.0 phase=active streak=0 cd=-1 mrr=2720 bugs=6
PROBE CUST day=272 id=co_lead_86_28 sat=54 tol=47 target=54 trust=0.0 phase=active streak=0 cd=-1 mrr=860 bugs=6
PROBE CUST day=272 id=co_lead_91_30 sat=54 tol=47 target=54 trust=0.0 phase=active streak=0 cd=-1 mrr=860 bugs=6
PROBE CUST day=272 id=co_lead_97_33 sat=54 tol=42 target=54 trust=0.0 phase=active streak=0 cd=-1 mrr=860 bugs=6
PROBE CUST day=272 id=co_lead_107_38 sat=54 tol=51 target=54 trust=0.0 phase=active streak=0 cd=-1 mrr=2420 bugs=6
PROBE CUST day=272 id=co_lead_110_39 sat=54 tol=51 target=54 trust=0.0 phase=active streak=0 cd=-1 mrr=2420 bugs=6
PROBE CUST day=272 id=co_lead_113_40 sat=54 tol=42 target=54 trust=0.0 phase=active streak=0 cd=-1 mrr=860 bugs=6
PROBE CUST day=272 id=co_lead_113_41 sat=54 tol=51 target=54 trust=0.0 phase=active streak=0 cd=-1 mrr=2420 bugs=6
PROBE CUST day=272 id=co_lead_123_45 sat=54 tol=42 target=54 trust=0.0 phase=active streak=0 cd=-1 mrr=860 bugs=6
PROBE CUST day=272 id=co_lead_128_46 sat=54 tol=42 target=54 trust=0.0 phase=active streak=0 cd=-1 mrr=785 bugs=6
PROBE CUST day=272 id=co_lead_128_47 sat=54 tol=51 target=54 trust=0.0 phase=active streak=0 cd=-1 mrr=2720 bugs=6
PROBE CUST day=272 id=co_lead_134_49 sat=54 tol=45 target=54 trust=0.0 phase=active streak=0 cd=-1 mrr=860 bugs=6
PROBE CUST day=272 id=co_lead_145_54 sat=54 tol=47 target=54 trust=0.0 phase=active streak=0 cd=-1 mrr=860 bugs=6
PROBE CUST day=272 id=co_lead_153_56 sat=54 tol=51 target=54 trust=0.0 phase=active streak=0 cd=-1 mrr=2420 bugs=6
PROBE CUST day=272 id=co_lead_159_60 sat=54 tol=45 target=54 trust=0.0 phase=active streak=0 cd=-1 mrr=785 bugs=6
PROBE CUST day=272 id=co_lead_164_61 sat=54 tol=45 target=54 trust=0.0 phase=active streak=0 cd=-1 mrr=860 bugs=6
PROBE SAT day=272 satisfied=25/25 target=54
[HRSystem] Daily tick — 1 employees (0 izinde)
[SalesSystem] Daily tick — MRR $32495
[TimeManager] Daily tick — Day 273 (Δ 15 ms)
PROBE STATE day=273 cash=132817 mrr=32495 brand=50 burn=260 runway=INF cust=25 emp=1 promises=4 phase=2 aud=0 sat=-1 bugs=3 q=40.4 appetite=closed streak=0/3 profit_streak=5
PROBE CUST day=273 id=co_lead_31_4 sat=56 tol=47 target=56 trust=0.0 phase=active streak=0 cd=-1 mrr=785 bugs=3
PROBE CUST day=273 id=co_lead_31_5 sat=56 tol=47 target=56 trust=0.0 phase=active streak=0 cd=-1 mrr=860 bugs=3
PROBE CUST day=273 id=co_lead_37_7 sat=56 tol=42 target=56 trust=0.0 phase=active streak=0 cd=-1 mrr=860 bugs=3
PROBE CUST day=273 id=co_lead_51_13 sat=56 tol=51 target=56 trust=0.0 phase=active streak=0 cd=-1 mrr=2420 bugs=3
PROBE CUST day=273 id=co_lead_58_16 sat=56 tol=42 target=56 trust=0.0 phase=active streak=0 cd=-1 mrr=785 bugs=3
PROBE CUST day=273 id=co_lead_64_19 sat=56 tol=42 target=56 trust=0.0 phase=active streak=0 cd=-1 mrr=785 bugs=3
PROBE CUST day=273 id=co_lead_70_21 sat=56 tol=47 target=56 trust=0.0 phase=active streak=0 cd=-1 mrr=785 bugs=3
PROBE CUST day=273 id=co_lead_70_22 sat=56 tol=45 target=56 trust=0.0 phase=active streak=0 cd=-1 mrr=860 bugs=3
PROBE CUST day=273 id=co_lead_75_24 sat=56 tol=45 target=56 trust=0.0 phase=active streak=0 cd=-1 mrr=785 bugs=3
PROBE CUST day=273 id=co_lead_81_27 sat=56 tol=51 target=56 trust=0.0 phase=active streak=0 cd=-1 mrr=2720 bugs=3
PROBE CUST day=273 id=co_lead_86_28 sat=56 tol=47 target=56 trust=0.0 phase=active streak=0 cd=-1 mrr=860 bugs=3
PROBE CUST day=273 id=co_lead_91_30 sat=56 tol=47 target=56 trust=0.0 phase=active streak=0 cd=-1 mrr=860 bugs=3
PROBE CUST day=273 id=co_lead_97_33 sat=56 tol=42 target=56 trust=0.0 phase=active streak=0 cd=-1 mrr=860 bugs=3
PROBE CUST day=273 id=co_lead_107_38 sat=56 tol=51 target=56 trust=0.0 phase=active streak=0 cd=-1 mrr=2420 bugs=3
PROBE CUST day=273 id=co_lead_110_39 sat=56 tol=51 target=56 trust=0.0 phase=active streak=0 cd=-1 mrr=2420 bugs=3
PROBE CUST day=273 id=co_lead_113_40 sat=56 tol=42 target=56 trust=0.0 phase=active streak=0 cd=-1 mrr=860 bugs=3
PROBE CUST day=273 id=co_lead_113_41 sat=56 tol=51 target=56 trust=0.0 phase=active streak=0 cd=-1 mrr=2420 bugs=3
PROBE CUST day=273 id=co_lead_123_45 sat=56 tol=42 target=56 trust=0.0 phase=active streak=0 cd=-1 mrr=860 bugs=3
PROBE CUST day=273 id=co_lead_128_46 sat=56 tol=42 target=56 trust=0.0 phase=active streak=0 cd=-1 mrr=785 bugs=3
PROBE CUST day=273 id=co_lead_128_47 sat=56 tol=51 target=56 trust=0.0 phase=active streak=0 cd=-1 mrr=2720 bugs=3
PROBE CUST day=273 id=co_lead_134_49 sat=56 tol=45 target=56 trust=0.0 phase=active streak=0 cd=-1 mrr=860 bugs=3
PROBE CUST day=273 id=co_lead_145_54 sat=56 tol=47 target=56 trust=0.0 phase=active streak=0 cd=-1 mrr=860 bugs=3
PROBE CUST day=273 id=co_lead_153_56 sat=56 tol=51 target=56 trust=0.0 phase=active streak=0 cd=-1 mrr=2420 bugs=3
PROBE CUST day=273 id=co_lead_159_60 sat=56 tol=45 target=56 trust=0.0 phase=active streak=0 cd=-1 mrr=785 bugs=3
PROBE CUST day=273 id=co_lead_164_61 sat=56 tol=45 target=56 trust=0.0 phase=active streak=0 cd=-1 mrr=860 bugs=3
PROBE SAT day=273 satisfied=25/25 target=56
[ProductSystem] Bug sprint complete. live_bug now 0
[HRSystem] Daily tick — 1 employees (0 izinde)
[SalesSystem] Daily tick — MRR $32495
PROBE MONTH day=274 n=9 mrr_close=32495 income=32490 expense=7800 net=24690 red=0 growth_pct=0.0 streak=0 profit_streak=6
[TimeManager] Daily tick — Day 274 (Δ 16 ms)
PROBE PLAY day=274 find_prospects (+2)
PROBE STATE day=274 cash=133640 mrr=32495 brand=50 burn=260 runway=INF cust=25 emp=1 promises=4 phase=2 aud=0 sat=-1 bugs=0 q=41.2 appetite=closed streak=0/3 profit_streak=6
PROBE CUST day=274 id=co_lead_31_4 sat=58 tol=47 target=58 trust=0.0 phase=active streak=0 cd=-1 mrr=785 bugs=0
PROBE CUST day=274 id=co_lead_31_5 sat=58 tol=47 target=58 trust=0.0 phase=active streak=0 cd=-1 mrr=860 bugs=0
PROBE CUST day=274 id=co_lead_37_7 sat=58 tol=42 target=58 trust=0.0 phase=active streak=0 cd=-1 mrr=860 bugs=0
PROBE CUST day=274 id=co_lead_51_13 sat=58 tol=51 target=58 trust=0.0 phase=active streak=0 cd=-1 mrr=2420 bugs=0
PROBE CUST day=274 id=co_lead_58_16 sat=58 tol=42 target=58 trust=0.0 phase=active streak=0 cd=-1 mrr=785 bugs=0
PROBE CUST day=274 id=co_lead_64_19 sat=58 tol=42 target=58 trust=0.0 phase=active streak=0 cd=-1 mrr=785 bugs=0
PROBE CUST day=274 id=co_lead_70_21 sat=58 tol=47 target=58 trust=0.0 phase=active streak=0 cd=-1 mrr=785 bugs=0
PROBE CUST day=274 id=co_lead_70_22 sat=58 tol=45 target=58 trust=0.0 phase=active streak=0 cd=-1 mrr=860 bugs=0
PROBE CUST day=274 id=co_lead_75_24 sat=58 tol=45 target=58 trust=0.0 phase=active streak=0 cd=-1 mrr=785 bugs=0
PROBE CUST day=274 id=co_lead_81_27 sat=58 tol=51 target=58 trust=0.0 phase=active streak=0 cd=-1 mrr=2720 bugs=0
PROBE CUST day=274 id=co_lead_86_28 sat=58 tol=47 target=58 trust=0.0 phase=active streak=0 cd=-1 mrr=860 bugs=0
PROBE CUST day=274 id=co_lead_91_30 sat=58 tol=47 target=58 trust=0.0 phase=active streak=0 cd=-1 mrr=860 bugs=0
PROBE CUST day=274 id=co_lead_97_33 sat=58 tol=42 target=58 trust=0.0 phase=active streak=0 cd=-1 mrr=860 bugs=0
PROBE CUST day=274 id=co_lead_107_38 sat=58 tol=51 target=58 trust=0.0 phase=active streak=0 cd=-1 mrr=2420 bugs=0
PROBE CUST day=274 id=co_lead_110_39 sat=58 tol=51 target=58 trust=0.0 phase=active streak=0 cd=-1 mrr=2420 bugs=0
PROBE CUST day=274 id=co_lead_113_40 sat=58 tol=42 target=58 trust=0.0 phase=active streak=0 cd=-1 mrr=860 bugs=0
PROBE CUST day=274 id=co_lead_113_41 sat=58 tol=51 target=58 trust=0.0 phase=active streak=0 cd=-1 mrr=2420 bugs=0
PROBE CUST day=274 id=co_lead_123_45 sat=58 tol=42 target=58 trust=0.0 phase=active streak=0 cd=-1 mrr=860 bugs=0
PROBE CUST day=274 id=co_lead_128_46 sat=58 tol=42 target=58 trust=0.0 phase=active streak=0 cd=-1 mrr=785 bugs=0
PROBE CUST day=274 id=co_lead_128_47 sat=58 tol=51 target=58 trust=0.0 phase=active streak=0 cd=-1 mrr=2720 bugs=0
PROBE CUST day=274 id=co_lead_134_49 sat=58 tol=45 target=58 trust=0.0 phase=active streak=0 cd=-1 mrr=860 bugs=0
PROBE CUST day=274 id=co_lead_145_54 sat=58 tol=47 target=58 trust=0.0 phase=active streak=0 cd=-1 mrr=860 bugs=0
PROBE CUST day=274 id=co_lead_153_56 sat=58 tol=51 target=58 trust=0.0 phase=active streak=0 cd=-1 mrr=2420 bugs=0
PROBE CUST day=274 id=co_lead_159_60 sat=58 tol=45 target=58 trust=0.0 phase=active streak=0 cd=-1 mrr=785 bugs=0
PROBE CUST day=274 id=co_lead_164_61 sat=58 tol=45 target=58 trust=0.0 phase=active streak=0 cd=-1 mrr=860 bugs=0
PROBE SAT day=274 satisfied=25/25 target=58
[HRSystem] Daily tick — 1 employees (0 izinde)
[SalesSystem] Daily tick — MRR $32495
[EndingsSystem] RUN ENDED: profitable_bootstrap (Day 275)
[TimeManager] Daily tick — Day 275 (Δ 19 ms)
PROBE STATE day=275 cash=134463 mrr=32495 brand=50 burn=260 runway=INF cust=25 emp=1 promises=4 phase=2 aud=0 sat=-1 bugs=0 q=41.2 appetite=closed streak=0/3 profit_streak=6
PROBE CUST day=275 id=co_lead_31_4 sat=58 tol=47 target=58 trust=0.0 phase=active streak=0 cd=-1 mrr=785 bugs=0
PROBE CUST day=275 id=co_lead_31_5 sat=58 tol=47 target=58 trust=0.0 phase=active streak=0 cd=-1 mrr=860 bugs=0
PROBE CUST day=275 id=co_lead_37_7 sat=58 tol=42 target=58 trust=0.0 phase=active streak=0 cd=-1 mrr=860 bugs=0
PROBE CUST day=275 id=co_lead_51_13 sat=58 tol=51 target=58 trust=0.0 phase=active streak=0 cd=-1 mrr=2420 bugs=0
PROBE CUST day=275 id=co_lead_58_16 sat=58 tol=42 target=58 trust=0.0 phase=active streak=0 cd=-1 mrr=785 bugs=0
PROBE CUST day=275 id=co_lead_64_19 sat=58 tol=42 target=58 trust=0.0 phase=active streak=0 cd=-1 mrr=785 bugs=0
PROBE CUST day=275 id=co_lead_70_21 sat=58 tol=47 target=58 trust=0.0 phase=active streak=0 cd=-1 mrr=785 bugs=0
PROBE CUST day=275 id=co_lead_70_22 sat=58 tol=45 target=58 trust=0.0 phase=active streak=0 cd=-1 mrr=860 bugs=0
PROBE CUST day=275 id=co_lead_75_24 sat=58 tol=45 target=58 trust=0.0 phase=active streak=0 cd=-1 mrr=785 bugs=0
PROBE CUST day=275 id=co_lead_81_27 sat=58 tol=51 target=58 trust=0.0 phase=active streak=0 cd=-1 mrr=2720 bugs=0
PROBE CUST day=275 id=co_lead_86_28 sat=58 tol=47 target=58 trust=0.0 phase=active streak=0 cd=-1 mrr=860 bugs=0
PROBE CUST day=275 id=co_lead_91_30 sat=58 tol=47 target=58 trust=0.0 phase=active streak=0 cd=-1 mrr=860 bugs=0
PROBE CUST day=275 id=co_lead_97_33 sat=58 tol=42 target=58 trust=0.0 phase=active streak=0 cd=-1 mrr=860 bugs=0
PROBE CUST day=275 id=co_lead_107_38 sat=58 tol=51 target=58 trust=0.0 phase=active streak=0 cd=-1 mrr=2420 bugs=0
PROBE CUST day=275 id=co_lead_110_39 sat=58 tol=51 target=58 trust=0.0 phase=active streak=0 cd=-1 mrr=2420 bugs=0
PROBE CUST day=275 id=co_lead_113_40 sat=58 tol=42 target=58 trust=0.0 phase=active streak=0 cd=-1 mrr=860 bugs=0
PROBE CUST day=275 id=co_lead_113_41 sat=58 tol=51 target=58 trust=0.0 phase=active streak=0 cd=-1 mrr=2420 bugs=0
PROBE CUST day=275 id=co_lead_123_45 sat=58 tol=42 target=58 trust=0.0 phase=active streak=0 cd=-1 mrr=860 bugs=0
PROBE CUST day=275 id=co_lead_128_46 sat=58 tol=42 target=58 trust=0.0 phase=active streak=0 cd=-1 mrr=785 bugs=0
PROBE CUST day=275 id=co_lead_128_47 sat=58 tol=51 target=58 trust=0.0 phase=active streak=0 cd=-1 mrr=2720 bugs=0
PROBE CUST day=275 id=co_lead_134_49 sat=58 tol=45 target=58 trust=0.0 phase=active streak=0 cd=-1 mrr=860 bugs=0
PROBE CUST day=275 id=co_lead_145_54 sat=58 tol=47 target=58 trust=0.0 phase=active streak=0 cd=-1 mrr=860 bugs=0
PROBE CUST day=275 id=co_lead_153_56 sat=58 tol=51 target=58 trust=0.0 phase=active streak=0 cd=-1 mrr=2420 bugs=0
PROBE CUST day=275 id=co_lead_159_60 sat=58 tol=45 target=58 trust=0.0 phase=active streak=0 cd=-1 mrr=785 bugs=0
PROBE CUST day=275 id=co_lead_164_61 sat=58 tol=45 target=58 trust=0.0 phase=active streak=0 cd=-1 mrr=860 bugs=0
PROBE SAT day=275 satisfied=25/25 target=58
PROBE RETAIN co_lead_107_38 fires=1 max30=1 discounts=0
PROBE RETAIN co_lead_110_39 fires=1 max30=1 discounts=0
PROBE RETAIN co_lead_51_13 fires=1 max30=1 discounts=0
PROBE RETAIN co_lead_81_27 fires=1 max30=1 discounts=0
PROBE WEEK w=1 fires=2 retain=0 cs=0 expand=0 build=2 post_ship=0 other=0
PROBE WEEK w=2 fires=1 retain=0 cs=0 expand=0 build=1 post_ship=0 other=0
PROBE WEEK w=3 fires=3 retain=0 cs=0 expand=0 build=3 post_ship=0 other=0
PROBE WEEK w=4 fires=2 retain=0 cs=0 expand=0 build=1 post_ship=1 other=0
PROBE WEEK w=5 fires=2 retain=0 cs=0 expand=0 build=0 post_ship=1 other=1
PROBE WEEK w=6 fires=0 retain=0 cs=0 expand=0 build=0 post_ship=0 other=0
PROBE WEEK w=7 fires=0 retain=0 cs=0 expand=0 build=0 post_ship=0 other=0
PROBE WEEK w=8 fires=5 retain=1 cs=0 expand=0 build=1 post_ship=1 other=2
PROBE WEEK w=9 fires=2 retain=0 cs=0 expand=0 build=2 post_ship=0 other=0
PROBE WEEK w=10 fires=1 retain=0 cs=0 expand=0 build=0 post_ship=1 other=0
PROBE WEEK w=11 fires=1 retain=0 cs=0 expand=1 build=0 post_ship=0 other=0
PROBE WEEK w=12 fires=3 retain=0 cs=0 expand=2 build=0 post_ship=1 other=0
PROBE WEEK w=13 fires=2 retain=1 cs=0 expand=0 build=1 post_ship=0 other=0
PROBE WEEK w=14 fires=3 retain=0 cs=0 expand=1 build=1 post_ship=1 other=0
PROBE WEEK w=15 fires=1 retain=0 cs=0 expand=1 build=0 post_ship=0 other=0
PROBE WEEK w=16 fires=2 retain=0 cs=0 expand=1 build=0 post_ship=1 other=0
PROBE WEEK w=17 fires=5 retain=2 cs=0 expand=2 build=1 post_ship=0 other=0
PROBE WEEK w=18 fires=1 retain=0 cs=0 expand=1 build=0 post_ship=0 other=0
PROBE WEEK w=19 fires=3 retain=0 cs=0 expand=2 build=0 post_ship=1 other=0
PROBE WEEK w=20 fires=1 retain=0 cs=0 expand=1 build=0 post_ship=0 other=0
PROBE WEEK w=21 fires=2 retain=0 cs=0 expand=1 build=0 post_ship=1 other=0
PROBE WEEK w=22 fires=0 retain=0 cs=0 expand=0 build=0 post_ship=0 other=0
PROBE WEEK w=23 fires=5 retain=0 cs=0 expand=4 build=0 post_ship=1 other=0
PROBE WEEK w=24 fires=0 retain=0 cs=0 expand=0 build=0 post_ship=0 other=0
PROBE WEEK w=25 fires=3 retain=0 cs=0 expand=2 build=0 post_ship=1 other=0
PROBE WEEK w=26 fires=2 retain=0 cs=0 expand=2 build=0 post_ship=0 other=0
PROBE WEEK w=27 fires=1 retain=0 cs=0 expand=0 build=0 post_ship=1 other=0
PROBE WEEK w=28 fires=1 retain=0 cs=0 expand=1 build=0 post_ship=0 other=0
PROBE WEEK w=29 fires=2 retain=0 cs=0 expand=1 build=0 post_ship=1 other=0
PROBE WEEK w=30 fires=1 retain=0 cs=0 expand=1 build=0 post_ship=0 other=0
PROBE WEEK w=31 fires=2 retain=0 cs=0 expand=1 build=0 post_ship=1 other=0
PROBE WEEK w=32 fires=0 retain=0 cs=0 expand=0 build=0 post_ship=0 other=0
PROBE WEEK w=33 fires=1 retain=0 cs=0 expand=0 build=0 post_ship=1 other=0
PROBE WEEK w=34 fires=0 retain=0 cs=0 expand=0 build=0 post_ship=0 other=0
PROBE WEEK w=35 fires=1 retain=0 cs=0 expand=0 build=0 post_ship=1 other=0
PROBE WEEK w=36 fires=1 retain=0 cs=0 expand=0 build=0 post_ship=1 other=0
PROBE WEEK w=37 fires=0 retain=0 cs=0 expand=0 build=0 post_ship=0 other=0
PROBE WEEK w=38 fires=0 retain=0 cs=0 expand=0 build=0 post_ship=0 other=0
PROBE WEEK w=39 fires=0 retain=0 cs=0 expand=0 build=0 post_ship=0 other=0
PROBE WEEK w=40 fires=0 retain=0 cs=0 expand=0 build=0 post_ship=0 other=0
PROBE TALLY_BEGIN
PROBE TALLY ev_angel_frank_seed fires=1 picks=1 src=factory:angel_round_system (seed offer)
PROBE TALLY ev_angel_hire_nudge fires=1 picks=1 src=factory:angel_round_system (hire nudge)
PROBE TALLY ev_b2b_expand_co_lead_107_38 fires=1 picks=1 src=factory:b2b_sales_system:242 (expansion)
PROBE TALLY ev_b2b_expand_co_lead_110_39 fires=1 picks=1 src=factory:b2b_sales_system:242 (expansion)
PROBE TALLY ev_b2b_expand_co_lead_113_40 fires=1 picks=1 src=factory:b2b_sales_system:242 (expansion)
PROBE TALLY ev_b2b_expand_co_lead_113_41 fires=1 picks=1 src=factory:b2b_sales_system:242 (expansion)
PROBE TALLY ev_b2b_expand_co_lead_123_45 fires=1 picks=1 src=factory:b2b_sales_system:242 (expansion)
PROBE TALLY ev_b2b_expand_co_lead_128_46 fires=1 picks=1 src=factory:b2b_sales_system:242 (expansion)
PROBE TALLY ev_b2b_expand_co_lead_128_47 fires=1 picks=1 src=factory:b2b_sales_system:242 (expansion)
PROBE TALLY ev_b2b_expand_co_lead_134_49 fires=1 picks=1 src=factory:b2b_sales_system:242 (expansion)
PROBE TALLY ev_b2b_expand_co_lead_145_54 fires=1 picks=1 src=factory:b2b_sales_system:242 (expansion)
PROBE TALLY ev_b2b_expand_co_lead_153_56 fires=1 picks=1 src=factory:b2b_sales_system:242 (expansion)
PROBE TALLY ev_b2b_expand_co_lead_159_60 fires=1 picks=1 src=factory:b2b_sales_system:242 (expansion)
PROBE TALLY ev_b2b_expand_co_lead_164_61 fires=1 picks=1 src=factory:b2b_sales_system:242 (expansion)
PROBE TALLY ev_b2b_expand_co_lead_31_4 fires=1 picks=1 src=factory:b2b_sales_system:242 (expansion)
PROBE TALLY ev_b2b_expand_co_lead_31_5 fires=1 picks=1 src=factory:b2b_sales_system:242 (expansion)
PROBE TALLY ev_b2b_expand_co_lead_37_7 fires=1 picks=1 src=factory:b2b_sales_system:242 (expansion)
PROBE TALLY ev_b2b_expand_co_lead_51_13 fires=1 picks=1 src=factory:b2b_sales_system:242 (expansion)
PROBE TALLY ev_b2b_expand_co_lead_58_16 fires=1 picks=1 src=factory:b2b_sales_system:242 (expansion)
PROBE TALLY ev_b2b_expand_co_lead_64_19 fires=1 picks=1 src=factory:b2b_sales_system:242 (expansion)
PROBE TALLY ev_b2b_expand_co_lead_70_21 fires=1 picks=1 src=factory:b2b_sales_system:242 (expansion)
PROBE TALLY ev_b2b_expand_co_lead_70_22 fires=1 picks=1 src=factory:b2b_sales_system:242 (expansion)
PROBE TALLY ev_b2b_expand_co_lead_75_24 fires=1 picks=1 src=factory:b2b_sales_system:242 (expansion)
PROBE TALLY ev_b2b_expand_co_lead_81_27 fires=1 picks=1 src=factory:b2b_sales_system:242 (expansion)
PROBE TALLY ev_b2b_expand_co_lead_86_28 fires=1 picks=1 src=factory:b2b_sales_system:242 (expansion)
PROBE TALLY ev_b2b_expand_co_lead_91_30 fires=1 picks=1 src=factory:b2b_sales_system:242 (expansion)
PROBE TALLY ev_b2b_expand_co_lead_97_33 fires=1 picks=1 src=factory:b2b_sales_system:242 (expansion)
PROBE TALLY ev_b2b_retain_co_lead_107_38 fires=1 picks=1 src=factory:b2b_sales_system:203 (retention)
PROBE TALLY ev_b2b_retain_co_lead_110_39 fires=1 picks=1 src=factory:b2b_sales_system:203 (retention)
PROBE TALLY ev_b2b_retain_co_lead_51_13 fires=1 picks=1 src=factory:b2b_sales_system:203 (retention)
PROBE TALLY ev_b2b_retain_co_lead_81_27 fires=1 picks=1 src=factory:b2b_sales_system:203 (retention)
PROBE TALLY ev_mvp_bugfix_001_critical_bug fires=1 picks=1 src=pool
PROBE TALLY ev_mvp_bugfix_002_early_launch_pressure fires=1 picks=1 src=pool
PROBE TALLY ev_mvp_bugfix_003_final_polish fires=1 picks=1 src=pool
PROBE TALLY ev_mvp_dev_001_integration_broken fires=1 picks=1 src=pool
PROBE TALLY ev_mvp_dev_003_solo_dev_fatigue fires=1 picks=1 src=pool
PROBE TALLY ev_mvp_iter_001_scope_creep fires=1 picks=1 src=pool
PROBE TALLY ev_mvp_iter_002_competitor_signal fires=1 picks=1 src=pool
PROBE TALLY ev_mvp_iter_003_early_user_feedback fires=1 picks=1 src=pool
PROBE TALLY ev_mvp_iter_decision_intro fires=1 picks=1 src=factory:product_system:_end_round (iter_intro)
PROBE TALLY ev_mvp_ship_moment fires=1 picks=1 src=factory:product_system:1266 (ship)
PROBE TALLY ev_mvp_version_ship_moment fires=3 picks=3 src=factory:product_system:1266 (version_ship)
PROBE TALLY ev_phase_gate_traction fires=1 picks=1 src=factory:phase_gate_system:130 (gate)
PROBE TALLY ev_ps_frank_intro_b2b fires=1 picks=1 src=pool
PROBE TALLY ev_ps_referral_b2b fires=16 picks=16 src=pool
PROBE TALLY_END
PROBE END day=275 run_active=false ending=profitable_bootstrap
WARNING: ObjectDB instances leaked at exit (run with --verbose for details).
   at: cleanup (core/object/object.cpp:2641)
ERROR: 1 resources still in use at exit (run with --verbose for details).
   at: clear (core/io/resource.cpp:810)
