keys,tr,en
RUNWAY_PROFITABLE,Artıda,Default Alive
RUNWAY_PROFITABLE_NOTE,"Gider gelirin altında; kasa erimiyor. Sayaç, net akış eksiye dönerse işler.",Expenses run below revenue; the treasury holds. The clock starts only if net flow turns negative.
RUNWAY_UNIT_MONTHS,ay,mo
RUNWAY_UNIT_WEEKS,hafta,wk
RUNWAY_CROSS_TICKER,Runway {n} ayın altına indi,Runway fell below {n} months
RUNWAY_CROSS_TICKER_ONE,Runway {n} ayın altına indi,Runway fell below {n} month
SETTINGS_LANGUAGE,Dil,Language
LANG_TR,Türkçe,Türkçe
LANG_EN,English,English
SKILL_LABEL_SALES,satış,sales
SKILL_LABEL_PRODUCT,ürün,product
SKILL_LABEL_DESIGN,tasarım,design
SKILL_LABEL_ENGINEERING,yazılım,engineering
SKILL_LABEL_QA,test,QA
SKILL_LABEL_CUSTOMER_SUCCESS,müşteri başarısı,customer success
SKILL_LABEL_LEADERSHIP,liderlik,leadership
ONB_STEP_CHARACTER,KARAKTER,CHARACTER
ONB_STEP_ORIGIN,KÖKEN,ORIGIN
ONB_STEP_COMPANY,ŞİRKET,COMPANY
ONB_STEP_COUNTER,ADIM {step} / {total},STEP {step} / {total}
ONB_BACK,Geri,Back
ONB_NEXT,İleri,Next
ONB_START,Kur ve Başla,Found and Begin
ONB_PREPARING,Hazırlanıyor…,Preparing…
ONB_P1_TITLE,Karakter,Character
ONB_P1_SUB,"Bu, aynada göreceğin yüz. Bir istatistik değil, bir kimlik.","The face you will see in the mirror. Not a statistic, an identity."
ONB_NAME_LABEL,ADIN,YOUR NAME
ONB_NAME_PLACEHOLDER,Boş bırakırsan 'Kurucu' kullanılır,Leave empty to use 'Founder'
ONB_FOUNDER_TAG,KURUCU,FOUNDER
ONB_PORTRAIT_HEADER,PORTRE SEÇ · {n} SEÇENEK,CHOOSE A PORTRAIT · {n} OPTIONS
ONB_SELECTED_CHIP,SEÇİLİ · PORTRE {id},SELECTED · PORTRAIT {id}
ONB_P2_TITLE,Köken ve Karakter,Origin and Character
ONB_P2_SUB,"Nereden geldiğin, neyi kolay, neyi zor yaşayacağını belirler.","Where you come from decides what will come easy, and what will not."
ONB_ORIGIN_HEADER,KÖKEN,ORIGIN
ONB_ORIGIN_SUB,"Nereden geldiğin, nereden başladığını belirler.",Where you come from decides where you start.
ONB_ORIGIN_SELF_MADE_NAME,Self-Made,Self-Made
ONB_ORIGIN_SELF_MADE_QUOTE,Hiçbir şey yoktu. Her satırı ben yazdım.,There was nothing. I wrote every line myself.
ONB_ORIGIN_HEIR_NAME,The Heir,The Heir
ONB_ORIGIN_HEIR_QUOTE,Aile sermayesi arkanda. Ama gözler de üzerinde.,Family money at your back. And every eye on you.
ONB_ORIGIN_CORP_NAME,Corporate Refugee,Corporate Refugee
ONB_ORIGIN_CORP_QUOTE,On yıl büyük şirkette. Şimdi kendi adına.,Ten years in a big company. Now in your own name.
LOCK_FULL,TAM SÜRÜMDE,IN THE FULL GAME
LOCK_SOON,ÇOK YAKINDA,COMING SOON
LOCK_CHIP,KİLİTLİ,LOCKED
ONB_ORIGIN_SM_CHIP_RESILIENT,DAYANIKLI,RESILIENT
ONB_ORIGIN_SM_CHIP_LOW_CAPITAL,DÜŞÜK SERMAYE,LOW CAPITAL
ONB_ORIGIN_SM_CHIP_PRESS,BASIN SEMPATİSİ,PRESS SYMPATHY
ONB_TRAITS_HEADER,KARAKTER,CHARACTER
ONB_TRAITS_SUB,Bir pozitif seçebilirsin. İki pozitif seçersen bir negatif seçmelisin.,Pick one strength freely. Pick two and you owe a flaw.
ONB_TRAITS_POSITIVE,POZİTİF,POSITIVE
ONB_TRAITS_NEGATIVE,NEGATİF,NEGATIVE
TRAIT_VISIONARY_NAME,Vizyoner,Visionary
TRAIT_VISIONARY_EFFECT,Ar-Ge sıçramaları daha sık,R&D breakthroughs come more often
TRAIT_DISCIPLINED_NAME,Disiplinli,Disciplined
TRAIT_DISCIPLINED_EFFECT,Geliştirme süreleri kısalır,Development cycles run shorter
TRAIT_NETWORKER_NAME,Ağ Kurucu,Networker
TRAIT_NETWORKER_EFFECT,Müşteri adayı kalitesi artar,Prospect quality improves
TRAIT_RESILIENT_NAME,Dayanıklı,Resilient
TRAIT_RESILIENT_EFFECT,Kriz sonrası hızlı toparlar,Recovers quickly after a crisis
TRAIT_STUBBORN_NAME,İnatçı,Stubborn
TRAIT_STUBBORN_EFFECT,Pivot maliyeti yüksek,Pivots cost more
TRAIT_MICROMANAGER_NAME,Mikro Yönetici,Micromanager
TRAIT_MICROMANAGER_EFFECT,Ekip morali daha hızlı erir,Team morale erodes faster
TRAIT_RISK_BLIND_NAME,Risk Körü,Risk-Blind
TRAIT_RISK_BLIND_EFFECT,Erken çıkış cazibesi artar,Early launches tempt harder
TRAIT_LONE_WOLF_NAME,Yalnız Kurt,Lone Wolf
TRAIT_LONE_WOLF_EFFECT,Mentor etkisi azalır,Mentor guidance lands weaker
ONB_SKILLS_HEADER,YETENEKLER,SKILLS
ONB_SKILLS_SUB,Masaya ne getiriyorsun.,What you bring to the table.
ONB_SKILL_SALES,Satış,Sales
ONB_SKILL_SALES_DESC,Müşteri adayı kalitesi ve anlaşma kapama.,Prospect quality and closing deals.
ONB_SKILL_LEADERSHIP,Liderlik,Leadership
ONB_SKILL_LEADERSHIP_DESC,Ekip morali ve kriz yönetimi.,Team morale and crisis management.
ONB_POINTS_LEFT,KALAN PUAN,POINTS LEFT
ONB_POINTS_HINT,tümünü dağıt,spend them all
ONB_P3_TITLE,Şirket,Company
ONB_P3_SUB,Kapıya asılacak isim. Bundan sonra herkes bu adı anacak.,The name on the door. From now on this is what they will call you.
ONB_COMPANY_LABEL,ŞİRKET ADI,COMPANY NAME
ONB_COMPANY_PLACEHOLDER,Örn. Synaptik,e.g. Synaptik
ONB_COMPANY_EMPTY,[Şirket adı],[Company name]
ONB_LOGO_LABEL,LOGO STİLİ,LOGO STYLE
LOGO_STYLE_MINIMALIST,MİNİMALİST,MINIMALIST
LOGO_STYLE_TECH,TEKNO,TECH
LOGO_STYLE_PLAYFUL,OYUNCUL,PLAYFUL
LOGO_STYLE_SERIOUS,CİDDİ,SERIOUS
ONB_SLOGAN_LABEL,SLOGAN (OPSİYONEL),SLOGAN (OPTIONAL)
ONB_SLOGAN_PLACEHOLDER,Bir cümlede ne yapıyorsun,What you do in one sentence
ONB_PREVIEW_LABEL,ÖNİZLEME,PREVIEW
ONB_PREVIEW_FOUNDER_TAG,KURUCU · {year},FOUNDER · {year}
SALES_PORTFOLIO_HEADER,Müşteri portföyü,Customer portfolio
SALES_CUSTOMERS_COUNT,{n} müşteri,{n} customers
SALES_CUSTOMERS_COUNT_ONE,{n} müşteri,{n} customer
SALES_STRIP_CUSTOMERS,Müşteri,Customers
SALES_STRIP_SATISFACTION,Ort. memnuniyet,Avg. satisfaction
SALES_STRIP_GAINED,Bu ay kazanılan,Gained this month
SALES_STRIP_NET,Bu ay net,Net this month
SALES_ACCOUNT_SATISFACTION,Memnuniyet,Satisfaction
SALES_PROSPECTS_EMPTY,Henüz aday yok.,No leads yet.
SALES_CUSTOMERS_EMPTY,Henüz müşteri yok.,No customers yet.
SALES_TIER2_TITLE,Kurumsal segment,Enterprise segment
SALES_PER_MONTH,/ay,/mo
SALES_SEATS,{n} koltuk,{n} seats
SALES_TENURE,{n} aydır müşteri,customer for {n} mo
SALES_TENURE_NEW,yeni müşteri,new customer
SALES_LOG_HEADER,Son hareketler,Recent activity
SALES_LOG_CLOSE,{actor} · {company} anlaşmasını kapattı · {amount}/ay,{actor} · closed {company} · {amount}/mo
SALES_LOG_ABSORB,{actor} · {company} tarafındaki talebi karşıladı,{actor} · handled a request from {company}
SALES_FOUNDER_STRETCHED,Doğrudan yönettiğin {n} hesap var,You are managing {n} accounts directly
SALES_CHIP_HEALTHY,Sağlıklı,Healthy
SALES_CHIP_RISK,Risk altında,At risk
SALES_CHIP_EXPANSION,Büyümek istiyor,Wants to grow
SALES_CHIP_NEW,Yeni,New
SALES_STEWARD,Müşteri temsilcisi: {name},Account manager: {name}
SALES_CHURN_COUNTDOWN,Churn'e ~{n} hafta,~{n} weeks to churn
SALES_CHURN_COUNTDOWN_ONE,Churn'e ~{n} hafta,~{n} week to churn
SALES_REASON_PREFIX,Sebep: {reason},Reason: {reason}
SALES_REASON_OUTAGE,sık kesinti şikayeti,frequent outage complaints
SALES_REASON_SATISFACTION,memnuniyet düşüyor,satisfaction is falling
SALES_EXPANSION_FICTION,Başka departmana yaymak istiyor.,Wants to roll it out to another department.
SALES_ACTION_RETAIN,İlgilen,Check in
SALES_ACTION_EXPAND,Değerlendir,Evaluate
ENDING_NEXT,SIRADA NE VAR?,WHAT'S NEXT?
ENDING_BADGE_EA,ERKEN ERİŞİM'DE,IN EARLY ACCESS
ENDING_WISHLIST,WISHLIST'E EKLE,ADD TO WISHLIST
ENDING_RUN_META,BU OYUN: {weeks} HAFTA · NORMAL MOD,THIS RUN: {weeks} WEEKS · NORMAL MODE
ENDING_RUN_META_ONE,BU OYUN: {weeks} HAFTA · NORMAL MOD,THIS RUN: {weeks} WEEK · NORMAL MODE
ENDING_RETRY,TEKRAR DENE,TRY AGAIN
ENDING_HARD_MODE,ZOR MOD · YAKINDA,HARD MODE · SOON
ENDING_SOON_TOOLTIP,Yakında,Coming soon
ENDING_SHARE,GAZETEYİ PAYLAŞ,SHARE THE PAPER
ENDING_SAVED_TOAST,Gazete kaydedildi,Paper saved
ENDING_OPEN_FOLDER,Klasörü aç,Open folder
ENDING_ENGRAVING_SOON,GÖRSEL YAKINDA,ART COMING SOON
SALES_STEWARD_CHANGE,Değiştir,Change
SALES_STEWARD_PICK,Sorumlu ata,Assign account manager
SALES_STEWARD_CURRENT,zaten sorumlu,already assigned
SALES_STEWARD_FULL,kapasite dolu,at capacity
SALES_STEWARD_FOUNDER,Kurucu (kendim tutayım),Founder (keep it myself)
HR_ROLE_LOCK_SALES,Bu rol için B2B ürün gerekir.,This role needs a B2B product.
HR_ROLE_LOCK_FULL_VERSION,Tam sürümde gelecek.,Coming in the full version.
HR_ROLE_MARKETING,Pazarlama,Marketing
HR_ROLE_HR_INHOUSE,İnsan Kaynakları,In-house HR
WIN_PAGE_PLACEHOLDER,İçerik yolda,Content on the way
DESK_PAPER_TAG_GATE,EŞİK,GATE
DESK_PAPER_TAG_FUNDING,YATIRIM,FUNDING
DESK_PAPER_TAG_ATLAS,ATLAS,ATLAS
DESK_PAPER_GATE_TITLE,Faz kapısı açık — karar bekliyor,Phase gate open: decision pending
DESK_PAPER_SHEET_TITLE,"Yatırım teklifi masada, son {weeks} hafta","Offer on the table, {weeks} weeks left"
DESK_PAPER_SHEET_TITLE_ONE,"Yatırım teklifi masada, son hafta","Offer on the table, final week"
DESK_PAPER_SHEETS_TITLE,{n} yatırım teklifi masada,{n} offers on the table
DESK_PAPER_ATLAS_TITLE,{n} aday dosyası hazır,{n} candidate files ready
FIN_GOAL_P1_LABEL,Traction'a:,To Traction:
FIN_GOAL_P1_META,Sürüm + ilk müşteri + ilk gelir,Ship + first customer + first revenue
FIN_GOAL_P2_LABEL,Series A'ya:,To Series A:
FIN_GOAL_P3_LABEL,Series A avı:,Series A hunt:
FIN_GOAL_P3_HUNT,{n} teklif masada,{n} offers on the table
FIN_GOAL_P3_HUNT_ONE,{n} teklif masada,{n} offer on the table
FIN_GOAL_P3_CLOSED,Series A kapandı,Series A closed
FIN_MARKET_TITLE,Pazar payı,Market share
FIN_MARKET_YOU,Sen,You
MILESTONE_FOUNDING,Kuruluş,Founding
MILESTONE_FIRST_SHIP,İlk sürüm,First release
MILESTONE_FIRST_FUNDING,İlk yatırım,First funding
PERSONAL_MILESTONES_TITLE,Kilometre Taşları,Milestones
PERSONAL_MS_FOUNDING_NOTE,Kapıya isim asıldı; defterin ilk satırı.,The name went on the door; the ledger's first line.
PERSONAL_MS_SHIP_NOTE,Ürün raflara çıktı — artık dünya da oynuyor.,The product hit the shelves; now the world plays too.
PERSONAL_MS_FUNDING_NOTE,İlk çek yazıldı; masadaki sandalyeler arttı.,The first cheque was signed; more chairs at the table.
FIN_MARKET_EMPTY,Piyasadasın. Kimse almadı.,You are on the market. Nobody has bought.
FIN_MARKET_OTHERS,diğerleri,others
TICKER_01,Tohum yatırımcıları takvim dolduruyor; erken aşamada trafik yoğun.,Seed investors are booking out their calendars; early-stage traffic is heavy.
TICKER_02,Kurumsal alım listeleri kısalıyor; alıcılar az ama kararlı.,Enterprise shortlists are getting shorter; fewer buyers with firmer intent.
TICKER_03,Genç girişimlerde kurucu maaşı tartışması yeniden alevlendi.,The founder-salary debate flares up again among young startups.
TICKER_04,Teknoloji kampüslerinde staj kontenjanları rekor kırdı.,Internship quotas hit a record across tech campuses.
TICKER_05,Sunucu kiralarında indirim sezonu; altyapı ekipleri pazarlıkta.,Discount season on server leases; infrastructure teams are negotiating.
TICKER_06,Sanayi bölgelerinde dijital dönüşüm ihaleleri sıraya girdi.,Digital transformation tenders are queuing up in industrial zones.
TICKER_07,Melek yatırım ağları yeni dönem başvurularını açtı.,Angel networks open applications for the new season.
TICKER_08,Yazılım ihracatçıları yeni pazar arayışında; fuar takvimi dolu.,Software exporters hunt for new markets; the trade-fair calendar is full.
TICKER_09,Ofis pazarında küçülme sürüyor; paylaşımlı katlar dolu.,Office downsizing continues; shared floors are full.
TICKER_10,Teknoloji basınında değerleme sohbeti hiç bitmiyor.,Valuation chatter never stops in the tech press.
SET_TITLE,Ayarlar,Settings
SET_SEC_DISPLAY,Görüntü,Display
SET_SEC_AUDIO,Ses,Audio
SET_SEC_GAME,Oyun,Game
SET_SEC_ACCESSIBILITY,Erişilebilirlik,Accessibility
SET_SEC_DATA,Veri,Data
SET_WINDOW_MODE,Pencere modu,Window mode
SET_WINDOW_FULLSCREEN,Tam ekran,Fullscreen
SET_WINDOW_BORDERLESS,Kenarlıksız,Borderless
SET_WINDOW_WINDOWED,Pencereli,Windowed
SET_RESOLUTION,Çözünürlük,Resolution
SET_RESOLUTION_LOCKED,Yalnız pencereli modda değiştirilebilir.,Adjustable in windowed mode only.
SET_RESOLUTION_NATIVE,doğal,native
SET_UI_SCALE,Arayüz ölçeği,Interface scale
SET_UI_SCALE_TOO_SMALL,%{pct} bu pencere boyutunda okunmuyor; daha geniş bir ekran gerekiyor.,{pct}% is unreadable at this window size; it needs a wider display.
SET_VSYNC,Dikey eşitleme,Vertical sync
SET_TICKER,Haber şeridi,News ticker
SET_SEC_GRAPHICS,Grafik,Graphics
SET_GFX_PRESET,Kalite ön ayarı,Quality preset
SET_GFX_PRESET_LOW,Düşük,Low
SET_GFX_PRESET_MEDIUM,Orta,Medium
SET_GFX_PRESET_HIGH,Yüksek,High
SET_GFX_PRESET_ULTRA,Ultra,Ultra
SET_GFX_PRESET_CUSTOM,Özel,Custom
SET_GFX_RESOLUTION,3B çözünürlük,3D resolution
SET_GFX_RES_FSR,Büyütülmüş (FSR),Upscaled (FSR)
SET_GFX_RES_LOGICAL,Standart,Standard
SET_GFX_RES_NATIVE,Ekran çözünürlüğü,Native
SET_GFX_RES_SUPER,Süper örnekleme (2×),Supersampled (2×)
SET_GFX_OFF,Kapalı,Off
SET_GFX_AA,Kenar yumuşatma,Edge smoothing
SET_GFX_AA_FXAA,FXAA,FXAA
SET_GFX_AA_SMAA,SMAA,SMAA
SET_GFX_MSAA,Çoklu örnekleme (MSAA),Multisampling (MSAA)
SET_GFX_MSAA_2X,2×,2×
SET_GFX_MSAA_4X,4×,4×
SET_GFX_MSAA_8X,8×,8×
SET_GFX_SHADOW_SIZE,Gölge ayrıntısı,Shadow detail
SET_GFX_SHADOW_STANDARD,Standart,Standard
SET_GFX_SHADOW_HIGH,Yüksek,High
SET_GFX_SOFT_SHADOWS,Yumuşak gölgeler,Soft shadows
SET_GFX_LAMP_SHADOWS,Lamba gölgeleri,Lamp shadows
SET_GFX_SMALL_SHADOWS,Küçük eşya gölgeleri,Small object shadows
SET_GFX_SSAO,Ortam gölgelemesi,Ambient occlusion
SET_GFX_GLOW,Işık parlaması,Light glow
SET_GFX_TILT_SHIFT,Minyatür odak,Miniature focus
SET_GFX_VIGNETTE,Köşe karartma,Vignette
SET_GFX_DEBAND,Renk bandı giderme,Debanding
SET_GFX_FPS_CAP,Kare hızı sınırı,Frame rate limit
SET_GFX_FPS_UNLIMITED,Sınırsız,Unlimited
SET_VOL_MASTER,Ana ses,Master volume
SET_VOL_MUSIC,Müzik,Music
SET_VOL_SFX,Efektler,Effects
SET_MUSIC_ENABLED,Arka plan müziği,Background music
SET_MUTE_UNFOCUSED,Odak kaybında sessize al,Mute when unfocused
SET_PAUSE_UNFOCUSED,Odak kaybında duraklat,Pause when unfocused
SET_AUTOSAVE,Otomatik kayıt sıklığı,Autosave frequency
SET_AUTOSAVE_OFF,Kapalı,Off
SET_AUTOSAVE_WEEKLY,Her hafta,Every week
SET_AUTOSAVE_MONTHLY,Her ay,Every month
SET_SUMMARY_FREQ,Özet sıklığı,Summary frequency
SET_SUMMARY_FREQ_WEEKLY,Her hafta,Every week
SET_SUMMARY_FREQ_MONTHLY,Her ay,Every month
SET_SUMMARY_FREQ_QUARTERLY,Her çeyrek,Every quarter
SET_SUMMARY_FREQ_YEARLY,Her yıl,Every year
SET_SUMMARY_FREQ_NOTE,Her özet saati durdurur ve Olaylar'ı açar.,Each summary stops the clock and opens Events.
SET_COLORBLIND,Renk körü dostu palet,Colourblind-friendly palette
SET_COLORBLIND_NOTE,Olumlu ve olumsuz renk çifti maviye ve turuncuya döner.,The positive and negative colour pair becomes blue and orange.
SET_OPEN_SAVE_FOLDER,Kayıt klasörünü aç,Open save folder
SET_RESET_DEFAULTS,Ayarları varsayılana döndür,Reset settings to defaults
SET_RESET_CONFIRM_TITLE,Ayarlar sıfırlansın mı?,Reset settings?
SET_RESET_CONFIRM_BODY,"Görüntü, ses ve oyun ayarları varsayılana döner. Kayıtların etkilenmez.","Display, audio and game settings return to their defaults. Your saves are untouched."
SET_RESET_CONFIRM_OK,Sıfırla,Reset
SET_RESET_CONFIRM_CANCEL,Vazgeç,Cancel
SET_CLOSE,Kapat,Close
SYS_TITLE,Menü,Menu
SYS_RESUME,Devam,Resume
SYS_SAVE,Kaydet,Save
SYS_LOAD,Yükle,Load
SYS_SETTINGS,Ayarlar,Settings
SYS_MAIN_MENU,Ana menüye dön,Return to main menu
SYS_SOON,Yakında,Soon
SYS_QUIT,Masaüstüne çık,Quit to desktop
SYS_QUIT_TITLE,Kaydedilmemiş ilerleme var.,You have unsaved progress.
SYS_QUIT_BODY,Son kayıttan bu yana oynadığın haftalar kaybolur.,The weeks you have played since your last save will be lost.
SYS_QUIT_SAVE,Kaydet ve çık,Save and quit
SYS_QUIT_DISCARD,Çık,Quit
SYS_CANCEL,Vazgeç,Cancel
SAVE_TITLE_SAVE,Kaydet,Save
SAVE_TITLE_LOAD,Yükle,Load
SAVE_NEW_SLOT,Yeni kayıt,New save
SAVE_QUICK_SLOT,Hızlı kayıt,Quicksave
SAVE_AUTO_SLOT,Otomatik kayıt {n},Autosave {n}
SAVE_MANUAL_SLOT,Kayıt {n},Save {n}
SAVE_META_DAY,{date},{date}
SAVE_META_CASH,Kasa {amount},Cash {amount}
SAVE_META_MRR,MRR {amount},MRR {amount}
SAVE_META_BACKUP,Yedekten,From backup
SAVE_EMPTY,Henüz kayıt yok.,No saves yet.
SAVE_LIST_HEADER,Kayıtlar,Saves
SAVE_DELETE,Sil,Delete
SAVE_OVERWRITE_TITLE,Üzerine yazılsın mı?,Overwrite?
SAVE_OVERWRITE_BODY,{label} kaydının yerini bu kayıt alır.,This save takes the place of {label}.
SAVE_OVERWRITE_OK,Üzerine yaz,Overwrite
SAVE_DELETE_TITLE,Kayıt silinsin mi?,Delete this save?
SAVE_DELETE_BODY,{label} geri getirilemez.,{label} cannot be brought back.
SAVE_DELETE_OK,Sil,Delete
SAVE_LOAD_CONFIRM_TITLE,Kaydedilmemiş ilerleme var.,You have unsaved progress.
SAVE_LOAD_CONFIRM_BODY,Bu kaydı açarsan son kayıttan bu yana oynadığın haftalar kaybolur.,Opening this save loses the weeks you have played since your last save.
SAVE_LOAD_CONFIRM_OK,Yükle,Load
SAVE_ERR_CORRUPT,Dosya okunamıyor.,This file cannot be read.
SAVE_ERR_NEWER,Bu kayıt daha yeni bir sürümden; açılamıyor.,This save comes from a newer version and cannot be opened.
SAVE_ERR_TOO_OLD,Bu kayıt eski bir sürümden; ürün verisi değiştiği için açılamıyor.,This save comes from an older version; the product data changed and it cannot be opened.
SAVE_ERR_MODAL_OPEN,Bir karar ekranı açıkken kaydedilemez.,Saving is unavailable while a decision screen is open.
SAVE_ERR_DECISION_WAITING,Karar beklerken kaydedilemez.,Not while a decision is waiting.
SAVE_ERR_WRITE,Kayıt yazılamadı.,The save could not be written.
SAVE_ERR_NO_RUN,Kaydedilecek bir oyun yok.,There is no run to save.
SAVE_TOAST_SAVED,Kaydedildi,Saved
SAVE_TOAST_NOT_SAVED,Kaydedilmedi,Not saved
SAVE_TOAST_LOADED,Yüklendi,Loaded
SAVE_TOAST_WHEN,Hafta {week} · {time},Week {week} · {time}
SAVE_TOAST_LOADED_WHEN,{slot} · Hafta {week} · {time},{slot} · Week {week} · {time}
HR_COL_EMPLOYEE,ÇALIŞAN,EMPLOYEE
HR_COL_EXPERIENCE,DENEYİM,EXPERIENCE
HR_AREA_PRODUCT,Ürün,Product
HR_AREA_DESIGN,Tasarım,Design
HR_AREA_ENGINEERING,Yazılım,Development
HR_AREA_QA,Test,QA
HR_AREA_SALES,Satış,Sales
HR_AREA_CUSTOMER_SUCCESS,Müşteri İlişkileri,Customer Success
HR_AREA_LEADERSHIP,Liderlik,Leadership
HR_ASSIGN_NOT_YOUR_AREA,Bu kişinin bu alanda yıldızı yok.,This person has no stars in that area.
HR_TAB_ROSTER,KADRO,ROSTER
HR_TAB_ASSIGNMENTS,GÖREVLER,ASSIGNMENTS
HR_GROUP_PRODUCT_DESIGN,Ürün & Tasarım,Product & Design
HR_GROUP_DEVELOPMENT,Geliştirme Ekibi,Development
HR_GROUP_SALES,Satış,Sales
HR_GROUP_CUSTOMER_SUCCESS,Müşteri İlişkileri,Customer Success
HR_RELATION_ALLY,Müttefik,Ally
HR_RELATION_FRIENDLY,Dost,Friendly
HR_RELATION_NEUTRAL,Nötr,Neutral
HR_RELATION_WARY,Temkinli,Wary
HR_RELATION_HOSTILE,Düşman,Hostile
HR_COL_TASK,GÖREV,TASK
HR_COL_ROLES,ROLLER,ROLES
HR_COL_ROLE,Rol,Role
HR_COL_TRAIT,Huy,Trait
HR_TASK_NONE,—,—
HR_SKILL_LEGEND_MAIN,ana,main
HR_SKILL_LEGEND_SECONDARY,ikincil,secondary
HR_LEGEND_NO_AREA,alanı yok,no area
HR_LEGEND_LOCKED,kilitli,locked
HR_CHIP_IDLE_COUNT,{n} boşta,{n} idle
HR_CHIP_OVERLOAD_COUNT,{n} aşırı yük,{n} overloaded
HR_ATLAS_ARRIVAL,Adaylar {span} içinde gelir,Candidates arrive within {span}
HR_ATLAS_ARRIVAL_SPAN,bir hafta,a week
HR_ATLAS_FILE_N,Dosya {i}/{n},File {i}/{n}
HR_ATLAS_SALARY_LABEL,MAAŞ TALEBİ,SALARY ASK
HR_ATLAS_COMMISSION_LABEL,KOMİSYON,COMMISSION
HR_ATLAS_COMMISSION_ONCE,tek seferlik,one-off
HR_ATLAS_RUNWAY_LABEL,RUNWAY,RUNWAY
HR_PER_MONTH,/ay,/mo
HR_TRAINING_COL_AREA,ALAN,AREA
HR_TRAINING_COL_CURRENT,MEVCUT,CURRENT
HR_TRAINING_COL_TARGET,HEDEF,TARGET
HR_TRAINING_COL_FEE,ÜCRET,FEE
HR_TRAINING_COL_DURATION,SÜRE,DURATION
HR_TRAINING_WARNING,Eğitimdeyken görev alamaz.,Cannot be assigned while in training.
HR_TRAINING_CTA,Eğitime gönder · {fee},Send to training · {fee}
HR_TRAINING_AT_CAP,Bu alan tavanda.,This area is already at the cap.
HR_TRAINING_NOT_EARNED,Deneyim barı dolmadı.,The experience bar is not full yet.
HR_DURATION_WEEKS,{n} hafta,{n} weeks
HR_DURATION_WEEKS_ONE,1 hafta,1 week
PER_EXPERIENCE,DENEYİM,EXPERIENCE
PER_TASK_LABEL,GÖREV,TASK
PER_TRAITS,HUYLAR,TRAITS
PER_TENURE_KEY,Kıdem,Tenure
PER_TENURE_VALUE,{n}. hafta,Week {n}
HR_FOUNDER_STATE_BUILD,Yapımda görev alıyor,Working on the build
HR_FOUNDER_STATE_SALES,Satışta,In sales
HR_FOUNDER_STATE_SUPPORT,Destekte,On support
HR_FOUNDER_STATE_RESEARCH,Araştırmada,In research
HR_FOUNDER_STATE_PITCH_PREP,Yatırım hazırlığında,Preparing the raise
HR_FOUNDER_STATE_TRAINING,Eğitimde,In training
HR_FOUNDER_STATE_IDLE,Boşta,Idle
PER_CHARISMA,Karizma,Charisma
PER_WHERE_AM_I,NEREDE DURUYORUM,WHERE I STAND
PER_PHASE_GOAL,BU FAZIN HEDEFİ,THIS PHASE'S GOAL
PER_GOAL_BOOTSTRAP,İlk ödeyen müşterilere ulaş,Reach your first paying customers
PER_GOAL_TRACTION,Geliri büyüt ve markayı kur,Grow revenue and build the brand
PER_GOAL_SERIES_A,Masaya otur ve turu kapat,Get to the table and close the round
PER_NET_WORTH,NET SERVET,NET WORTH
PER_NO_VALUATION,Değerleme henüz yok. Seed turunda belirlenir.,No valuation yet. Your seed round sets it.
PER_VALUATION_ROW,Değerleme · {value},Valuation · {value}
HR_BADGE_IDLE,Boşta,Idle
HR_BADGE_OVERLOADED_JOBS,Aşırı yük,Overloaded
HR_IDLE_HINT,Hiçbir işe atanmadı — duruyor ve maaş alıyor.,Not assigned to any job — standing idle and still on payroll.
HR_OVERLOAD_HINT,"Birden fazla işte çalışıyor. Zamanı işler arasında bölünür, her iki işte de hızı belirgin düşer, ve morali normalden hızlı erir.","Working more than one job. Their time is split between them, they are markedly slower in both, and their morale erodes faster than normal."
HR_AREA_MEANING_PRODUCT_MANAGER_PRODUCT,Özellik kararları ve tasarım tavanı,Feature decisions and the design ceiling
HR_AREA_MEANING_PRODUCT_MANAGER_DESIGN,Deneyim ekseninin tavanı,The ceiling on the Experience axis
HR_AREA_MEANING_DESIGNER_DESIGN,Deneyim ekseninin tavanı,The ceiling on the Experience axis
HR_AREA_MEANING_DESIGNER_PRODUCT,Özellik kararları ve tasarım tavanı,Feature decisions and the design ceiling
HR_AREA_MEANING_DEVELOPER_ENGINEERING,Geliştirme hızı ve hata oranı,Development speed and bug rate
HR_AREA_MEANING_DEVELOPER_QA,Beta keşif hızı,Beta discovery speed
HR_AREA_MEANING_TESTER_QA,Beta keşif hızı ve canlı hata aşınması,Beta discovery speed and live bug wear
HR_AREA_MEANING_TESTER_ENGINEERING,Geliştirme hızı ve hata oranı,Development speed and bug rate
HR_AREA_MEANING_SALES_REP_SALES,Kapanış olasılığı ve anlaşma boyutu,Close probability and deal size
HR_AREA_MEANING_CUSTOMER_REP_CUSTOMER_SUCCESS,Bilet çözümü ve churn,Ticket resolution and churn
SKILL_LABEL_CHARISMA,karizma,charisma
ONB_SKILL_PRODUCT,Ürün,Product
ONB_SKILL_PRODUCT_DESC,Özellik kararları ve tasarım turları.,Feature decisions and design rounds.
ONB_SKILL_DESIGN,Tasarım,Design
ONB_SKILL_DESIGN_DESC,Tasarım tavanı ve ürün deneyimi.,The design ceiling and product experience.
ONB_SKILL_ENGINEERING,Yazılım,Engineering
ONB_SKILL_ENGINEERING_DESC,Geliştirme hızı ve hata oranı.,Development speed and bug rate.
ONB_SKILL_QA,Test,QA
ONB_SKILL_QA_DESC,Hata bulma ve canlı ürünün aşınması.,Finding bugs and live product wear.
ONB_SKILL_CUSTOMER_SUCCESS,Müşteri Başarısı,Customer Success
ONB_SKILL_CUSTOMER_SUCCESS_DESC,"Bilet çözümü, memnuniyet ve churn.","Ticket resolution, satisfaction and churn."
ONB_SKILL_CHARISMA,Karizma,Charisma
ONB_SKILL_CHARISMA_DESC,"Yatırımcı ikna gücü, şartlar ve kriz anları.","Investor persuasion, terms and moments of crisis."
HR_COL_STATE,DURUM,STATE
HR_COL_SALARY,MAAŞ,SALARY
HR_COL_MORALE,MORAL,MORALE
HR_KPI_EMPLOYEES,Çalışan,Employees
HR_KPI_MORALE,Ortalama moral,Average morale
HR_SEARCH_START,İşe alım başlat,Start recruitment
HR_EMPTY_ROW,Henüz kimse yok,Nobody here yet
HR_EMPTY_ADDS,Ürün seçilince bir işe alım haftada {pts} sprint puanı ekler · aylık {money} ile başlar,Once a product is picked a hire adds {pts} sprint points a week · from {money} a month
HR_STATE_TRAINING,Eğitimde · {n} hafta,In training · {n} weeks
HR_STATE_TRAINING_ONE,Eğitimde · 1 hafta,In training · 1 week
HR_TRAINING_PICK_TITLE,Eğitime gönder,Send to training
HR_NEWS_TRAINING_DONE,{name} eğitimden döndü; uzmanlığı arttı.,{name} is back from training with sharper expertise.
SET_UI_SCALE_TOO_LARGE,%{pct} bu pencere boyutunda arayüzü kırpar; daha büyük bir ekran gerekiyor.,{pct}% would crop the interface at this window size; it needs a larger display.
ANGEL_EVENT_TITLE,Frank'in teklifi,Frank's offer
ANGEL_EVENT_BODY,"Ürün para kazandırmaya başladı.

Arayan yine Frank.

""Buraya kadar kendi birikimin ve emeğinle geldin. İşleri hızlandırman için yirmi beş bin dolar koyuyorum, yüzde dört alıyorum. Pazarlık yok. Bir kere soruyorum: alıyor musun?""

Cevap bekliyor.","The product has started making money.

Frank again.

""You got this far on your own savings and your own work. I'll put in twenty-five thousand to speed things up, and I'll take four percent. No haggling. I'm asking once: do you want it?""

He waits for an answer."
ANGEL_CHOICE_ACCEPT,Kabul et,Accept
ANGEL_CHOICE_REFUSE,Reddet,Refuse
ANGEL_CHOICE_REFUSE_LOCK,Zor modda açılır.,Unlocks in hard mode.
ANGEL_TX_LABEL,Melek yatırımı · Frank,Angel investment · Frank
ANGEL_CAP_ROW,Melek · %{pct},Angel · {pct}%
ANGEL_MONTH_HIGHLIGHT,Frank çeki yazdı — melek turu kapandı,Frank wrote the cheque — angel round closed
ANGEL_NUDGE_TITLE,Tek kişilik şirket,A company of one
ANGEL_NUDGE_BODY,"Frank'ten mesaj.

""Sana o yatırımı işleri hızlandır diye yaptım. Hâlâ tek başınasın. Ekibe katacağın ilk çalışanı bulmaya başlasan iyi edersin.""","A message from Frank.

""I put that money in so you could move faster. Right now you're still the whole company. Go and find your first hire."""
ANGEL_NUDGE_ACK,İK'ya git,Go to HR
MONTH_1,Ocak,January
MONTH_2,Şubat,February
MONTH_3,Mart,March
MONTH_4,Nisan,April
MONTH_5,Mayıs,May
MONTH_6,Haziran,June
MONTH_7,Temmuz,July
MONTH_8,Ağustos,August
MONTH_9,Eylül,September
MONTH_10,Ekim,October
MONTH_11,Kasım,November
MONTH_12,Aralık,December
DATE_LINE,Hafta {week} · {mon} {year},Week {week} · {mon} {year}
PCT_PATTERN,%{v},{v}%
SHARE_FLOOR,"<%0,1",<0.1%
NUM_GROUP_SEP,.,","
NUM_DECIMAL_SEP,",",.
TAB_PRODUCT,Ürün,Product
TAB_HR,Ekip,Team
TAB_FINANCE,Finans,Finance
TAB_PIYASA,Piyasa,Market
TAB_SALES,Satış,Sales
TAB_MARKETING,Pazarlama,Marketing
TAB_RND,Ar-Ge,R&D
TAB_PERSONAL,Kişisel,Personal
TAB_EVENTS,Olaylar,Events
TAB_SETTINGS,Ayarlar,Settings
FIN_PHASE_BOOTSTRAP,Bootstrap,Bootstrap
FIN_PHASE_TRACTION,Traction,Traction
FIN_PHASE_SERIES_A,Series A,Series A
FIN_CAP_CASH,KASA,CASH
FIN_CAP_BURN,BURN,BURN
FIN_CAP_NET,NET,NET
FIN_CAP_MRR,MRR,MRR
FIN_CAP_RUNWAY,RUNWAY,RUNWAY
FIN_CAP_BRAND,MARKA,BRAND
FIN_CAP_REPUTATION,İTİBAR,REPUTATION
FIN_VALUATION,Değerleme,Valuation
FIN_EQUITY,Hisse,Equity
BUILD_BUSY_NOBODY,Kimse üzerinde değil.,Nobody is on it.
BUILD_SPLIT_FOCUS,Ekip iki işte.,Split focus.
RND_PAUSED_BUILD,Ekip yapımda.,The team is on a build.
RND_PAUSED_JOB,Başka işe geçti: {job}.,Moved to another job: {job}.
PROD_RND_NODE_DATA_MODEL,Veri Modeli,Data Model
PROD_RND_NODE_AI_ENGINE,AI Engine,AI Engine
PROD_RND_NODE_SEMANTIC_INDEX,Semantik İndeks,Semantic Index
PROD_RND_NODE_EDGE_INFERENCE,Çevrimdışı Zekâ,Edge Inference
PROD_RND_NODE_KNOWLEDGE_GRAPH,Bilgi Grafiği,Knowledge Graph
PROD_RND_NODE_SCALABLE_BACKEND,Ölçeklenebilir Arka Uç,Scalable Backend
PROD_RND_NODE_SECURITY_CERT,Güvenlik Sertifikasyonu,Security Certification
PROD_RND_NODE_ANALYTICS_ENGINE,Analitik Motoru,Analytics Engine
PROD_RND_NODE_MODEL_OPTIMIZATION,Model Optimizasyonu,Model Optimization
PROD_RND_NODE_DATA_WAREHOUSE,Veri Ambarı,Data Warehouse
PROD_RND_NODE_BUG_TRACKER,Hata Takip Sistemi,Bug Tracker
PROD_RND_NODE_CICD,Sürekli Entegrasyon,Continuous Integration
PROD_RND_NODE_TEST_AUTOMATION,Test Otomasyonu,Test Automation
PROD_RND_NODE_INCIDENT_PLAYBOOK,Olay Kitabı,Incident Playbook
PROD_RND_NODE_SELF_SERVICE,Yardım Merkezi,Help Center
PROD_RND_NODE_DESIGN_SYSTEM,Tasarım Sistemi,Design System
PROD_RND_NODE_USER_RESEARCH,Kullanıcı Araştırması,User Research
PROD_RND_NODE_ONBOARDING_FLOW,Onboarding Akışı,Onboarding Flow
PROD_RND_NODE_ACCESSIBILITY,Erişilebilirlik,Accessibility
PROD_RND_NODE_PERSONALIZATION,Kişiselleştirme,Personalization
BUILD_PHASE_SUPPORT,DESTEK,SUPPORT
BUILD_SUPPORT_CONFIRMED,Doğrulanmış {n},Confirmed {n}
FIX_RUN_REFUSED_NO_BUGS,Doğrulanmış hata yok.,No confirmed bugs.
PROD_PERCENT,%{n},{n}%
HR_ROLE_FOUNDER,Kurucu,Founder
HR_ROLE_PRODUCT_MANAGER,Ürün Yöneticisi,Product Manager
HR_ROLE_DESIGNER,Tasarımcı,UX/UI Designer
HR_ROLE_DEVELOPER,Yazılım Mühendisi,Software Engineer
HR_ROLE_TESTER,Test Mühendisi,QA Engineer
HR_ROLE_SALES_REP,Satış Temsilcisi,Sales Representative
HR_ROLE_CUSTOMER_REP,Müşteri Temsilcisi,Customer Success Manager
HR_ROLE_MENTOR,Operating Partner,Operating Partner
HR_LEVEL_PREFIX_JUNIOR,Junior,Junior
HR_LEVEL_PREFIX_SENIOR,Kıdemli,Senior
HR_LEVEL_JUNIOR,Junior,Junior
HR_LEVEL_MID,Orta,Mid
HR_LEVEL_SENIOR,Kıdemli,Senior
HR_JOB_BUILD,Yapım ekibi,Build team
HR_JOB_TEST,Test,Test
HR_JOB_SUPPORT,Destek,Support
HR_JOB_ACCOUNTS,Hesap sahipliği,Account ownership
HR_JOB_SALES,Satış,Sales
HR_TASK_ON_JOB_BUILD,Yapımda görev alıyor,Working on the build
HR_TASK_ON_JOB_TEST,Test ediyor,Testing
HR_TASK_ON_JOB_SUPPORT,Destekte görev alıyor,Working support
HR_TASK_ON_JOB_ACCOUNTS,Hesaplarda görev alıyor,Working the accounts
HR_TASK_ON_JOB_SALES,Satışta görev alıyor,Working sales
HR_STATE_HOURS_OVER,+{n}s mesai,+{n}h overtime
HR_STATE_HOURS_SHORT,−{n}s kısa,−{n}h short
HR_ASSIGN_JOB_CAP,En fazla iki iş.,Two jobs is the limit.
HR_HOURS_WINDOW,{start} ile {end} arası,{start} to {end}
HR_HOURS_CHIP_OVERRIDES,{n} istisna,{n} exceptions
HR_HOURS_CHIP_OVERRIDES_ONE,1 istisna,1 exception
HR_HOURS_TITLE,Çalışma saatleri,Working hours
HR_HOURS_DAY_BAND,Ofis günü,Office day
HR_HOURS_SCOPE_COMPANY,Şirket,Company
HR_HOURS_COL_HOURS,SÜRE,HOURS
HR_HOURS_COL_SOURCE,KAYNAK,SOURCE
HR_HOURS_COL_STATE,DURUM,STATE
HR_HOURS_VALUE,{n} saat,{n} h
HR_HOURS_EQUALISE,Tümünü şirkete eşitle,Match everyone to the company
HR_HOURS_BACK_TO_COMPANY,şirkete dön,back to company
HR_HOURS_BACK_TO_GROUP,gruba dön,back to the group
HR_HOURS_COL_SCOPE,KAPSAM,SCOPE
HR_HOURS_COL_START,BAŞLANGIÇ,START
HR_HOURS_COMPANY_SUB,{n} çalışan,{n} employees
HR_HOURS_SOURCE_BASE,temel,base
HR_HOURS_SOURCE_FROM_COMPANY,şirketten,from the company
HR_HOURS_SOURCE_FROM_GROUP,gruptan,from the group
HR_HOURS_CANCEL,Vazgeç,Cancel
HR_HOURS_APPLY,Uygula,Apply
HR_HOURS_HOVER_5,Kısa gün morali belirgin toparlar,A short day markedly restores morale
HR_HOURS_HOVER_6,Kısa gün morali toparlar,A short day restores morale
HR_HOURS_HOVER_7,Kısa gün moral erimesini durdurur,A short day stops morale eroding
HR_HOURS_HOVER_9,Ek mesai morali normalden hızlı eritir,Overtime erodes morale faster than normal
HR_HOURS_HOVER_10,Ek mesai morali belirgin hızlı eritir,Overtime erodes morale markedly faster
HR_HOURS_HOVER_11,Ek mesai morali çok hızlı eritir,Overtime erodes morale very fast
HR_HOURS_HOVER_LONG,On bir saatlik günü aşan her saat morali daha da hızlı eritir,Every hour past an eleven-hour day erodes morale faster still
HR_HOURS_COST_BURN,Aylık burn,Monthly burn
HR_HOURS_FACT_OVER,{n} çalışan mesaide,{n} on overtime
HR_HOURS_FACT_SHORT,{n} çalışan kısa günde,{n} on a short day
HR_HOURS_RULE_OVERTIME,Mesai saatleri %50 fazla ücretle ödenir,Overtime hours are paid at 50% above the hourly rate
HR_HOURS_RULE_SHORT,Kısa gün maaş yükünü düşürmez,A short day does not lower the payroll
HR_BADGE_FLIGHT_RISK,Ayrılabilir,At risk of leaving
HR_SEARCH_CANCEL,Arayışı iptal et,Cancel search
HR_COST_HIRING,İşe alım,Hiring
HR_COST_SEVERANCE,Kıdem tazminatı,Severance
HR_COST_TRAINING,Eğitim ücreti,Training fee
HR_LABEL_HR,İK,HR
WORLD_OUTLET_EKONOMI,Ekonomi Postası,Ekonomi Postası
WORLD_OUTLET_TEKNOGUNDEM,TeknoGündem,TeknoGündem
WORLD_OUTLET_GIRISIM,Girişim Bülteni,Girişim Bülteni
WORLD_OUTLET_SEKTOR,Sektör Telgrafı,Sektör Telgrafı
UI_DISMISS,Vazgeç,Cancel
UI_CONTINUE,DEVAM ET,CONTINUE
SECTOR_CONSTRUCTION,İnşaat,Construction
SECTOR_HEALTH,Sağlık,Healthcare
SECTOR_LOGISTICS,Lojistik,Logistics
SECTOR_INSURANCE,Sigorta,Insurance
SECTOR_MANUFACTURING,Üretim,Manufacturing
SECTOR_RETAIL,Perakende,Retail
SECTOR_REAL_ESTATE,Emlak,Real Estate
SECTOR_TEXTILE,Tekstil,Textiles
SECTOR_LEGAL,Hukuk,Legal
SECTOR_TECHNOLOGY,Teknoloji,Technology
SECTOR_ECOMMERCE,E-ticaret,E-commerce
SECTOR_MEDIA,Medya,Media
SECTOR_FINANCE,Finans,Finance
SECTOR_TESTING,Testing,Testing
SECTOR_FALLBACK,Sektör,Sector
B2B_CONTACT_CONSTRUCTION,Saha Sorumlusu,Site Supervisor
B2B_CONTACT_HEALTH,Başhekim Yardımcısı,Deputy Chief Physician
B2B_CONTACT_LOGISTICS,Operasyon Müdürü,Operations Manager
B2B_CONTACT_INSURANCE,BT Müdürü,IT Manager
B2B_CONTACT_MANUFACTURING,Üretim Müdürü,Production Manager
B2B_CONTACT_RETAIL,Mağaza Müdürü,Store Manager
B2B_CONTACT_REAL_ESTATE,Satış Müdürü,Sales Manager
B2B_CONTACT_TEXTILE,Planlama Şefi,Planning Lead
B2B_CONTACT_LEGAL,Ofis Yöneticisi,Office Manager
B2B_CONTACT_TECHNOLOGY,CTO,CTO
B2B_CONTACT_ECOMMERCE,Operasyon Direktörü,Director of Operations
B2B_CONTACT_MEDIA,Yayın Yönetmeni,Broadcast Director
B2B_CONTACT_FINANCE,Risk Müdürü,Risk Manager
B2B_CONTACT_FALLBACK,Yetkili,Contact
FEATURE_LABEL_AI_VEC_EMBED_API,anlam altyapısı,semantic layer
FEATURE_LABEL_AI_VEC_SEARCH_API,anlamlı arama,semantic search
FEATURE_LABEL_AI_VEC_FILTER,gelişmiş filtreleme,advanced filtering
FEATURE_LABEL_AI_VEC_DASHBOARD,yönetim paneli,admin dashboard
FEATURE_LABEL_AI_VEC_SCALING,ölçeklenme,scaling
FEATURE_LABEL_AI_VEC_SDK,hazır kütüphane,client library
FEATURE_LABEL_SAAS_OPS_WORKFLOW,süreç otomasyonu,workflow automation
FEATURE_LABEL_SAAS_OPS_REPORTING,raporlama panosu,reporting board
FEATURE_LABEL_SAAS_OPS_INTEGRATION,sistem entegrasyonu,system integration
FEATURE_LABEL_SAAS_OPS_SCHEDULING,randevu planlama,scheduling
FEATURE_LABEL_SAAS_OPS_FIELD,saha bağlantısı,field connectivity
FEATURE_LABEL_SAAS_OPS_MOBILE,mobil uygulama,mobile app
FEATURE_LABEL_FALLBACK,yeni özellik,a new feature
B2B_COMPLAINT_CONSTRUCTION,"Sahadaki ekip sisteme bağlanamıyor, bağlantı sürekli kopuyor. Böyle iş yürümez.",The site crew can't stay connected. It keeps dropping. We can't work like this.
B2B_COMPLAINT_HEALTH,"Ekranlar sürekli çöküyor, hasta kapıda beklerken sistemi açamıyoruz.","The screens keep crashing, and we can't bring the system up with a patient waiting at the desk."
B2B_COMPLAINT_LOGISTICS,"Sevkiyat saatinde sistem donuyor, operasyon aksıyor.","It freezes right at dispatch, and the whole operation stalls."
B2B_COMPLAINT_INSURANCE,"Sisteminiz son haftalarda sürekli düşüyor, ekibim poliçe işlerini yürütemiyor.",Your system has been going down for weeks. My team can't process policies.
B2B_COMPLAINT_MANUFACTURING,"Hat başında sistem takılıyor, üretim raporu tutmuyor.","It hangs on the line, and the production report never adds up."
B2B_COMPLAINT_RETAIL,"Yoğun saatte sistem kilitleniyor, kasa akmıyor.","It locks up at peak hour, and the tills stop."
B2B_COMPLAINT_REAL_ESTATE,"Sistem sık sık kopuyor, ekip müşteriye dönemiyor.","It drops out all day, and the team can't get back to clients."
B2B_COMPLAINT_TEXTILE,"Sipariş ekranı sürekli hata veriyor, üretim planı kayıyor.","The order screen throws errors all day, and the production plan slips."
B2B_COMPLAINT_LEGAL,"Dosyalara erişemiyoruz, sistem gün içinde defalarca düşüyor.",We can't get to our files. It goes down several times a day.
B2B_COMPLAINT_TECHNOLOGY,"Sisteminiz sürekli hata veriyor, ekibimiz üretime dönemiyor.","Your system keeps erroring out, and my team can't get back to shipping."
B2B_COMPLAINT_ECOMMERCE,"Kampanya saatinde sistem çöküyor, siparişleri kaybediyoruz.","It crashes the moment a campaign goes live, and we lose orders."
B2B_COMPLAINT_MEDIA,"Yayın anında sistem donuyor, akış kesiliyor.","It freezes mid-broadcast, and the stream cuts out."
B2B_COMPLAINT_FINANCE,"Sistem gün içinde düşüyor, işlemler askıda kalıyor.","It goes down during the day, and transactions hang."
B2B_COMPLAINT_TESTING,"Sisteminiz son zamanlarda sık sık aksıyor, ekibim işini yapamıyor.",Your system has been failing a lot lately. My team can't do their job.
B2B_COMPLAINT_FALLBACK,"Sisteminiz son zamanlarda sık sık aksıyor, ekibim işini yapamıyor.",Your system has been failing a lot lately. My team can't do their job.
B2B_RISK_VOICE_BROKEN,"Olacak dediniz, olmadı. Başka seçeneklere bakmaya başladık.",You said it would be there. It isn't. We've started looking at other options.
B2B_RISK_VOICE_SHORT_1,İlk gün ne yapıyorsa bugün de onu yapıyor. Şimdiye kadar daha fazlasını bekliyorduk.,It does what it did on day one. We needed it to do more by now.
B2B_RISK_VOICE_SHORT_2,Ekibim sistemin içinde çalışmaktan çok etrafından dolanıyor. Bu böyle sürmez.,My team works around it more than they work in it. That has to stop.
B2B_RISK_VOICE_SHORT_3,Yönetim bunun için neden hâlâ para ödediğimizi sordu. İyi bir cevabım yoktu.,Management asked why we're still paying for this. I didn't have a good answer.
B2B_EV_RISK_EXPIRED,{customer} bir daha aramadı.,{customer} didn't call again.
B2B_PAIN_AI_VEC_EMBED_API,"Verimizi anlamlandıracak bir altyapı arıyoruz, kelime eşleşmesi yetmiyor.",We need something that understands our data — keyword matching is not enough.
B2B_PAIN_AI_VEC_SEARCH_API,"Aradığımızı tarif edebilmek istiyoruz, birebir kelime değil.",We want to describe what we are looking for rather than guess the exact word.
B2B_PAIN_AI_VEC_FILTER,"Aramayı tarihe ve etikete göre daraltamıyoruz, ekip boğuluyor.",We cannot narrow a search by date or tag and the team is drowning.
B2B_PAIN_AI_VEC_DASHBOARD,"Kullanımı göremiyoruz, yönetim kör uçuyor.",We cannot see usage at all — management is flying blind.
B2B_PAIN_AI_VEC_SCALING,"Yoğunlukta sistem yavaşlıyor, ölçeklenme derdimiz var.",It slows to a crawl under load; scaling is our problem.
B2B_PAIN_AI_VEC_SDK,"Entegrasyon zor, hazır bir kütüphane olmadan bağlanamıyoruz.",Integration is hard — without a ready library we cannot connect.
B2B_PAIN_SAAS_OPS_WORKFLOW,"Süreçler hâlâ elle yürüyor, otomasyon arıyoruz.",Everything still runs by hand; we are looking for automation.
B2B_PAIN_SAAS_OPS_REPORTING,"Raporlama karmaşası içindeyiz, yönetim net veri istiyor.",Our reporting is a mess and management wants clean numbers.
B2B_PAIN_SAAS_OPS_INTEGRATION,"Sistemlerimiz birbiriyle konuşmuyor, entegrasyon şart.",Our systems do not talk to each other; integration is a must.
B2B_PAIN_SAAS_OPS_SCHEDULING,"Randevu ve planlama dağınık, çakışmalar yaşıyoruz.",Scheduling is scattered and we keep double-booking.
B2B_PAIN_SAAS_OPS_FIELD,Sahadaki ekip bağlantı sorunundan çalışamıyor.,The field crew cannot work because the connection keeps failing.
B2B_PAIN_SAAS_OPS_MOBILE,"Ekip telefondan giremiyor, saha kopuk kalıyor.",The team cannot get in from a phone so the field stays cut off.
B2B_PAIN_FALLBACK,"Bu tarafta ciddi bir eksik var, çözecek bir araç arıyoruz.",There is a real gap on this side and we are looking for a tool that closes it.
SECTOR_CONSUMER,Tüketici,Consumer
SALES_B2C_USERBASE,{product} kullanıcıları,{product} users
B2B_EV_RISK_TITLE,Müşteri riski,Account at risk
B2B_EV_EXPANSION_TITLE,Büyüme fırsatı,Growth opening
B2B_EV_EXPANSION_BODY,"{customer} sistemi bir ekibe daha açmak istiyor.

Aynı fiyattan koltuk istiyorlar.","{customer} wants to roll the system out to another team.

They're asking for more seats at the same price."
B2B_EV_REP_WARN_TITLE,Müşteri temsilcisi uyarısı,Account manager warning
B2B_EV_REP_WARN_BODY,"Patron, {customer} bir süredir bekliyor. Tutabildiğim kadar tuttum.

Düzeleceğini senden duymak istiyorlar.","Boss, {customer} has been waiting a while. I've kept them on the line as long as I can.

They want to hear from you that it's getting fixed."
B2B_CHOICE_GIVE_WORD,Söz ver,Give them your word
B2B_CHOICE_ASK_PATIENCE,Sabır iste,Ask them to be patient
B2B_CHOICE_TELL_NO,Hayır de,Tell them no
B2B_EV_REP_WARN_EXPIRED,Talep temsilcinin masasında kaldı.,The request stayed on the rep's desk.
B2B_EV_COMPLAINT_TITLE,Müşteri şikâyeti,Customer complaint
B2B_CHOICE_TELL_TRUTH,Durumu açıkça anlat,Tell them the truth
B2B_EV_RENEWAL_BODY,"Yenileme dönemi yaklaşıyor. {customer} faturayı satır satır okuyor.

Karşılarında bizden birini görmek istiyorlar.","Renewal is coming up for {customer}, and they're reading the invoice line by line.

They want someone from our side at the table."
B2B_CHOICE_SIT_DOWN,Masaya otur,Sit down with them
B2B_CHOICE_RENEW_LOWER,Daha düşük fiyatla yenile,Renew at a lower rate
B2B_CHOICE_LET_IT_WAIT,Beklet,Let it wait
B2B_EV_REQUEST_TITLE,Müşteri talebi,Customer request
B2B_CHOICE_GIVE_DATE,Tarih ver,Give them a date
B2B_CHOICE_ON_THE_LIST,Listede olduğunu söyle,Say it's on the list
B2B_CHOICE_NOT_NOW_SAY,Şimdilik olmaz de,Say not now
B2B_CHOICE_PROMISE,Söz ver,Promise it
B2B_CHOICE_STALL,Oyala,Stall them
B2B_CHOICE_DISCOUNT,İndirim ver,Offer a discount
B2B_CHOICE_LEAVE_ALONE,Kendi haline bırak,Let it go
B2B_CHOICE_EXPAND,Koltukları ekle,Add the seats
B2B_CHOICE_NOT_YET,Şimdi değil,Not now
B2B_CHOICE_PROMISE_FIX,Düzeltme sözü ver,Promise a fix
B2B_EV_RENEWAL_TITLE,Yenileme sinyali,Renewal signal
PITCH_INNER_CLOSED,Olmadı. Frank ne der bilmiyorum ama bir sonraki var.,"It did not happen. I do not know what Frank will say, but there is a next one."
HUNT_PAGE_TITLE,Series A Avı,The Series A Hunt
HUNT_SEC_INVESTORS,Yatırımcılar,Investors
HUNT_SEC_OFFERS,Teklifler,Offers
HUNT_SEC_PENDING,Bekleyen,Pending
HUNT_LOCKED_SOON,Yakında,Soon
HUNT_CONDITION,Koşul: {condition},Condition: {condition}
HUNT_MEETING_SET,Toplantı ayarlandı.,Meeting is set.
HUNT_PREP_RUNNING,Hazırlık sürüyor.,Prep in progress.
HUNT_PREP_REASON,Hazırlık: {reason},Prep: {reason}
HUNT_NO_OFFERS,Henüz teklif yok.,No offers yet.
HUNT_ROAD_CLOSED,Series A için kapısı açık fon kalmadı. Bu yolda oturulacak masa yok.,No fund is left open for a Series A. There is no table left on this road.
HUNT_EMPTY_SLOT,Boş teklif yeri,Empty offer slot
HUNT_VALIDITY,Teklifte {n} hafta kaldı,{n} weeks left on the offer
HUNT_VALIDITY_ONE,Teklifin son haftası,Final week of the offer
HUNT_EST_VALUATION,${lo}M ile ${hi}M,${lo}M to ${hi}M
HUNT_EST_DILUTION,%{lo} ile %{hi},{lo}% to {hi}%
HUNT_EST_VALUATION_KEY,Tahmini değerleme,Est. valuation
HUNT_EST_EQUITY_KEY,Tahmini pay,Est. equity
HUNT_DECISION_DUE,Süre doldu. Fon bir cevap bekliyor.,Time is up. The fund wants an answer.
HUNT_QUEUED_OFFER,{investor} · sırada. Bir teklif kapanınca masaya gelir; süresi o hafta başlar ({n} hafta).,"{investor} · queued. It arrives when an offer slot frees up, with a fresh {n} weeks."
HUNT_SIT_DOWN,Masaya otur,Sit down
HUNT_WALK_AWAY,Masadan kalk,Walk away
HUNT_WALK_CONFIRM_TITLE,Masadan kalkılsın mı?,Walk away from the table?
HUNT_WALK_CONFIRM_BODY,Bu teklif yanar ve fon kapanır. Ret sayılmaz. Diğer teklifler açık kalır.,This offer burns and the fund closes. It does not count as a rejection. Your other offers stay open.
HUNT_WALK_CONFIRM_OK,Kalk,Walk
HUNT_MEETING_PENDING,Toplantı: {vc} · {when},Meeting: {vc} · {when}
HUNT_PREP_PENDING,Hazırlık: {focus} · {when},Prep: {focus} · {when}
HUNT_PREP_READY,hazır,ready
HUNT_WEEKS,{n} hafta sonra,in {n} weeks
HUNT_THIS_WEEK,bu hafta,this week
HUNT_NEXT_WEEK,gelecek hafta,next week
HUNT_NONE_PENDING,Bekleyen yok.,Nothing pending.
HUNT_COUNTER_PIVOT,Pivot — bootstrap yolu,Pivot — the bootstrap road
HUNT_COUNTER_TABLES,Kapanan masa: {closed}/{total},Tables closed: {closed}/{total}
HUNT_BADGE_OFFERED,Teklif var,Offer in
HUNT_BADGE_PENDING_SHEET,Teklif bekliyor,Offer pending
HUNT_BADGE_CALLBACK,Geri dönüş,Callback
HUNT_BADGE_REJECTED,Reddetti,Declined
HUNT_BADGE_EXPIRED,Süresi doldu,Expired
HUNT_BADGE_WALKED,Masadan kalktın,You walked
HUNT_BADGE_SIGNED,İmzalandı,Signed
HUNT_BADGE_OPEN,Açık,Open
HUNT_CB_MRR,MRR {target} ({current}/{target}),MRR {target} ({current}/{target})
HUNT_CB_BUGS,Aktif hata < {n},Open bugs < {n}
HUNT_CB_FIRST_ENGINEER,İlk mühendisi işe al,Hire the first engineer
HUNT_CB_SCANDAL,Skandalı çöz,Resolve the scandal
HUNT_CB_NONE,—,—
HUNT_FOCUS_NUMBERS,Rakamlar,Numbers
HUNT_FOCUS_STORY,Hikâye,Story
HUNT_FOCUS_REHEARSAL,Prova,Rehearsal
HUNT_FRANK_LINE,Av açık. Kapanan masa: {n}. Üçüncüde yol biter.,The hunt is on. Tables closed: {n}. The third one ends it.
HUNT_REQUEST_AGAIN,Tekrar iste ({when}),Ask again ({when})
HUNT_REQUEST_MEETING,Toplantı iste ({when}),Request a meeting ({when})
HUNT_MEETING_BUSY,Başka bir toplantı bekliyor,Another meeting is already pending
HUNT_MEETING_CANCEL,İptal et,Cancel
HUNT_MEETING_RESCHEDULE,Ertele ({when}),Reschedule ({when})
HUNT_CANCEL_TIP,Bu fonun bir sonraki toplantısında ikna −{n}. Bu hafta yeni toplantı ayarlanamaz.,Conviction −{n} at this fund's next meeting. No new meeting can be booked this week.
HUNT_RESCHEDULE_TIP,Bu fonun bir sonraki toplantısında ikna −{n}.,Conviction −{n} at this fund's next meeting.
HUNT_MEETING_CANCELLED_THIS_WEEK,Bu hafta bir toplantı iptal edildi. Yenisi gelecek hafta ayarlanabilir.,A meeting was cancelled this week. The next one can be booked next week.
PRICE_TIP_PREMIUM,Bu kategori premium fiyatı kaldırır,This category can carry a premium price
PRICE_TIP_VOLUME,Bu kategori hacim oyunu — düşük fiyat mantıklı,This category is a volume game — a low price makes sense
PRODUCT_FALLBACK_NAME,Ürün,Product
HEALTH_HEALTHY,sağlıklı,healthy
HEALTH_AT_RISK,riskli,at risk
HEALTH_CHURNING,kaçıyor,churning
NOTICE_SRC_SALES,Satış,Sales
NOTICE_SRC_FINANCE,Finans,Finance
HR_BADGE_NEW,Yeni,New
HR_TRAIT_LOYAL_LABEL,Sadık,Loyal
HR_TRAIT_LOYAL_EFFECT,Moral düşükken bile kolay kolay ayrılmaz; rakip teklifine dayanır.,"Unlikely to leave even at low morale, and holds out against a rival offer."
HR_TRAIT_PICKS_IT_UP_FAST_LABEL,Çabuk kapar,Picks It Up Fast
HR_TRAIT_PICKS_IT_UP_FAST_EFFECT,Deneyimi belirgin şekilde hızlı kazanır.,Gains experience noticeably faster.
HR_TRAIT_TAKES_THEM_UNDER_LABEL,Gerçek lider,Takes Them Under
HR_TRAIT_TAKES_THEM_UNDER_EFFECT,Sorumlusu olduğu alanda herkes daha hızlı öğrenir; ayrılıkları ağır alır.,Everyone in the area they lead learns faster; they take departures hard.
HR_TRAIT_DOUBLE_CHECKER_LABEL,Titiz,Double Checker
HR_TRAIT_DOUBLE_CHECKER_EFFECT,"Geliştirmede çok daha az hata çıkarır, ama yavaş çalışır.","Generates far fewer bugs during development, but works slower."
HR_TRAIT_LAST_ONE_OUT_LABEL,İşkolik,Last One Out
HR_TRAIT_LAST_ONE_OUT_EFFECT,Mesai morali onda çok daha yavaş erir.,Overtime erodes their morale far more slowly.
HR_TRAIT_CANT_SAY_NO_LABEL,Hayır diyemez,Can't Say No
HR_TRAIT_CANT_SAY_NO_EFFECT,"Hesapları daha memnun, ama üzerinde daha çok söz birikir.","Their accounts stay happier, but more promises pile up on them."
HR_TRAIT_BAG_PACKED_LABEL,Gözü yüksekte,Bag Packed
HR_TRAIT_BAG_PACKED_EFFECT,"Yüksek verimle çalışır, ama rakip teklifinde tutması zor.","Works at high output, but is hard to hold against a rival offer."
HR_TRAIT_MOOD_BUSTER_LABEL,Tat kaçıran,Mood Buster
HR_TRAIT_MOOD_BUSTER_EFFECT,Ekibinin morali normalden hızlı erir.,Their team's morale erodes faster than normal.
HR_ROLE_HINT_PRODUCT_MANAGER,"Ne yapılacağına karar verir, ekibi aynı hedefe bakar tutar.",Decides what gets built and keeps everyone pointed at it.
HR_ROLE_HINT_DESIGNER,Ürünün nasıl göründüğünü ve nasıl kullanıldığını kurar.,Shapes how the product looks and how it is used.
HR_ROLE_HINT_DEVELOPER,Ürünü yazar. Kod tabanı ondan çıkar.,Writes the product. The codebase comes from them.
HR_ROLE_HINT_TESTER,Ürünü kırmaya çalışır. Bulduğu her hata müşteriye gitmeyen hatadır.,Tries to break the product. Every bug they find is one the customer never sees.
HR_ROLE_HINT_SALES_REP,"Aday müşteri bulur, anlaşmayı kapatır.",Finds prospects and closes them.
HR_ROLE_HINT_CUSTOMER_REP,Mevcut müşterileri elde tutar. Müşteriden gelen her şey önce ona uğrar.,Keeps existing customers. Everything from a customer reaches them first.
HR_ROLE_HINT_MARKETING,Ürünü duyurur ve talebi büyütür.,Gets the product heard and grows demand.
HR_ROLE_HINT_HR_INHOUSE,İşe alımı ve ekibin iç işlerini şirket içinden yürütür.,Runs hiring and the team's internal affairs from inside the company.
HR_AGENCY_NAME,Atlas Recruitment,Atlas Recruitment
HR_RESIGN_VOICE_1,"""Bir süre düşündüm. Burada tükeniyorum, daha fazla taşımak istemiyorum.""","""I've thought about it for a while. I'm burning out here, and I don't want to carry it anymore."""
HR_RESIGN_VOICE_2,"""Kimseyle sorunum yok. Sadece her sabah biraz daha zor kalkıyorum. O kadar.""","""I don't have a problem with anyone. It's just harder to get up every morning. That's all."""
HR_RESIGN_VOICE_3,"""Bana kötü davranıldı demeyeceğim. Ama fark edilmedim.""","""I won't say I was treated badly. But nobody noticed me."""
HR_RESIGN_VOICE_4,"""Başka bir yerden teklif geldi. Doğrusunu istersen, aramayı ben yaptım.""","""I got an offer from somewhere else. Honestly, I made the call myself."""
HR_FILE_NOTE_1,Sorulardan çok cevapları seviyor.,Likes answers more than questions.
HR_FILE_NOTE_2,"CV'si kısa, referansları uzun.","Short CV, long list of references."
HR_FILE_NOTE_3,"İki startup batırmış, üçüncüye hazır.","Sank two startups, ready for a third."
HR_FILE_NOTE_4,Görüşmeye kendi yaptığı bir şeyle gelmiş.,Came to the interview with something they had built.
HR_FILE_NOTE_5,Son işinde kimse gitmesini istemedi.,Nobody at their last job wanted them to leave.
HR_FILE_NOTE_6,Konuşmaktan çok not aldı.,Took more notes than they spoke.
HR_FILE_NOTE_7,"Maaşı sordu, sonra ürünü sordu, sırayı fark etti.","Asked about salary, then about the product, and caught the order."
HR_FILE_NOTE_8,"Büyük şirketten geliyor, küçüğü merak ediyor.","Coming from a big company, curious about a small one."
HR_FILE_NOTE_9,Uzun bir aradan sonra dönüyor.,Coming back after a long break.
HR_FILE_NOTE_10,"Herkesi tanıyor, kimseyle çalışmamış.","Knows everyone, has worked with no one."
HR_FILE_NOTE_11,"Teknik soruda durdu, düşündü, doğru cevapladı.","Paused on the technical question, thought, answered correctly."
HR_FILE_NOTE_12,Eski ekibinden iki kişi onu tavsiye etti.,Two people from their old team recommended them.
HR_ERR_NO_SALARY,Maaş kaydı yok,No salary on record
HR_RAISE_PERMANENT,"Zam kalıcıdır, geri alınmaz",A raise is permanent and cannot be undone
HR_PROMOTION_PERMANENT,"Terfi kalıcıdır, geri alınmaz",A promotion is permanent and cannot be undone
HR_ERR_TOP_LEVEL,En üst seviye,Top level
HR_ERR_RAISE_COOLDOWN,Sonraki zam {time} sonra,Next raise in {time}
HR_CARD_PROMOTE,Terfi ettir,Promote
HR_APPLY_PROMOTE_PCT,Terfi ettir · +{pct},Promote · +{pct}
HR_ROW_TITLE,Unvan,Title
HR_ERR_NO_RECORD,Kayıt bulunamadı,No record found
HR_ERR_EMPLOYEES_ONLY,Bu aksiyon yalnız çalışanlar için,This action is for employees only
HR_ERR_LEAVING,Ayrılık bekliyor,A departure is already pending
HR_WARN_SEARCH_OPEN,"Zaten açık bir arayış var, kapanmadan yenisi başlamaz.",A search is already open; another cannot start until it closes.
HR_WARN_COMMISSION_CASH,"Komisyon kasadaki nakitten fazla, bu ödeme kasayı eksiye düşürür.",The commission is more than the cash on hand; this payment puts the treasury below zero.
HR_WARN_SALARY_CASHFLOW,"Bu maaş nakit akışını eksiye çevirir, kasa erimeye başlar.",This salary turns cash flow negative and the treasury starts draining.
HR_NEWS_FILES_READY,{role} arayışı için {n} aday dosyası masanda.,{n} candidate files for the {role} search are on your desk.
HR_EV_RESIGN_TITLE,Ayrılık,A departure
HR_EV_RESIGN_ACK,Anlaşıldı,Understood
HR_STATE_ON_LEAVE_WEEKS,İzinde · {n} hafta kaldı,On leave · {n} weeks left
HR_STATE_ON_LEAVE_WEEKS_ONE,İzinde · 1 hafta kaldı,On leave · 1 week left
HR_STATE_ON_LEAVE,İzinde,On leave
HR_STATE_IN_TRAINING,Eğitimde,In training
HR_NEWS_BACK_FROM,{name} {whence} döndü,{name} is back from {whence}
HR_NEWS_ON_LEAVE,{name} {n} hafta izinde,{name} is on leave for {n} weeks
HR_NEWS_ON_LEAVE_ONE,{name} bir hafta izinde,{name} is on leave for a week
HR_NEWS_ON_HOLIDAY,{name} {n} haftalığına tatile çıktı,{name} is off on holiday for {n} weeks
HR_NEWS_ON_HOLIDAY_ONE,{name} bir haftalığına tatile çıktı,{name} is off on holiday for a week
HR_WHENCE_LEAVE,izinden,leave
HR_WHENCE_HOLIDAY,tatilden,holiday
HR_FILES_ON_DESK,{n} aday dosyası masada.,{n} candidate files on your desk.
HR_OPEN_FILES,Dosyaları aç,Open the files
HR_SEARCHING,{role} aranıyor · dosyalar {n} hafta sonra gelir,Searching for {role} · files arrive in {n} weeks
HR_SEARCHING_ONE,{role} aranıyor · dosyalar gelecek hafta gelir,Searching for {role} · files arrive next week
HR_SEARCH_CANCEL_TITLE,Arayışı iptal et,Cancel the search
HR_SEARCH_CANCEL_BODY,Arayış kapanır. Yeniden başlatırsan adaylar {span} sonra gelir.,The search closes. If you start again the candidates arrive in {span}.
HR_SEARCH_CANCEL_OK,İptal et,Cancel it
HR_FIRE_CONFIRM_OK,İşten çıkar,Let go
HR_FIRE_CASH_NEGATIVE,Kasa eksiye düşer. {n} haftalık kepenk sayacı başlar.,Cash goes below zero. The {n}-week shutter countdown starts.
HR_ATLAS_STEP_ROLE,Adım 1 · Rol,Step 1 · Role
HR_ATLAS_STEP_LEVEL,Adım 2 · Seviye,Step 2 · Level
HR_ATLAS_FREE_NOTE,Arama ücretsiz · komisyon işe alımda ödenir,The search is free · commission is paid on the hire
HR_ATLAS_START,Arayış başlat,Start search
HR_ATLAS_NEED_SELECTION,Rol ve seviye seçilmeli.,Pick a role and a level.
HR_ATLAS_FILES_COUNT,Aday dosyaları · {n},Candidate files · {n}
HR_ATLAS_TAKE_NONE,Hiçbirini alma,Take none
HR_ATLAS_HIRE,İşe al · {amount}/ay,Hire · {amount}/mo
HR_ATLAS_CLOSE_BODY,Dosyalar kapanır. Yeni bir arayış başlatırsan adaylar {span} sonra gelir.,The files close. If you start a new search the candidates arrive in {span}.
HR_ATLAS_CLOSE_OK,Dosyaları kapat,Close the files
HR_CARD_RAISE,Zam yap,Give a raise
HR_CARD_FIRE,İşten çıkar,Dismiss
HR_MENU_PERMANENT,kalıcı,permanent
HR_MENU_OPEN_DOSSIER,Dosyayı aç,Open file
HR_CANDIDATE_GENERIC,Aday,Candidate
HR_APPLY_RAISE_PCT,Zammı uygula · +{pct},Apply raise · +{pct}
HR_ROW_SALARY,Maaş,Salary
HR_ROW_MORALE,Moral,Morale
HR_ROW_PAYROLL,Aylık maaş yükü,Monthly payroll
HR_ROW_CASH,Nakit,Cash
HR_ROW_TEAM_MORALE,Ekip moral düşümü,Team morale drop
HR_ROW_MONTHLY_NOTE,(aylık {delta}),({delta} a month)
HR_ROW_MONTHS_NOTE,({months} ay),({months} mo)
PROD_FEAT_AI_ASSISTANT_CHAT_NAME,Sohbet Ekranı,Chat Interface
PROD_FEAT_AI_ASSISTANT_MEMORY_NAME,Konuşma Hafızası,Conversation Memory
PROD_FEAT_AI_ASSISTANT_TOOLS_NAME,Araç Kullanımı,Tool Use
PROD_FEAT_AI_ASSISTANT_VOICE_NAME,Sesli Mod,Voice Mode
PROD_FEAT_AI_ASSISTANT_IMAGE_NAME,Görsel Anlama,Image Understanding
PROD_FEAT_AI_ASSISTANT_STREAMING_NAME,Akan Yanıt,Streaming Output
PROD_FEAT_AI_PHOTO_BG_REMOVAL_NAME,Arka Plan Silme,Background Removal
PROD_FEAT_AI_PHOTO_INPAINT_NAME,Üretken Doldurma,Generative Inpaint
PROD_FEAT_AI_PHOTO_UPSCALE_NAME,Yapay Zeka Netleştirme,AI Upscaling
PROD_FEAT_AI_PHOTO_STYLE_TRANSFER_NAME,Stil Aktarımı,Style Transfer
PROD_FEAT_AI_PHOTO_BATCH_NAME,Toplu İşleme,Batch Processing
PROD_FEAT_AI_PHOTO_FILTERS_NAME,Akıllı Filtreler,Smart Filters
PROD_FEAT_AI_CODE_AUTOCOMPLETE_NAME,Satır İçi Tamamlama,Inline Autocomplete
PROD_FEAT_AI_CODE_CHAT_NAME,Kod Sohbeti Paneli,Code Chat Sidebar
PROD_FEAT_AI_CODE_REFACTOR_NAME,Akıllı Yeniden Düzenleme,Smart Refactor
PROD_FEAT_AI_CODE_EXPLAIN_NAME,Kod Açıklama,Code Explanation
PROD_FEAT_AI_CODE_TEST_GEN_NAME,Test Üretimi,Test Generation
PROD_FEAT_AI_CODE_MULTI_FILE_NAME,Çok Dosyalı Bağlam,Multi-File Context
PROD_FEAT_AI_CODE_DIFF_REVIEW_NAME,PR İnceleme Yardımı,PR Review Assist
PROD_FEAT_AI_VEC_EMBED_API_NAME,Gömme API'si,Embedding API
PROD_FEAT_AI_VEC_SEARCH_API_NAME,Benzerlik Arama API'si,Similarity Search API
PROD_FEAT_AI_VEC_FILTER_NAME,Üstveri Filtreleme,Metadata Filtering
PROD_FEAT_AI_VEC_DASHBOARD_NAME,Yönetim Paneli,Admin Dashboard
PROD_FEAT_AI_VEC_SCALING_NAME,Otomatik Ölçeklenme,Auto Scaling
PROD_FEAT_AI_VEC_SDK_NAME,İstemci SDK'sı,Client SDK
PROD_FEAT_SAAS_PM_TASKS_NAME,Görev Panosu,Task Board
PROD_FEAT_SAAS_PM_GANTT_NAME,Gantt Zaman Çizelgesi,Gantt Timeline
PROD_FEAT_SAAS_PM_COMMENTS_NAME,Konu Bazlı Yorumlar,Threaded Comments
PROD_FEAT_SAAS_PM_INTEGRATIONS_NAME,Üçüncü Parti Entegrasyonlar,Third-Party Integrations
PROD_FEAT_SAAS_PM_AUTOMATION_NAME,Süreç Otomasyonu,Workflow Automation
PROD_FEAT_SAAS_PM_REPORTING_NAME,Raporlama,Reporting
PROD_FEAT_SAAS_CRM_CONTACTS_NAME,Kişi Veritabanı,Contact Database
PROD_FEAT_SAAS_CRM_PIPELINE_NAME,Satış Hattı,Sales Pipeline
PROD_FEAT_SAAS_CRM_EMAIL_NAME,E-posta Eşitleme,Email Sync
PROD_FEAT_SAAS_CRM_FORECAST_NAME,Gelir Tahmini,Revenue Forecast
PROD_FEAT_SAAS_CRM_MOBILE_NAME,Mobil Uygulama,Mobile App
PROD_FEAT_SAAS_CRM_CALL_LOG_NAME,Görüşme Kaydı,Call Logging
PROD_FEAT_SAAS_AN_DASHBOARDS_NAME,Özel Panolar,Custom Dashboards
PROD_FEAT_SAAS_AN_QUERY_NAME,SQL Sorgu Editörü,SQL Query Editor
PROD_FEAT_SAAS_AN_ALERTS_NAME,Anormallik Uyarıları,Anomaly Alerts
PROD_FEAT_SAAS_AN_SHARE_NAME,Paylaşılabilir Raporlar,Shareable Reports
PROD_FEAT_SAAS_AN_ETL_NAME,Veri Bağlayıcıları,Data Connectors
PROD_FEAT_SAAS_AN_EMBED_NAME,Gömülü Analitik,Embedded Analytics
PROD_FEAT_SAAS_BILL_SUBSCRIPTIONS_NAME,Abonelik Yönetimi,Subscription Management
PROD_FEAT_SAAS_BILL_INVOICE_NAME,Fatura Üretimi,Invoice Generation
PROD_FEAT_SAAS_BILL_TAX_NAME,Vergi Hesaplama,Tax Calculation
PROD_FEAT_SAAS_BILL_DUNNING_NAME,Başarısız Tahsilat Kurtarma,Failed Payment Recovery
PROD_FEAT_SAAS_BILL_WEBHOOKS_NAME,Webhook Sistemi,Webhook System
PROD_FEAT_SAAS_BILL_PRORATION_NAME,Plan Oranlama,Plan Proration
PROD_FEAT_SAAS_DEV_CLI_NAME,Komut Satırı Aracı,Command-Line Tool
PROD_FEAT_SAAS_DEV_API_NAME,REST API,REST API
PROD_FEAT_SAAS_DEV_DOCS_NAME,Etkileşimli Dokümantasyon,Interactive Docs
PROD_FEAT_SAAS_DEV_CI_PLUGIN_NAME,CI Eklentisi,CI Plugin
PROD_FEAT_SAAS_DEV_LOGS_NAME,Canlı Log Akışı,Live Log Stream
PROD_FEAT_SAAS_DEV_SANDBOX_NAME,Test Ortamı,Test Sandbox
PROD_FEAT_SAAS_OPS_WORKFLOW_NAME,Süreç Otomasyonu,Workflow Automation
PROD_FEAT_SAAS_OPS_REPORTING_NAME,Raporlama Panoları,Reporting Dashboards
PROD_FEAT_SAAS_OPS_INTEGRATION_NAME,Sistem Entegrasyonu,System Integration
PROD_FEAT_SAAS_OPS_SCHEDULING_NAME,Randevu ve Planlama,Scheduling & Appointments
PROD_FEAT_SAAS_OPS_FIELD_NAME,Saha Bağlantısı,Field Connectivity
PROD_FEAT_SAAS_OPS_MOBILE_NAME,Mobil Uygulama,Mobile App
PROD_FEAT_AI_ASSISTANT_CHAT_VOICE,Kullanıcının asistanla konuştuğu ekran. Olmazsa olmaz; müşteri ilk buna bakar.,The screen where the user talks to the assistant. Non-negotiable; it is the first thing a customer looks at.
PROD_FEAT_AI_ASSISTANT_MEMORY_VOICE,Önceki konuşmaları hatırlayan asistan. Pahalı ama vazgeçilmez.,"An assistant that remembers earlier conversations. Expensive, and impossible to do without."
PROD_FEAT_AI_ASSISTANT_TOOLS_VOICE,"Asistan sadece konuşmaz, işlemi de yapar. Yazması ayrı bir cehennem.","The assistant does not just talk, it acts. Writing it is its own particular hell."
PROD_FEAT_AI_ASSISTANT_VOICE_VOICE,Asistanla sesli konuşma. Konuşmak yazmaktan kolay — çoğu zaman.,Talking to the assistant out loud. Speaking is easier than typing — most of the time.
PROD_FEAT_AI_ASSISTANT_IMAGE_VOICE,Asistan görsele bakıp anlıyor. En azından biz öyle söylüyoruz.,"The assistant looks at an image and understands it. That is what we say, anyway."
PROD_FEAT_AI_ASSISTANT_STREAMING_VOICE,"Cevaplar bir anda değil, yazarak gelir. Daha az korkutucu.",Answers arrive as they are written rather than all at once. Less intimidating.
PROD_FEAT_AI_PHOTO_BG_REMOVAL_VOICE,Arka planı tek tıkla sil. Herkesin beklediği şey; olmazsa uygulama indirilmez bile.,Delete the background in one click. Everyone expects it; without it nobody even downloads the app.
PROD_FEAT_AI_PHOTO_INPAINT_VOICE,"Fotoğraftan istemediğini sil, boşluğu yapay zeka doldursun. Eski sevgililer dahil.",Remove what you do not want and let the model fill the gap. Ex-partners included.
PROD_FEAT_AI_PHOTO_UPSCALE_VOICE,"Bulanık görseli netleştir. Sihir gibi görünür, mühendislik gibi maliyetlidir.","Sharpen a blurry image. Looks like magic, costs like engineering."
PROD_FEAT_AI_PHOTO_STYLE_TRANSFER_VOICE,Selfie'yi Van Gogh'a çevir. Influencer'lar bayılır.,Turn a selfie into a Van Gogh. Influencers love it.
PROD_FEAT_AI_PHOTO_BATCH_VOICE,100 fotoğrafı aynı anda işle. Kurumsal müşterinin gözleri parlar.,Process a hundred photos at once. An enterprise buyer's eyes light up.
PROD_FEAT_AI_PHOTO_FILTERS_VOICE,"Telefon filtrelerinin yaptığını yap, biraz daha akıllı. Çok değil.","Do what phone filters do, a little smarter. Not much."
PROD_FEAT_AI_CODE_AUTOCOMPLETE_VOICE,"Kod yazarken satır ortasında öneri. Hızlıysa seviliyor, gecikirse kapatılıyor.","Suggestions mid-line while you type. Loved when it is fast, switched off when it lags."
PROD_FEAT_AI_CODE_CHAT_VOICE,Editörden çıkmadan asistanla sohbet. Pencereler arası gidip gelmek tarih oluyor.,Chat with the assistant without leaving the editor. Window-hopping becomes history.
PROD_FEAT_AI_CODE_REFACTOR_VOICE,Çirkin kodu temiz koda çevir. Çoğu zaman.,Turn ugly code into clean code. Most of the time.
PROD_FEAT_AI_CODE_EXPLAIN_VOICE,Bu kod ne yapıyor? Junior'ın en sevdiği buton.,What does this code do? A junior's favourite button.
PROD_FEAT_AI_CODE_TEST_GEN_VOICE,"Testleri senin yerine yazar. CI yeşillenir, ruh huzura erer.","Writes the tests for you. CI goes green, the soul finds peace."
PROD_FEAT_AI_CODE_MULTI_FILE_VOICE,Tek dosyayı değil bütün repo'yu görerek öneri verir. Teknik olarak en zor kısım bu.,"Suggests with the whole repo in view, not one file. Technically the hardest part."
PROD_FEAT_AI_CODE_DIFF_REVIEW_VOICE,PR'ı senin yerine okuyup yorum bırakır. Kıdemlilerin yeni gözdesi.,Reads the PR for you and leaves comments. The seniors' new favourite.
PROD_FEAT_AI_VEC_EMBED_API_VOICE,Metni anlam taşıyan vektöre çeviren API. Müşteri nasıl çalıştığını anlamaz ama kullanır.,"An API that turns text into a vector carrying meaning. The customer will not understand how it works, but will use it."
PROD_FEAT_AI_VEC_SEARCH_API_VOICE,"Bir sorgu ver, anlamca en yakın kayıtları bulsun. Ürünün kalbi burası.","Give it a query, get the closest records by meaning. This is the heart of the product."
PROD_FEAT_AI_VEC_FILTER_VOICE,Anlam aramasını tarih ve etiketle daralt. Kurumsal müşterinin ilk sorduğu şey.,Narrow a semantic search by date and tag. The first thing an enterprise buyer asks about.
PROD_FEAT_AI_VEC_DASHBOARD_VOICE,"Kullanım grafiklerini gösteren yönetim paneli. Geliştirici bakmaz, CTO bakar.",An admin panel showing usage charts. The developer never looks; the CTO does.
PROD_FEAT_AI_VEC_SCALING_VOICE,Trafik arttıkça sistem kendini büyütür. Kimse fark etmez — çökene kadar.,The system grows itself as traffic rises. Nobody notices — until it falls over.
PROD_FEAT_AI_VEC_SDK_VOICE,Python ve JS için hazır kütüphane. Yoksa kimse entegre etmeye uğraşmaz.,A ready library for Python and JS. Without it nobody bothers integrating.
PROD_FEAT_SAAS_PM_TASKS_VOICE,Görevlerin sürüklendiği Kanban panosu. Yoksa ürün sayılmazsın.,The Kanban board tasks get dragged across. Without it you do not count as a product.
PROD_FEAT_SAAS_PM_GANTT_VOICE,"Projeyi zaman çizelgesi olarak göster. Kullanıcı istemez, satın alan yönetici ister.",Show the project as a timeline. Users do not want it; the manager who signs does.
PROD_FEAT_SAAS_PM_COMMENTS_VOICE,"Görevin altında tartışma. Ekip sohbetinin trafiğini azaltmaz, sadece taşır.","Discussion under the task. It does not reduce chat traffic, it just moves it."
PROD_FEAT_SAAS_PM_INTEGRATIONS_VOICE,"Kod deposu, ekip sohbeti, tasarım aracı bağlantıları. Üçü de yoksa kurumsal müşteri kapıdan döner.","Links to the code repo, team chat and design tool. Miss all three and the enterprise buyer walks."
PROD_FEAT_SAAS_PM_AUTOMATION_VOICE,"""Şu olunca şunu yap"" kuralları. Meraklı kullanıcıyı ürüne bağlayan şey.","""When this, then that"" rules. What ties a curious user to the product."
PROD_FEAT_SAAS_PM_REPORTING_VOICE,Yöneticinin haftalık rapor ihtiyacını karşılar. Renkli pasta grafik şart.,Covers the manager's weekly report habit. A colourful pie chart is mandatory.
PROD_FEAT_SAAS_CRM_CONTACTS_VOICE,Müşteri ve kişi kayıtlarının tutulduğu veritabanı. Bu olmadan CRM diyemezsin.,The database holding customer and contact records. Without it you cannot call it a CRM.
PROD_FEAT_SAAS_CRM_PIPELINE_VOICE,Her satış fırsatının hangi aşamada olduğunu gösteren hat. Satış müdürünün ilk baktığı ekran.,"Deals as stages, dragged toward the close. The salesperson lives on this screen."
PROD_FEAT_SAAS_CRM_EMAIL_VOICE,Kurumsal e-postayı bağla. OAuth cehennemi seni bekliyor.,Correspondence lands on the record by itself. Nobody wants to copy-paste.
PROD_FEAT_SAAS_CRM_FORECAST_VOICE,Gelecek ay ne kadar satılacağını tahmin eden grafik. Yanılır ama satar.,"How much closes this month, estimated. Management's favourite number, and the least reliable."
PROD_FEAT_SAAS_CRM_MOBILE_VOICE,Saha satış ekibi telefondan girmek ister. Sadece web'de kalan CRM ölür.,Enter a meeting note from the car. The field team either uses it or ignores the product.
PROD_FEAT_SAAS_CRM_CALL_LOG_VOICE,"Müşteri aramasını kaydet, özetini otomatik çıkar. Yapay zeka dokunuşu artık mecburi.","Who called whom and when, on the record. Boring, and asked for in every demo."
PROD_FEAT_SAAS_AN_DASHBOARDS_VOICE,Herkes kendi panosunu sürükle-bırakla kurar. Olmazsa veriye kimse bakmaz.,Panels the customer builds themselves. Once they build one they cannot leave.
PROD_FEAT_SAAS_AN_QUERY_VOICE,SQL yazıp veriyi doğrudan sorgulama. Veri ekibi bunu bulamazsa rakibe gider.,Write SQL directly for those who want to. The analyst's respect is earned here.
PROD_FEAT_SAAS_AN_ALERTS_VOICE,Bir metrik ters gittiğinde ekip sohbetine uyarı düşer. Geç düşerse iş işten geçmiş olur.,Warns when a number goes strange. Too sensitive and it gets muted.
PROD_FEAT_SAAS_AN_SHARE_VOICE,Raporu tek linkle dışarı paylaş. Kimin görebileceği kısmı 'küçük' bir detay.,A report you can send by link. It spreads the product for free.
PROD_FEAT_SAAS_AN_ETL_VOICE,"Kasadar, veritabanı, ürün analitiği — veriyi hepsinden içeri çek. Bakımı ayrı bir işkence.","Pull data in from other systems. The unglamorous work, and the reason the product is bought."
PROD_FEAT_SAAS_AN_EMBED_VOICE,Müşterinin kendi ürününe gömülen dashboard. Enterprise satışın anahtarı.,"The customer puts your panels inside their own product. Sticky, and hard to build."
PROD_FEAT_SAAS_BILL_SUBSCRIPTIONS_VOICE,"Abonelikleri kur, aylık tahsilatı otomatik yürüt. Ürünün varlık sebebi.","Plans, upgrades, cancellations. The engine of the whole product."
PROD_FEAT_SAAS_BILL_INVOICE_VOICE,"PDF üret, mail at. Muhasebenin kalbini kazan.","A legally valid invoice, generated automatically. Finance will not sign without it."
PROD_FEAT_SAAS_BILL_TAX_VOICE,"KDV, satış vergisi, VAT — vergiyi doğru hesapla. Ülke sayısı kadar kural, ülke sayısı kadar bug.","Calculates the right rate per country. Nobody enjoys it, everybody needs it."
PROD_FEAT_SAAS_BILL_DUNNING_VOICE,"Reddedilen kartı tekrar dene, müşteriye hatırlatma gönder. Sessizce kaybedilen aboneleri kurtarır.",Chases a failed payment instead of losing the customer. Quietly saves real revenue.
PROD_FEAT_SAAS_BILL_WEBHOOKS_VOICE,Ödeme olaylarını müşterinin kendi sistemine anında bildir. Kasadar standardı; herkes bekler.,Notifies other systems the moment something happens. The developer's first question.
PROD_FEAT_SAAS_BILL_PRORATION_VOICE,"Plan değişince kalan günleri kuruşuna kadar hesapla. Tek bug, support cehennemi demek.","Fair billing for a mid-month plan change. Small feature, endless support tickets without it."
PROD_FEAT_SAAS_DEV_CLI_VOICE,Ürünü terminalden kullandıran komut satırı aracı. Yoksa ilk issue bunun için açılır.,Drive the product from the terminal. A developer trusts what they can script.
PROD_FEAT_SAAS_DEV_API_VOICE,Ürünün dışa açılan kapısı; her şey buradan geçer. Versiyonlamayı bozan müşteri kaybeder.,The API everything else is built on. If it is missing there is no product.
PROD_FEAT_SAAS_DEV_DOCS_VOICE,"İçinde canlı deneme yapılan dokümantasyon. Okunmayan doküman, entegre edilmeyen ürün demek.",Documentation you can try in the browser. Good docs sell better than a sales call.
PROD_FEAT_SAAS_DEV_CI_PLUGIN_VOICE,Yaygın sürekli entegrasyon araçlarının eklentileri. Hattı olmayan araç unutulur.,Runs inside the build pipeline. Once it is in the pipeline it never leaves.
PROD_FEAT_SAAS_DEV_LOGS_VOICE,Hata ararken canlı log akışı. Yoksa herkes yine SSH'a döner.,Watch what is happening live. The first place anyone looks when something breaks.
PROD_FEAT_SAAS_DEV_SANDBOX_VOICE,"Geliştirici prod'a dokunmadan güvenle denesin. Olmazsa korkar, hiç kullanmaz.",An environment to try things without breaking production. Trust is built here.
PROD_FEAT_SAAS_OPS_WORKFLOW_VOICE,"""Şu olunca şunu yap"" kurallarıyla süreci otomatikleştir. Manuel takip biter.","Automate the process with ""when this, then that"" rules. Manual chasing ends."
PROD_FEAT_SAAS_OPS_REPORTING_VOICE,Yönetimin tek bakışta gördüğü panolar. Rapor kâbusu biter.,The panels management sees at a glance. The report nightmare ends.
PROD_FEAT_SAAS_OPS_INTEGRATION_VOICE,Mevcut sistemlerle konuşur; veri iki kez girilmez. Kurumsalın ilk sorduğu şey.,Talks to the existing systems; data is not entered twice. The first thing an enterprise asks.
PROD_FEAT_SAAS_OPS_SCHEDULING_VOICE,"Randevu ve planlamayı tek takvimde topla. Çakışma, unutma kalmaz.",Appointments and planning in one place. Double-booking stops.
PROD_FEAT_SAAS_OPS_FIELD_VOICE,"Sahadaki ekip zayıf bağlantıda bile çalışır, sonra senkronlar. Sahanın bel kemiği.",The field crew keeps working on a weak signal and syncs later. The backbone of field work.
PROD_FEAT_SAAS_OPS_MOBILE_VOICE,Saha ekibi telefondan girer. Sadece masaüstünde kalan ürün sahada ölür.,The field team gets in from a phone. A product that stays on the desktop dies in the field.
PROD_TYPE_AI_ASSISTANT_NAME,Yapay Zeka Asistanı,AI Assistant
PROD_TYPE_AI_ASSISTANT_CATEGORY,Asistan,Assistant
PROD_TYPE_AI_ASSISTANT_DESC,Genel amaçlı sohbet asistanı.,A general-purpose chat assistant.
PROD_TYPE_AI_ASSISTANT_TRADEOFF,Kitle büyük ama sadakat düşük; dev şirketlerin gölgesinde yaşarsın.,The audience is huge but loyalty is thin; you live in the shadow of giants.
PROD_TYPE_AI_ASSISTANT_BET,"İnsanların her gün sorduğu şeye hızlı, temiz cevap. Refik'in üşendiği nişi kap.","A fast, clean answer to what people ask every day. Take the niche Refik cannot be bothered with."
PROD_TYPE_AI_ASSISTANT_PITCH,Refik'in yetmediği yerlerde devreye giren asistan.,The assistant that steps in where Refik falls short.
PROD_TYPE_AI_PHOTO_EDITOR_NAME,Görsel Düzenleyici,Photo Editor
PROD_TYPE_AI_PHOTO_EDITOR_CATEGORY,Görsel · üretken,Visual · generative
PROD_TYPE_AI_PHOTO_EDITOR_DESC,Görsel düzenleme ve üretim aracı.,An image editing and generation tool.
PROD_TYPE_AI_PHOTO_EDITOR_TRADEOFF,Viral büyüme şansı var; API maliyeti marjı yer.,There is a shot at viral growth; API cost eats the margin.
PROD_TYPE_AI_PHOTO_EDITOR_BET,"PixelForge açmaya üşenen milyonlar var. Tek tıkla iyi görünsünler, para versinler.","Millions cannot be bothered to open PixelForge. Let them look good in one click, and pay for it."
PROD_TYPE_AI_PHOTO_EDITOR_PITCH,PixelForge'un karmaşıklığını unutturan bir araç.,A tool that makes you forget how complicated PixelForge is.
PROD_TYPE_AI_CODE_COPILOT_NAME,Kod Yazan Asistan,Code Copilot
PROD_TYPE_AI_CODE_COPILOT_CATEGORY,Geliştirici,Developer
PROD_TYPE_AI_CODE_COPILOT_DESC,Kod yazımını hızlandıran yardımcı.,A helper that speeds up writing code.
PROD_TYPE_AI_CODE_COPILOT_TRADEOFF,Geliştirici severse yayar; beğenmezse ilk gün siler.,If developers love it they spread it; if not they delete it on day one.
PROD_TYPE_AI_CODE_COPILOT_BET,"Junior geliştiricinin yanında 7/24 duran bir kıdemli. Önce güvenini kazan, ekipler peşinden gelsin.","A senior sitting beside every junior, around the clock. Win their trust first and the teams follow."
PROD_TYPE_AI_CODE_COPILOT_PITCH,"Kod yazarken öneren, tamamlayan, açıklayan asistan. Geliştiricinin yeni masa arkadaşı.","An assistant that suggests, completes and explains while you write. The developer's new desk mate."
PROD_TYPE_AI_VECTOR_SEARCH_NAME,Kurumsal Arama,Enterprise Search
PROD_TYPE_AI_VECTOR_SEARCH_CATEGORY,Arama,Search
PROD_TYPE_AI_VECTOR_SEARCH_DESC,Anlamsal kurumsal arama motoru.,A semantic enterprise search engine.
PROD_TYPE_AI_VECTOR_SEARCH_TRADEOFF,Bütçeler büyük ama karar yavaş; imza altı ay sürebilir.,The budgets are large but the decision is slow; a signature can take six months.
PROD_TYPE_AI_VECTOR_SEARCH_BET,"Şirketler kendi verisinde kayboluyor. Anlamlı aramayı sat, IT bütçesi açılır.",Companies are lost inside their own data. Sell meaningful search and the IT budget opens.
PROD_TYPE_AI_VECTOR_SEARCH_PITCH,Şirket verisinde kelimeyle değil anlamla arama yapan motor. Aradığını tarif edemesen de bulur.,An engine that searches company data by meaning rather than by word. It finds what you cannot quite describe.
PROD_TYPE_SAAS_PROJECT_MGMT_NAME,Proje Yönetimi,Project Management
PROD_TYPE_SAAS_PROJECT_MGMT_CATEGORY,İş akışı,Workflow
PROD_TYPE_SAAS_PROJECT_MGMT_DESC,Ekiplerin işi tek panodan yürüttüğü araç.,One board for a team to run its work from.
PROD_TYPE_SAAS_PROJECT_MGMT_TRADEOFF,Pazar kalabalık; ucuz ve hızlı olan sıyrılır.,The market is crowded; cheap and fast is what breaks through.
PROD_TYPE_SAAS_PROJECT_MGMT_BET,"Vardiya'dan bıkan çok. Daha hafif, daha hızlı bir alternatif ol.","Plenty of people are tired of Vardiya. Be the lighter, faster alternative."
PROD_TYPE_SAAS_PROJECT_MGMT_PITCH,Kim neyi ne zaman yapacak — ekiplerin işi tek panodan takip ettiği araç.,"Who does what, and when — one board a team runs its work from."
PROD_TYPE_SAAS_CRM_NAME,Müşteri Takip (CRM),Customer Tracking (CRM)
PROD_TYPE_SAAS_CRM_CATEGORY,Satış,Sales
PROD_TYPE_SAAS_CRM_DESC,Müşteri ve görüşmeleri tek ekranda toplar.,Customers and conversations gathered on one screen.
PROD_TYPE_SAAS_CRM_TRADEOFF,"Her şirkete lazım; geçiş maliyeti seni de korur, rakibi de.",Every company needs one; switching cost protects you and your rival alike.
PROD_TYPE_SAAS_CRM_BET,"Satış ekipleri deal kaybediyor. Hepsini tek ekranda topla, vazgeçemesinler.",Sales teams are losing deals. Put it all on one screen and they cannot walk away.
PROD_TYPE_SAAS_CRM_PITCH,"Satış ekibinin müşterileri ve görüşmeleri tek ekranda takip ettiği sistem. Unutulan müşteri, kaçan satış kalmaz.","The system a sales team tracks its customers and conversations from. No forgotten customer, no lost sale."
PROD_TYPE_SAAS_ANALYTICS_NAME,Veri Panosu,Analytics Dashboard
PROD_TYPE_SAAS_ANALYTICS_CATEGORY,Analitik,Analytics
PROD_TYPE_SAAS_ANALYTICS_DESC,Metrik ve gösterge paneli seti.,A set of metric and indicator panels.
PROD_TYPE_SAAS_ANALYTICS_TRADEOFF,Yönetici grafiğe para öder; veri bağlantıları sürekli bakım ister.,Managers pay for charts; the data connectors want constant maintenance.
PROD_TYPE_SAAS_ANALYTICS_BET,Yönetici grafiğe para verir. Karmaşık veriyi tek bakışta anlaşılır yap.,A manager will pay for a chart. Make complex data legible at a glance.
PROD_TYPE_SAAS_ANALYTICS_PITCH,Dağınık şirket verisini yöneticinin tek bakışta anlayacağı grafiklere çevirir.,Turns scattered company data into charts a manager understands at a glance.
PROD_TYPE_SAAS_BILLING_NAME,Faturalama Altyapısı,Billing Infrastructure
PROD_TYPE_SAAS_BILLING_CATEGORY,Finans · altyapı,Finance · infrastructure
PROD_TYPE_SAAS_BILLING_DESC,Abonelik ve tahsilat altyapısı.,Subscription and collection infrastructure.
PROD_TYPE_SAAS_BILLING_TRADEOFF,Sıkıcı ama vazgeçilmez; tek hata pahalıya patlar.,Boring but indispensable; one mistake is expensive.
PROD_TYPE_SAAS_BILLING_BET,"Herkes tahsilat ister, kimse kurmak istemez. Sıkıcı ama vazgeçilmez ol.","Everyone wants collections, nobody wants to build it. Be boring and indispensable."
PROD_TYPE_SAAS_BILLING_PITCH,"Abonelik, fatura ve tahsilatı şirketler adına yürüten altyapı. Sıkıcı, ama herkes muhtaç.","The infrastructure that runs subscriptions, invoices and collection on a company's behalf. Boring, and everyone depends on it."
PROD_TYPE_SAAS_DEV_TOOLS_NAME,Geliştirici Araçları,Developer Tools
PROD_TYPE_SAAS_DEV_TOOLS_CATEGORY,Geliştirici,Developer
PROD_TYPE_SAAS_DEV_TOOLS_DESC,Geliştiricinin günlük angaryasını üstlenir.,Takes the developer's daily drudgery off their hands.
PROD_TYPE_SAAS_DEV_TOOLS_TRADEOFF,Mühendis severse şirketine sokar; o güven yavaş kazanılır.,If an engineer loves it they bring it into the company; that trust is slow to earn.
PROD_TYPE_SAAS_DEV_TOOLS_BET,Mühendislerin günlük acısını çöz. Severlerse şirketlerine sokarlar.,"Solve the daily pain of engineers. If they love it, they carry it inside."
PROD_TYPE_SAAS_DEV_TOOLS_PITCH,Geliştiricilerin her gün uğraştığı angaryayı üstlenen araç seti. Mühendisten mühendise.,A toolset that takes on the drudgery developers face every day. From engineer to engineer.
PROD_TYPE_SAAS_OPS_NAME,Süreç Otomasyon Platformu,Process Automation Platform
PROD_TYPE_SAAS_OPS_CATEGORY,Operasyon,Operations
PROD_TYPE_SAAS_OPS_DESC,Sahadan yönetime süreçleri tek yerde toplar.,Gathers processes from the field to management in one place.
PROD_TYPE_SAAS_OPS_TRADEOFF,Sektörde para var ama satış döngüsü uzun.,There is money in the sector but the sales cycle is long.
PROD_TYPE_SAAS_OPS_BET,"Sahada iş yürüten şirketler kâğıtla boğuluyor. Süreci dijitalleştir, vazgeçemesinler.",Companies running work in the field are drowning in paper. Digitise the process and they cannot go back.
PROD_TYPE_SAAS_OPS_PITCH,"İnşaattan lojistiğe, süreçleri uçtan uca otomatikleştiren operasyon platformu.","An operations platform that automates processes end to end, from construction to logistics."
PROD_TYPE_NOTE_TOOL_NAME,Not & Bilgi Aracı,Notes and Knowledge Tool
PROD_TYPE_NOTE_TOOL_CATEGORY,Çalışma alanı,Workspace
PROD_TYPE_NOTE_TOOL_DESC,Not · bağlantı · arama tek çalışma alanında.,Notes · links · search in one workspace.
PROD_TYPE_NOTE_TOOL_TRADEOFF,Herkesin bir not uygulaması var; seninkini ayıracak olan aramanın kalitesi.,Everyone already has a notes app; what will set yours apart is the quality of the search.
PROD_TYPE_NOTE_TOOL_BET,İnsanlar not tutuyor ama bulamıyor. Sen bulmayı çöz; gerisi arkasından gelir.,People take notes and then cannot find them. Solve finding and the rest follows.
PROD_TYPE_NOTE_TOOL_PITCH,Yazdığın her şeyi hatırlayan çalışma alanı.,The workspace that remembers everything you wrote.
PROD_TYPE_VIDEO_CLIP_NAME,Video Klip Aracı,Video Clip Tool
PROD_TYPE_VIDEO_CLIP_CATEGORY,İçerik,Content
PROD_TYPE_VIDEO_CLIP_DESC,Uzun videoyu kısa kliplere böler ve altyazılar.,Cuts long video into short clips and captions them.
PROD_TYPE_VIDEO_CLIP_TRADEOFF,Pazar hızlı büyüyor ama her ay yeni bir rakip çıkıyor.,The market grows fast but a new rival turns up every month.
PROD_TYPE_VIDEO_CLIP_BET,Üretici uzun çekiyor ve kısa yayınlıyor. Aradaki işi sen yap.,Creators shoot long and publish short. Do the work in between.
PROD_TYPE_VIDEO_CLIP_PITCH,Uzun videodan yayına hazır klip çıkaran araç.,The tool that pulls publish-ready clips out of long video.
PROD_TYPE_ERP_NAME,ERP,ERP
PROD_TYPE_ERP_CATEGORY,İşletme,Business
PROD_TYPE_ERP_DESC,Ön muhasebe · stok · fatura tek defterde.,Bookkeeping · stock · invoicing in one ledger.
PROD_TYPE_ERP_TRADEOFF,Bir kez kurulunca kimse çıkmaz; ama ilk kurulum uzun sürer.,Once it is in nobody leaves; but the first install takes a long time.
PROD_TYPE_ERP_BET,Defter tutan herkes aynı üç şeyi arıyor. Üçünü de doğru yap; gerisini sürümler getirir.,Everyone keeping books wants the same three things. Get all three right and versions bring the rest.
PROD_TYPE_ERP_PITCH,Kasadan stoka işletmenin defterini tutan sistem.,The system that keeps a business's books from till to stock.
SECTOR_SUBSCRIPTION,Abonelik,Subscription
SECTOR_AGENCY,Ajans,Agency
SECTOR_EDUCATION,Eğitim,Education
SECTOR_FINTECH,Fintech,Fintech
SECTOR_ENTERPRISE,Kurumsal,Enterprise
SECTOR_SAAS,SaaS,SaaS
SECTOR_SALES,Satış,Sales
SECTOR_SOCIAL_MEDIA,Sosyal Medya,Social Media
SECTOR_PRODUCTIVITY,Verimlilik,Productivity
SECTOR_SOFTWARE,Yazılım,Software
PROD_AXIS_INNOVATION,İnovasyon,Innovation
PROD_AXIS_STABILITY,Kararlılık,Stability
PROD_AXIS_EXPERIENCE,Deneyim,Experience
PROD_RISK_LOW,Düşük,Low
PROD_RISK_MID,Orta,Medium
PROD_RISK_HIGH,Yüksek,High
PROD_PATH_TITLE,Yolunu seç,Choose your road
PROD_PATH_SUB,Bu seçim ürünün nasıl para kazandığını belirler. Sonradan değişmez.,This choice decides how the product makes money. It cannot be changed later.
PROD_PATH_B2C,Kitle,Consumer
PROD_PATH_B2C_DESC,"Kitleye satarsın. Kullanıcılar gelir, gider, sayılar dalgalanır.","You sell to a crowd. Users arrive, users leave, the numbers swing."
PROD_PATH_B2B_DESC,"Şirketlere satarsın. Her kontrat büyük para, her müşteri senin eserin.","You sell to companies. Every contract is real money, every customer is your own work."
PROD_MENTOR_LINE,"B2C'de kalabalığa satarsın, kimseyi tanımazsın. B2B'de herkesi tanırsın, herkes seni tanır. İkisi de para. Farklı dertler.","In B2C you sell to a crowd and know nobody. In B2B you know everybody, and everybody knows you. Both are money. Different headaches."
PROD_TYPE_STEP_TITLE,{market} · Ürün tipini seç,{market} · Choose a product type
PROD_NAME_LABEL,Ürün adı,Product name
PROD_NAME_SUGGEST,Öner,Suggest
PROD_CONFIRM_START,Onayla ve başlat,Confirm and start
PROD_READY_TALK_FRANK,HAZIR · FRANK'LE KONUŞ,READY · TALK TO FRANK
PROD_MARKET_SHARE,pazar payı {share},market share {share}
PROD_DEV_VERSION,Geliştir · v{version},Build · v{version}
PROD_HEALTHY,SAĞLIKLI,HEALTHY
PROD_RISKY,RİSKLİ,AT RISK
PROD_FLAT,SABİT,FLAT
PROD_TIP_WEAK,Zayıf yanın {axis}. v{version} sürümünde onu güçlendir; {rival} önünde.,Your weakest area is {axis}. Shore it up in v{version}; {rival} is ahead of you there.
PROD_TIP_GOOD,Sorun yok. Zayıf yanın {axis}.,Nothing wrong right now. Your weakest area is {axis}.
PROD_SHIP_FIRST_TITLE,İlk versiyon yayında,First version is live
PROD_SHIP_VERSION_TITLE,v{version} yayında,v{version} is live
PROD_SHIP_VERSION_BODY,"Yeni sürümü yayına gönderiyorsun. Frank ekrana bakıyor, başını hafifçe sallıyor.

""Büyüdü. Yeni özellikler tuttu — ama yeni yüzey, yeni hata demek. Gözünü ayırma.""

Kullanıcılar farkı görecek. Rakipler de.","You push the new version live. Frank looks at the screen and nods slightly.

""It grew. The new features landed — but new surface means new bugs. Keep your eyes on it.""

Users will see the difference. So will your rivals."
PROD_SHIP_CONTINUE,Yayına devam,Keep it live
PROD_SHIP_FIRST_READY,İlk sürüm,The first version
PROD_SHIP_FIRST_BODY,"Demo'ya bir kez daha bakıyorsun. Frank arkanda duruyor, telefonuna bakmıyor.

""Tamam,"" diyor. ""Bu kadar kötü değil.""

Yayına alıyorsun. Birkaç dakika sonra depo herkese açık, küçük bir açılış sayfası canlı, Frank elini cebine atıyor.

""Şimdi zor kısmı başlıyor. Bunun parasını verecek birini bulmamız lazım.""","You look at the demo one more time. Frank stands behind you, not looking at his phone.

""All right,"" he says. ""It is not that bad.""

You ship it. A few minutes later the repo is public, a small landing page is live, and Frank puts a hand in his pocket.

""Now the hard part starts. We need to find someone who will pay for this."""
PROD_SHIP_PUBLISH,Yayınla,Ship it
PROD_DESIGN_DECISION_TITLE,Tasarım masasında karar,A decision at the design table
PROD_DESIGN_CEILING_NOTE,"

İnovasyon {inn} / tur kazancı tavanı {cap} — tavanı tur sayısı değil, masadaki ekip belirler.","

Innovation {inn} / round gain ceiling {cap} — the ceiling is set by the team at the table, not by the number of rounds."
PROD_DESIGN_DECISION_BODY,"Tasarım turu bitti. Frank prototipin başında.

""İstersen bir tur daha döneriz — zaman yakar, tasarımı parlatır. Ama her turun getirisi bir öncekinden az. Bir noktada daha iyi insanlar lazım olur, daha çok tur değil.""{note}","The design round is done. Frank is standing over the prototype.

""We can run another round if you want — it burns time and polishes the design. But every round returns less than the last. At some point you need better people, not more rounds.""{note}"
PROD_TO_DEVELOPMENT_PLAIN,Geliştirmeye geç,Move to development
PROD_TREND_FALLING,AZALIYOR,FALLING
PROD_TIP_BUGS,Hata riski yüksek. Düzeltme koşusu başlat.,Bug risk is high. Start a fix run.
PROD_ITER_CEILING_NOTE,"İnovasyon {inn} / tur kazancı tavanı {inn_max} · tavanı tur sayısı değil, masadaki ekip belirler.","Innovation {inn} / round gain ceiling {inn_max} · the ceiling comes from the team at the table, not from the number of rounds."
PROD_EV_VERSION_SHIP_BODY,"Yeni sürümü yayına gönderiyorsun. Frank ekrana bakıyor, başını hafifçe sallıyor.

""Büyüdü. Yeni özellikler tuttu — ama yeni yüzey, yeni hata demek. Gözünü ayırma.""

Kullanıcılar farkı görecek. Rakipler de.","You push the new version live. Frank watches the screen and gives a small nod.

""It grew. The new features landed — but new surface means new bugs. Don't take your eyes off it.""

Users will notice the difference. So will your rivals."
PROD_EV_FIRST_SHIP_BODY,"İmleç Yayınla'nın üstünde. Telefonda Frank'ten bir mesaj var.

""Bugün müydü?""","The cursor is sitting on Publish. There's a message from Frank waiting on your phone.

""Is today the day?"""
PROD_EV_ITER_DECISION_BODY,"İlk tasarım turu bitti. Frank prototipin başında.

""Turlar kendi kendine döner · her biri zaman yakar, tasarımı biraz daha parlatır. Ama her turun getirisi bir öncekinden az. Yeter dediğin an geliştirmeye geçeriz; bir noktada daha iyi insanlar lazım olur, daha çok tur değil.""","The first design round is done. Frank is standing over the prototype.

""The rounds keep going on their own · each one burns time and polishes the design a little more. But every round returns less than the one before. The moment you say enough, we move to development; at some point you need better people, not more rounds."""
PROD_ITER_KEEP_GOING,Turlar sürsün,Keep the rounds going
PROD_PATH_B2B,Kontrat,Contract
PROD_FIX_RUN_START,Düzeltme başlat,Start a fix run
PROD_FIX_RUN_END,Koşuyu bitir,End the run
PROD_TREND_RISING,ARTIYOR,RISING
VC_WHY_MRR_STRONG,MRR güçlü,MRR is strong
VC_WHY_MRR_WEAK,MRR zayıf,MRR is weak
VC_WHY_BRAND_SOLID,Marka sağlam,Brand holds up
VC_WHY_BRAND_LOW,Marka düşük,Brand is low
VC_WHY_SHUTTER,Kepenk sayacı,Shutter clock
VC_WHY_RUNWAY_THIN,Runway dar,Runway is thin
VC_WHY_SCANDAL,Skandal izi,A scandal on the record
VC_WHY_LEVERAGE,Cebinde teklif,An offer in your pocket
VC_WHY_WARM_INTRO,Frank'in tanıştırması,Frank's introduction
VC_WHY_DOMAIN_MATCH,Sektör eşleşmesi,Sector match
VC_WHY_CALLBACK,Kapı yeniden açık,The door reopened
VC_WHY_MOVED,Randevuyu kaydırdın,You moved the meeting
VC_PREP_BUSY,Zaten bir hazırlık sürüyor,A prep is already running
VC_PREP_NEED_MEETING,Önce bu VC'yle toplantı iste,Ask this VC for a meeting first
VC_PREP_TOO_SOON,Toplantıya {weeks} haftadan az kaldı,Fewer than {weeks} weeks left before the meeting
VC_PREP_TOO_SOON_ONE,"Toplantı bu hafta, hazırlığa vakit kalmadı","The meeting is this week, too late to prep"
VC_BLOCK_LATE,Mesainin kalanı bir fonla masaya oturmaya yetmez. Artık gelecek hafta.,"Not enough of the workday left to sit down with a fund. Next week, then."
VC_CALLBACK_REOPENED,Kapı yeniden açıldı: {investor}. Tekrar iste.,{investor}'s door is open again. Ask again.
VC_REHEARSED,PROVA EDİLDİ,REHEARSED
VC_BEAT1_LABEL,Odayı oku · 1/4,Read the room · 1/4
VC_B1_LINE,"""{investor}. Otur. Vaktim kısa — beni neden buraya çağırdığını göster.""","""{investor}. Sit. My time is short — show me why you called me here."""
VC_B1_MONO,Odayı oku.,Read the room.
VC_B1_MONO_WHY,Odayı oku: {reasons},Read the room: {reasons}
VC_B1_CHOICE,Odayı oku — karşındakini tart.,Read the room — take their measure.
VC_APPROACH_PERCEPTION,Algı,Perception
VC_BEAT2_LABEL,Anlatı · 2/4,Narrative · 2/4
VC_B2_LINE,"""Rakamları gördüm. Şimdi anlatın: bu gelirin devam etmesini sağlayan ne?""","""I have seen the numbers. Now tell me what keeps this revenue coming."""
VC_B2_MONO,Açı seç. Yanlış açı beni sıkar.,Pick an angle. The wrong one bores me.
VC_B2_METRIC,Metrik: rakamlar konuşsun.,Metrics: let the numbers talk.
VC_B2_VISION,Vizyon: nereye gittiğimizi göster.,Vision: show them where this goes.
VC_B2_TRACTION,Traction: ivmeyi anlat.,Traction: tell them about the momentum.
VC_APPROACH_NARRATIVE,Anlatı,Narrative
VC_BEAT3_LABEL,Sorgu · 3/4,Interrogation · 3/4
VC_B3_HONEST,"Dürüst: kabul et, planı göster.","Honest: admit it, show the plan."
VC_APPROACH_HONEST,Dürüst,Honest
VC_B3_HONEST_CAP,"Düşük risk, dürüst duruş.","Low risk, straight answer."
VC_B3_SPIN,Spin: zayıflığı güce çevir.,Spin: turn the weakness into a strength.
VC_APPROACH_SPIN,Spin,Spin
VC_B3_SPIN_CAP,"Yüksek risk, yüksek getiri.","High risk, high return."
VC_B3_DEFLECT,Geçiştir: konuyu kaydır.,Deflect: move them off it.
VC_APPROACH_DEFLECT,Geçiştir,Deflect
VC_B3_DEFLECT_CAP,"Güvenli, ama masa buradan çıkmaz ({cap} tavan).","Safe, but the table stops here ({cap} ceiling)."
VC_Q_CHURN,"""Churn'ün konuşuyor. Kaçan müşterileri anlat — neden gittiler?""","""Your churn is talking. Tell me about the customers who left — why did they go?"""
VC_Q_CHURN_MONO,Churn'ü soracak. Sayıları hazırla.,They will ask about churn. Have the numbers ready.
VC_Q_GROWTH,"""Büyüme grafiği düz. Bu çizgiyi neden yukarı kaldıramadın?""","""The growth chart is flat. Why couldn't you lift that line?"""
VC_Q_GROWTH_MONO,Büyümenin durgunluğunu görecek.,They will see the growth has stalled.
VC_Q_CONCENTRATION,"""Gelirin tek bir müşteriye yaslanıyor. O giderse ne kalır?""","""Your revenue leans on one customer. What is left if they walk?"""
VC_Q_CONCENTRATION_MONO,Gelir yoğunlaşmasını soracak.,They will ask about revenue concentration.
VC_Q_SCANDAL,"""Yönetemediğin bir skandal var. Ben neden bu ekibe para vereyim?""","""There is a scandal you did not manage. Why would I put money into this team?"""
VC_Q_SCANDAL_MONO,Skandalı soracak. Sorduğunda gözünü kaçırma.,They will ask about the scandal. Do not look away when they do.
VC_Q_NO_ENGINEERS,"""Tek mühendisin bile yok. Bu ürünü kim taşıyacak?""","""You do not have a single engineer. Who is going to carry this product?"""
VC_Q_NO_ENGINEERS_MONO,Ekibin inceliğini görecek.,They will see how thin the team is.
VC_Q_SOLO,"""Tek başınasın. Sen düşersen şirket de düşer. Bu riski nasıl kapatıyorsun?""","""You are alone. If you go down, the company goes down. How do you cover that risk?"""
VC_Q_SOLO_MONO,Tek-kurucu riskini soracak.,They will ask about solo-founder risk.
VC_Q_RIVAL,"""Bir rakip senden önde. Ligde ikinci olan neden kazansın?""","""A rival is ahead of you. Why should second place in the league win?"""
VC_Q_RIVAL_MONO,Rakibi masaya koyacak.,They will put the rival on the table.
VC_Q_REFUSED_ACQ,"""Bir satın almayı geri çevirmişsin. Kibir mi, vizyon mu?""","""You turned down an acquisition. Arrogance, or vision?"""
VC_Q_REFUSED_ACQ_MONO,Reddettiğin teklifi soracak.,They will ask about the offer you refused.
VC_Q_REPUTATION,"""İtibarın zedeli. Bu hikâyeye kim inanır?""","""Your reputation is damaged. Who believes this story?"""
VC_Q_REPUTATION_MONO,İtibarını yoklayacak.,They will probe your reputation.
VC_Q_BUGS,"""Ürünün hata kaynıyor. Kalite senin için ne ifade ediyor?""","""Your product is crawling with bugs. What does quality mean to you?"""
VC_Q_BUGS_MONO,Hata sayını soracak.,They will ask about your bug count.
VC_Q_WEAK_DIM,"""{axis} tarafın zayıf. Sektörü bilen biri bunu ilk bakışta görür.""","""Your {axis} side is weak. Anyone who knows the sector sees it at a glance."""
VC_Q_WEAK_DIM_MONO,En zayıf ekseni bulacak.,They will find the weakest axis.
VC_Q_CLEAN,"""Doğrusu, saldıracak bir yer bulamadım. Bu iyi bir işaret. Devam et.""","""Honestly, I could not find anywhere to attack. That is a good sign. Go on."""
VC_Q_CLEAN_MONO,Temiz alan. Nefes al.,Clear ground. Take a breath.
VC_REACT_GOOD,"""İyi.""","""Good."""
VC_REACT_OK,"""Hmm. İdare eder.""","""Hmm. It will do."""
VC_REACT_BAD,"""Beni ikna etmedi.""","""That did not convince me."""
VC_BEAT4_LABEL,Kapanış · 4/4,Closing · 4/4
VC_B4_WIN_LINE,"""Sana bir teklif göndereceğim. Beğenmeyebilirsin ama ciddi.""","""I am going to send you an offer. You may not like it, but it is serious."""
VC_B4_WIN_CHOICE,Teşekkürler. Bekliyorum.,Thank you. I will be waiting.
VC_B4_LOSS_LINE,"""Bugün olmadı. Rakamlar beni buraya getirmedi.""","""Not today. The numbers did not bring me here."""
VC_B4_LOSS_MONO,Soğuk oda. En azından nedenini biliyorsun.,A cold room. At least you know why.
VC_B4_LOSS_CHOICE,Anladım. Çıkıyorum.,Understood. I will show myself out.
VC_B4_WARM_LINE,"""Kararsızım. Bir yol var: sana bir koşul koyayım, tuttur, geri gel. Ya da şansını burada zorla.""","""I am undecided. There is a way: let me set you a condition, meet it, come back. Or push your luck right here."""
VC_B4_WARM_MONO,"Ilık. Güvenli kapı mı, açgözlü kumar mı?","Lukewarm. The safe door, or the greedy bet?"
VC_B4_QUIT,İkinci kez ılık. Bırak gitsin.,Lukewarm a second time. Let it go.
VC_B4_QUIT_CAP,Reddedilme sayılır.,This counts as a rejection.
VC_B4_CALLBACK,Callback'i kabul et — koşulu tuttur.,Take the callback — meet the condition.
VC_B4_CALLBACK_CAP,Güvenli. Kapı açık kalır.,Safe. The door stays open.
VC_B4_PUSH,Masayı zorla — şimdi karar ver.,Push the table — decide now.
VC_APPROACH_PUSH,Zorla,Push
VC_B4_PUSH_CAP,Başarısızsan masa kapanır.,Fail and the table closes.
VC_RES_CALLBACK,"""Koşulu biliyorsun. Tuttur, kapı açık.""","""You know the condition. Meet it and the door is open."""
VC_RES_PUSH_WIN,"""Cesaretin varmış. Teklif yolda.""","""You had nerve. The offer is on its way."""
VC_RES_PUSH_LOSS,"""Zorladın ve tutmadı. Kapı kapandı.""","""You pushed and it did not hold. The door is closed."""
VC_RES_DEFAULT,"""Bugün olmadı.""","""Not today."""
VC_FRANK_COLD_ANCHOR,"Onlar bir rakam istedi, sende yoktu. Git bul.",They wanted a number you didn't have. Go get it.
VC_FRANK_COLD_NEXUS,Ürünü değil seni aldılar ya da almadılar. Bunu düşün.,They weren't buying the product. They were buying you. Think about that.
VC_FRANK_COLD_BOSPHORUS,Bunu bana sorarlar. Ben hallederim.,I'll hear about this one. Let me handle it.
VC_FRANK_COLD_MERIDIAN,"Ürünü açtılar, kapattılar. Toplantı bu.",They opened the product and closed it. That's the whole meeting.
VC_FRANK_COLD_GENERAL_1,Bir hayır. Sonuncusu olmayacak. Sonraki odaya taşıma.,One no. Not the last one. Don't carry it into the next room.
VC_FRANK_COLD_GENERAL_2,Üst üste iki. Sıradaki çok şey belirler. Acele etme.,Two in a row. The next one decides a lot. Take your time.
VC_EV_OFFER_EXPIRING_TITLE,Masadaki teklif,The offer on the table
VC_EV_OFFER_EXPIRING_BODY,"{investor} teklifi masada.

Frank: ""Yatırımcılar bekletilmeyi sevmez. {days} gün içinde yanıt vermeliyiz.""","{investor}'s offer is on the table.

Frank: ""Investors don't like being kept waiting. We need to give them an answer inside {days} days."""
VC_EV_ACK,Anlaşıldı,Understood
VC_EV_GO_FUNDING,Yatırım'a git,Go to Funding
VC_EV_DECISION_TITLE,Teklifin süresi doldu,The offer window has closed
VC_EV_DECISION_SIT,Masaya otur,Sit at the table
VC_EV_DECISION_DECLINE,Reddet,Decline
VC_EV_LAST_DAY_TITLE,Süre doldu,Time's up
VC_EV_LAST_DAY_BODY,"Yatırımcılara dönüş yapmak için bugün son gün.

Frank: ""Artık kaçış yok. İmzalayacaksan bugün imzala.""","Today is the last day to give the investors an answer.

Frank: ""Nowhere left to run. If you're signing, sign today."""
VC_EV_DEAL_TITLE,Yatırımcıdan teklif,The investor's offer
PITCH_S0_NPC,« Frank iyi şeyler söyledi. Göster bakalım — neyi farklı yapıyorsun? »,« Frank spoke well of you. Show me — what are you doing differently? »
PITCH_S0_INNER,İlk on saniye. Adam zaten Frank'e güveniyor; kapı aralık. Mesele kapıyı nasıl açtığım.,The first ten seconds. He already trusts Frank; the door is ajar. The question is how I open it.
PITCH_DIFF_EASY,Kolay,Easy
PITCH_DIFF_MEDIUM,Orta,Medium
PITCH_DIFF_HARD,Zorlu,Hard
GATE_OPENED,{phase} kapısı açıldı,The {phase} gate is open
GATE_ADVANCE,Hazırız — geçelim,We are ready — let us move
GATE_DECLINE,Henüz değil,Not yet
GATE_TRACTION_TITLE,İlk ödeme,The first payment
GATE_TRACTION_ADVANCE,Tamam,All right
GATE_TRACTION_BODY_0,"Frank'ten mesaj.

""İlk ödemen gelmiş. Ben ilk satışımı yaptığımda çerçevelemiştim o banknotu. Artık işler ciddi, daha çok müşteri, daha çok iş.""","A message from Frank.

""Your first payment came in. I framed the note from my first sale. It's a real business now: more customers, more work."""
GATE_SERIES_A_TITLE,Series A masası,The Series A table
GATE_SERIES_A_BODY_0,"Frank telefonunu ters çevirip masaya koyuyor. Ciddi olduğunda yapar bunu.

""MRR tutuyor, marka ayakta. Series A avı açık. Runway'in dar mı geniş mi — girebilirsin, ama masada kokusunu alırlar.""

Bundan sonrası saatli bir av: pitch takvimi ve runway, ikisi de sayacak.","Frank turns his phone face down on the table. He does that when he is serious.

""MRR is holding, the brand is standing. The Series A hunt is open. Thin runway or not — you can walk in, but they will smell it at the table.""

From here it is a hunt on a clock: the pitch calendar and the runway both count down."
GATE_SERIES_A_BODY_1,"Frank pencereden dışarı bakıyor.

""Masalar sonsuza kadar açık kalmaz. Metrikler bugün iyi; yarını kimse garanti etmiyor.""","Frank looks out of the window.

""Tables do not stay open forever. The metrics are good today; nobody is guaranteeing tomorrow."""
GATE_SERIES_A_BODY_2,"Frank bu sefer oturmuyor bile.

""Beklemek de bir karar. Kirasını sen ödüyorsun.""","This time Frank does not even sit down.

""Waiting is a decision too. You are the one paying rent on it."""
TERM_SPLIT_BASE,temel {pct},base {pct}
TERM_SPLIT_SKILL, · +{pct} {skill}, · +{pct} {skill}
TERM_SPLIT_LEVERAGE, · +{pct} kaldıraç, · +{pct} leverage
TERM_SPLIT_DECAY, · −{pct} tekrar, · −{pct} repeat
TERM_PATIENCE,Sabır,Patience
TERM_OFFER_HEADER,Masadaki teklif,The offer on the table
TERM_PUSH,İtir,Push
TERM_RESULT_HEADER,SONUÇ,RESULT
TERM_DIAL_CHANCE,İtme şansı,Push chance
TERM_DIAL_ROLL,Son zar,Last roll
TERM_LEVER_BOARD,Board,Board
TERM_BOARD_CLEAN,temiz,clean
TERM_BOARD_SEATS,{n} koltuk,{n} seats
TERM_BOARD_VETO, + veto, + veto
TERM_INVESTMENT,{amount} yatırım,{amount} investment
TERM_CASH_RUNWAY,Kasa: {cash} · Runway: {runway},Cash: {cash} · Runway: {runway}
TERM_TABLES_CLOSED,Kapanan masa: {closed}/{total},Tables closed: {closed}/{total}
TERM_LEVERAGE_BOX,Cebinde 2. term sheet var — {investor}. Bunu onlar da biliyor.,You have a second term sheet in your pocket — {investor}. They know it too.
TERM_RESULT_ACCEPTED,Kabul ettiler. {move}.,They accepted. {move}.
TERM_RESULT_REFUSED,Reddettiler. Olduğu yerde kaldı: {value}.,They refused. It stays where it was: {value}.
TERM_RESULT_FINAL,"Son teklifim bu. İmzala, ya da masadan kalk.","This is my final offer. Sign, or walk away from the table."
TERM_LEVER_MAXED,{lever}: {value} · itilecek yer yok.,{lever}: {value} · nowhere left to push.
TERM_LEVER_ODDS,{lever}: {from} → {to} · {pct},{lever}: {from} → {to} · {pct}
TERM_FRANK_WON,"{lever} sende. Dur, ya da başka kola bas.","You've got {lever}. Stop here, or push on another one."
TERM_FRANK_RESISTED,{lever} vermiyorlar. Başka kola geç.,They won't move on {lever}. Try another one.
TERM_FRANK_LAST_MOVE,Bir hamlen kaldı.,One move left.
TERM_FRANK_OTHER_TABLE,Sabırları bitti. {investor} masası duruyor; oraya bak.,You've run out their patience. {investor} still has a table open; look there.
TERM_FRANK_NO_TABLE,Sabırları bitti. Başka masa yok.,You've run out their patience. There's no other table.
TERM_FRANK_OPENING,İlk teklifleri bu. Zorla.,This is their opening offer. Push.
TERM_FRANK_NEXT_MOVE,Sıradaki hamle senin.,Next move is yours.
TERM_SIGN_Q,İmzala?,Sign?
TERM_SIGN_BODY,{amount} yatırım · {terms} ile imzala? Bu turu kapatır.,Sign for {amount} on {terms}? That closes this round.
TERM_SIGN_OK,İmzala,Sign
TERM_WALK_Q,Masadan kalk?,Walk away?
TERM_WALK_BODY,"Masadan kalkarsan bu teklif gider, fon da kapanır. Ret sayılmaz.","Walk away and this offer is gone, and so is the fund. It does not count as a rejection."
TERM_WALK_OK,Masadan kalk,Walk away
TERM_SHOW_OTHER,Diğer teklifi göster,Show the other offer
TERM_SHOW_OTHER_USED,Diğer teklifi zaten gösterdin.,You have already shown them the other offer.
TERM_LEAVE,Masadan ayrıl,Leave the table
TERM_OTHER_SHOWN_BOX,Diğer teklif · {investor}: {terms},The other offer · {investor}: {terms}
TERM_RESULT_FINAL_MOVE,Bir kez daha esnediler: {move}. Bu son teklif. İmzala ya da masadan kalk.,"They gave a little more: {move}. This is final. Sign, or walk away from the table."
TERM_RESULT_WALKED,Masadan kalktılar. Teklif gitti.,They left the table. The offer is gone.
TERM_RESULT_OTHER_MOVED,Esnediler. {move}.,They moved. {move}.
TERM_RESULT_OTHER_TRADED,"Esnediler, karşılığında bir şey aldılar. {move} · {back}.","They moved, and took something back. {move} · {back}."
TERM_RESULT_OTHER_HELD,Kıpırdamadılar. Teklif aynı.,They held. The offer is unchanged.
TERM_INV_RELAXED_1,"""Peki. Listende başka ne var?""","""All right. What else is on your list?"""
TERM_INV_RELAXED_2,"""Acele etme. Dinliyoruz.""","""Take your time. We're listening."""
TERM_INV_TENSE_1,"""Artık sabrımızı sınıyorsun.""","""Now you're testing us."""
TERM_INV_TENSE_2,"""Şansını zorlama.""","""Don't push your luck."""
TERM_INV_OUT_ANCHOR,"""Devam et. Sonunda bundan fazlası çıkmaz.""","""Keep going. There's nothing extra waiting at the end."""
TERM_INV_OUT_NEXUS,"""Ortaklarıma karşı seni ben savunuyorum. İşimi zorlaştırma.""","""I'm fighting for you with my partners. Don't make it harder."""
TERM_INV_OUT_BOSPHORUS,"""Bu kapıyı sana Frank açtı. Onu pişman etme.""","""Frank opened this door for you. Don't make him regret it."""
TERM_INV_OUT_MERIDIAN,"""Bu hafta üç ürün gördük. Seninki de ötekilere benzemeye başladı.""","""We've seen three products this week. Yours is starting to look like the others."""
TERM_INV_OUT_GENERIC,"""Bu iş uzadı.""","""This is running long."""
TERM_INV_FINAL,"""Bu kadar. Daha fazla esnemiyoruz.""","""This is where we land. We're done moving."""
TERM_INV_WALKOUT,"""Biz bu işte yokuz. Umarım işlerin yolunda gider.""","""We're going to pass. I hope it works out for you."""
TERM_INV_OTHER_MATCH,"""Haklısın. Tek bir madde yüzünden bu işi kaçırmayız.""","""Fair. We won't lose this over one term."""
TERM_INV_OTHER_CONDITION,"""Aynısını biz de veririz. Ama bedelini başka bir maddede ödersin.""","""We can match that. It'll cost you somewhere else."""
TERM_INV_OTHER_HOLD,"""Biz teklif yarışına girmeyiz.""","""We don't get into bidding wars."""
TERM_INV_OTHER_WALK,"""Anlaşılan seçimini yapmışsın. Git onlarınkini imzala.""","""Sounds like you've already picked. Go sign theirs."""
FIN_BURN_SALARIES,Maaşlar,Salaries
FIN_BURN_OVERTIME,Ek mesai,Overtime
FIN_BURN_MARKETING,Pazarlama,Marketing
FIN_BURN_OFFICE,Ofis,Office
FIN_BURN_SERVERS,Sunucular,Servers
FIN_ONETIME_BUILD,Özellik maliyeti,Feature cost
FIN_ONETIME_VERSION,Sürüm özellikleri,Version features
FIN_MENTOR_WARNING,Mentor uyarısı,Mentor warning
FIN_MENTOR_QUOTE,Runway {months} ayın altında. Ya gideri kıs ya geliri bul; ikisi de karar ister.,Runway is under {months} months. Cut what you spend or bring in more; either way it's a decision.
FIN_MENTOR_QUOTE_SHUTTER,Runway diye bir şey kalmadı. Sayaç işliyor; bugün ne kestiğin önemli.,There's no runway left to speak of. The counter is running. What matters is what you cut today.
FIN_MENTOR_QUOTE_WRAPPED,"""{quote}""","""{quote}"""
FIN_SNOOZE,Ertele,Snooze
FIN_CASH,Nakit,Cash
FIN_MONTHLY_NET,Aylık net,Monthly net
FIN_RUNWAY,Runway,Runway
FIN_RANGE_6M,6 ay,6 mo
FIN_RANGE_12M,12 ay,12 mo
FIN_RANGE_ALL,Tümü,All
FIN_CURVE_TODAY,Bugün · H{n},Today · W{n}
FIN_CURVE_ZERO,Kasa sıfır · H{n},Cash hits zero · W{n}
FIN_CURVE_TIP_CASH,Kasa {amount},Cash {amount}
FIN_CURVE_COURSE,mevcut gidiş,current course
FIN_CURVE_TARGET,satış hedefi,sales target
FIN_MONTHLY_FLOW,Aylık akış,Monthly flow
FIN_MONTHLY_FLOW_PACE,mevcut gidişle,at the current pace
FIN_INCOME,Gelir,Income
FIN_EXPENSE,Gider,Expense
FIN_NET,Net,Net
FIN_BURN_SECTION,Gider dağılımı,Expense breakdown
FIN_RECENT_TX,Son işlemler,Recent transactions
FIN_NO_TX,Henüz işlem yok,No transactions yet
FIN_TX_DATE,H{week} · {mon} {year},W{week} · {mon} {year}
FIN_PER_MONTH,{amount} / ay,{amount} / mo
FIN_REQ_OPENS,Series A Avı'nda açılır: {reqs},Opens in the Series A Hunt: {reqs}
FIN_CAPTABLE_HEADER,Hisse dağılımı,Cap table
FIN_CAPTABLE_FOUNDER,Kurucu · {pct},Founder · {pct}
FIN_CAPTABLE_INVESTORS,Yatırımcılar · {pct},Investors · {pct}
FIN_CAPTABLE_RAISED,Toplanan · {amount},Raised · {amount}
TERM_BOARD_SEAT_ONE,{n} koltuk,{n} seat
FIN_SUBTAB_SUMMARY,Özet,Summary
FIN_SUBTAB_INVESTMENT,Yatırım,Funding
FIN_SUBTAB_LOCKED,Series A Avı'nda açılır,Opens in the Series A Hunt
COMPANY_BG_EGE_SIGORTA,"Bölgesel oyuncu; acente ağı geniş, evrak işi hâlâ kâğıtta.","A regional player; a wide agency network, and the paperwork is still on paper."
COMPANY_BG_POYRAZ_SIGORTA,"Fiyat kırarak büyüdü, şimdi hasar dosyalarının altında eziliyor.","Grew by undercutting on price, and is now buried under the claims files."
COMPANY_BG_DENIZ_SIGORTA,"Kurumsal müşteriye çalışır, temkinli; yeni tedarikçiyi zor kabul eder.","Works with corporate clients, cautious; slow to accept a new supplier."
COMPANY_BG_ADRIATIC_ASSURANCE,"Balkan pazarından bölgeye açıldı; merkez uzak, yerel ekip küçük.","Came into the region from the Balkan market; head office is far away, the local team is small."
COMPANY_BG_VEGA_SIGORTA,"Genç yönetim, poliçeyi telefondan satıyor; büyüme hızlı, süreç dağınık.","Young management selling policies over the phone; growth is fast, process is scattered."
COMPANY_BG_KUZEY_INSAAT,"Kamu ihalesiyle büyüdü; şantiyesi çok, merkez ofisi az.","Grew on public tenders; plenty of sites, not much head office."
COMPANY_BG_ANADOLU_YAPI,"Aile şirketi, üçüncü kuşak yönetimde; dijitalleşmeye geç başladı.","A family firm, third generation in charge; late to start going digital."
COMPANY_BG_MARMARA_INSAAT,"Konut projelerinde iddialı; nakit akışı gelgitli, karar tek adamda.","Ambitious in housing projects; cash flow comes in tides, decisions rest with one man."
COMPANY_BG_TERRA_YAPI,"Yabancı ortaklı; raporlama standardı yüksek, sabrı az.","Foreign-owned partner; reporting standards are high, patience is short."
COMPANY_BG_DONAU_BAU,"Avusturyalı; altyapı projeleriyle geldi, kalıcı mı belli değil.","Austrian; arrived with infrastructure projects, and nobody knows if they are staying."
COMPANY_BG_DENIZ_LOJISTIK,"Liman çevresinde güçlü; filosu yaşlı, yazılımı daha yaşlı.",Strong around the port; the fleet is old and the software is older.
COMPANY_BG_NORDICA_LOJISTIK,"İskandinav ortaklı; süreç disiplini yüksek, esnekliği düşük.","Scandinavian partner; high process discipline, low flexibility."
COMPANY_BG_EGE_KARGO,Şehirlerarası dağıtımda eski toprak; el yazısı irsaliyeden yeni çıktı.,An old hand at intercity distribution; only just out of handwritten waybills.
COMPANY_BG_MARMARA_LOJISTIK,"Depoculuğa yeni girdi; büyüme iştahı yüksek, ekibi yorgun.","New to warehousing; hungry for growth, and the team is tired."
COMPANY_BG_NORDWIND_GMBH,Alman butik nakliyeci; bölge ofisi kendi kararını alamıyor.,A German boutique carrier; the regional office cannot make its own decisions.
COMPANY_BG_ARAS_KLINIK,Tek şubeli butik klinik; randevu defteri hâlâ resepsiyonda.,A single-branch boutique clinic; the appointment book is still on the front desk.
COMPANY_BG_MARMARA_KLINIK,"Zincirleşme yolunda; her şube kendi usulünce çalışıyor, merkez bunu dert etti.",On its way to becoming a chain; every branch works its own way and head office has started to mind.
COMPANY_BG_BOSPHORUS_SAGLIK,"Yabancı hasta ağırlıklı; itibarına düşkün, hata payı tanımıyor.","Mostly foreign patients; protective of its reputation, allows no margin for error."
COMPANY_BG_VITA_MEDIKAL,"Cihaz satışından hizmete döndü; satışı güçlü, operasyonu zayıf.","Moved from selling devices to selling services; strong at sales, weak at operations."
COMPANY_BG_MEDISA_GRUP,"Bölge hastaneleriyle anlaşmalı; ihale takvimiyle yaşar, acelesi yoktur.",Contracted to the regional hospitals; lives by the tender calendar and is never in a hurry.
COMPANY_BG_BEYKOZ_URETIM,"Yan sanayi tedarikçisi; müşterisi ne derse o, kendi sistemi yok gibi.","A sub-industry supplier; whatever the customer says goes, and it barely has a system of its own."
COMPANY_BG_TRAKYA_FABRIKA,"Vardiya düzeni oturmuş, veri toplamaz; ustabaşının hafızası veritabanıdır.",The shift pattern is settled and no data is collected; the foreman's memory is the database.
COMPANY_BG_EGE_METAL,İhracat ağırlıklı; Avrupa müşterisi belge istedikçe yazılım ihtiyacı büyüyor.,"Mostly export; the more documents European customers ask for, the more software it needs."
COMPANY_BG_VULKAN_DOKUM,"Ağır sanayi, ağır karar alır; ama imza atınca yıllarca kalır.","Heavy industry, heavy decisions; but once they sign, they stay for years."
COMPANY_BG_FERRUM_ENDUSTRI,"Makine parkı yeni, yönetim anlayışı eski; genç mühendisler sıkışmış durumda.","New machinery, old management thinking; the young engineers are stuck in between."
COMPANY_BG_ANADOLU_MARKET,Bölgesel market zinciri; kasa sayısı arttıkça kaos da arttı.,"A regional grocery chain; the more tills they added, the more chaos came with them."
COMPANY_BG_BRIGHTLINE_RETAIL,Uluslararası zincirin bölge iştiraki; merkezle konuşmak ayrı bir proje.,The regional arm of an international chain; talking to head office is a project of its own.
COMPANY_BG_KARDELEN_MAGAZACILIK,Cadde mağazacılığında eski isim; AVM kiralarıyla boğuşuyor.,An old name in high-street retail; wrestling with shopping-centre rents.
COMPANY_BG_EKIN_GIDA_MARKETLERI,İlçe pazarından zincire dönüştü; patron her şubeyi hâlâ tek tek arar.,Grew from a district market into a chain; the owner still calls every branch himself.
COMPANY_BG_MODENA_CONCEPT,"Ev tekstili ve mobilya satar; sezon döngüsüne bağlı, stok takibi elde.","Sells home textiles and furniture; tied to the season cycle, stock tracked by hand."
COMPANY_BG_PALMIYE_HOLDING,"Turizm arazileriyle büyüdü; portföyü geniş, kayıt düzeni dar.",Grew on tourism land; a broad portfolio and narrow record-keeping.
COMPANY_BG_KIYI_GAYRIMENKUL,"Sahil projelerine odaklı; satışı hızlı, tapu sonrası ilgisi yavaş.","Focused on coastal developments; quick to sell, slow to care once the deed is signed."
COMPANY_BG_METREKARE_DANISMANLIK,"Genç ekip, şube modeliyle büyüyor; şube açtıkça standart kayboluyor.",A young team growing through branches; every new branch loses a little more of the standard.
COMPANY_BG_VESTERA_HOLDING,"Yabancı fonlarla ortak proje geliştirir; rapor ister, hem de her hafta.","Develops projects with foreign funds; wants reports, and wants them weekly."
COMPANY_BG_PANORAMA_EMLAK,"Üç şehirde ofisi var; danışmanlar kendi telefonuyla çalışır, merkez göremez.",Offices in three cities; the agents work off their own phones and head office cannot see any of it.
COMPANY_BG_BEYKOZ_TEKSTIL,"Aile şirketi; fason üretimden marka olmaya çalışıyor, sancılı.","A family firm trying to move from contract manufacturing to a brand of its own, painfully."
COMPANY_BG_MENDERES_DOKUMA,Havlu ve ev tekstili ihracatçısı; sipariş takibi faks kokan bir sistemde.,A towel and home-textile exporter; order tracking runs on a system that still smells of fax.
COMPANY_BG_IPLIKHANE,"Butik üretici; tasarımı güçlü, teslim tarihi zayıf.","A boutique producer; strong on design, weak on delivery dates."
COMPANY_BG_NOVA_TEKSTIL,"Hızlı moda tedarikçisi; büyük müşteri ne isterse ona koşar, kendine vakti yok.",A fast-fashion supplier; runs after whatever the big customer wants and has no time for itself.
COMPANY_BG_AEGEA_TEXTILE_GROUP,"Yunan ortaklı; iki ülkede üretim var, tek düzgün rapor yok.",Greek partner; production in two countries and not one clean report.
COMPANY_BG_BOSPHORUS_LEGAL,"Kurumsal müvekkil ağırlıklı; saat ücretiyle yaşar, verim onun için paradır.","Mostly corporate clients; lives on the billable hour, and efficiency is money to them."
COMPANY_BG_KAVANAGH_SONS,"İrlandalı butik ofisin bölge masası; usule düşkün, yeniliğe mesafeli.","The regional desk of an Irish boutique firm; devoted to procedure, wary of anything new."
COMPANY_BG_ASLAN_DURU_HUKUK,"İki ortak, on avukat; dosya sayısı büyüdü, arşiv düzeni büyüyemedi.","Two partners, ten lawyers; the caseload grew and the filing system could not keep up."
COMPANY_BG_MERIDYEN_HUKUK,Şirket birleşmelerinde isim yaptı; gizlilik takıntısı her aracı zorlaştırır.,Made its name on mergers; an obsession with confidentiality makes every tool harder.
COMPANY_BG_LEX_ANADOLU,"Uluslararası ağın yerel üyesi; standartları dışarıdan, kadrosu içeriden.","The local member of an international network; standards from outside, staff from inside."
COMPANY_BG_NEXUS_YAZILIM,"Kurumsal proje geliştirir; kendi ürünü yok, herkesinkini bilir.",Builds corporate projects; has no product of its own but knows everyone else's.
COMPANY_BG_PIKSEL_TEKNOLOJI,"Ajans kökenli; işi çok, faturası geç.","Agency roots; plenty of work, late invoices."
COMPANY_BG_VOLT_SISTEMLERI,Donanım ağırlıklı entegratör; yazılıma mecbur kaldıkça alışıyor.,A hardware-led integrator; getting used to software as it is forced into it.
COMPANY_BG_ATLAS_BILISIM,Kamu projeleriyle büyüdü; güvenlik şartnamesi her cümlede.,Grew on public-sector projects; the security specification is in every sentence.
COMPANY_BG_ORIGO_LABS,"Genç ürün stüdyosu; hızlı dener, hızlı vazgeçer.","A young product studio; tries fast, gives up fast."
COMPANY_BG_SEPET_TICARET,"Pazaryerinde büyüdü, kendi sitesine geçti; kampanya günleri kâbusu.","Grew on a marketplace, then moved to its own site; campaign days are a nightmare."
COMPANY_BG_HIZLI_PAZAR,Aynı gün teslimat iddiasında; operasyon bu iddiaya yetişemiyor.,Claims same-day delivery; operations cannot keep up with the claim.
COMPANY_BG_VITRIN_ONLINE,"Niş kategoride lider; ekip küçük, her şey kurucunun telefonunda.","Leader in a niche category; small team, and everything lives on the founder's phone."
COMPANY_BG_LOKA_STORE,"Sosyal medyadan doğdu; markası güçlü, altyapısı emekleme döneminde.",Born on social media; a strong brand on infrastructure that is still crawling.
COMPANY_BG_ADRIATICA_MARKET,Balkanlara satış yapan bölgesel platform; gümrük ve iade derdi bitmez.,A regional platform selling into the Balkans; customs and returns never stop.
COMPANY_BG_KANAL_MEDYA,"Yerel televizyondan dijitale döndü; arşivi altın, sistemi hurda.","Turned from local television to digital; the archive is gold, the system is scrap."
COMPANY_BG_PUNTO_YAYIN,"Dergi grubundan kalan çekirdek; az kadro, çok başlık.","What is left of a magazine group; few staff, many titles."
COMPANY_BG_EKRAN_PRODUKSIYON,"Dizi seti kökenli; proje bazlı yaşar, düzenli gider sevmez.",Came up on drama sets; lives project to project and hates fixed costs.
COMPANY_BG_ANADOLU_DIGITAL,"Ajans ile içerik stüdyosu karışımı; müşteri raporu gecede biter, kendi raporu hiç.","Half agency, half content studio; a client report gets done overnight, its own report never does."
COMPANY_BG_NORDLICHT_STUDIO,Alman yapım ortağıyla belgesel çeker; bütçe disiplini sıkı.,Shoots documentaries with a German production partner; tight budget discipline.
COMPANY_BG_KULE_FINANS,"Faktoring ağırlıklı; risk iştahı düşük, evrak iştahı yüksek.","Mostly factoring; low appetite for risk, high appetite for paperwork."
COMPANY_BG_ARGOS_YATIRIM,Halka arz danışmanlığına soyundu; itibar hassasiyeti aşırı.,Has taken up IPO advisory; extremely sensitive about reputation.
COMPANY_BG_PUSULA_PORTFOY,"Varlıklı aile fonlarını yönetir; sessiz, sadık, yavaş.","Manages wealthy family funds; quiet, loyal, slow."
COMPANY_BG_HELVETIA_DATA_AG,"İsviçre merkezli finansal veri sağlayıcı; bölge ofisi üç kişi, beklentisi otuz kişilik.",A Swiss-based financial data provider; the regional office is three people with the expectations of thirty.
COMPANY_BG_LIRA_KAPITAL,KOBİ finansmanına odaklı; regülasyon her ay kapıyı çalar.,Focused on SME finance; regulation knocks on the door every month.
NEWS_S_SEED_TEMKIN,Tohum yatırımcıları bu çeyrek temkinli; kapılar kapanmıyor ama yavaş açılıyor.,"Seed investors are cautious this quarter; the doors are not shut, but they open slowly."
NEWS_S_SEED_ISTAH,Erken aşama iştahı canlı; melek ağları yeni dosya kabul ediyor.,Early-stage appetite is alive; angel networks are taking new files.
NEWS_S_DEMO_SEZON,Demo günü sezonu açıldı; yatırımcı takvimleri şimdiden dolu.,Demo day season has opened; investor calendars are already full.
NEWS_S_KURUCU_YORGUN,Kurucu tükenmişliği panellerde konuşuluyor; çözüm öneren yok.,Founder burnout is on every panel; nobody is offering a fix.
NEWS_S_MAAS_DALGA,Yazılımcı maaşları yine gündemde; küçük ekipler işe alımda zorlanıyor.,Engineer salaries are back in the conversation; small teams are struggling to hire.
NEWS_S_OFIS_TARTI,Uzaktan çalışma tartışması bitmedi; ofise dönüş çağrıları sertleşti.,The remote work argument is not over; the calls to return to the office have hardened.
NEWS_S_BULUT_FATURA,Bulut faturaları masada; altyapı maliyeti yeniden pazarlık konusu.,Cloud bills are on the table; infrastructure cost is up for negotiation again.
NEWS_S_HUKUK_SIRKET,Şirket kuruluş işlemleri kolaylaştı; girişim sayısı rekor kırıyor.,Incorporating has got easier; the number of new startups is breaking records.
NEWS_S_YURTDISI_FON,Yabancı fonlar bölgeye bakıyor; köprü ofisler art arda açılıyor.,Foreign funds are looking at the region; bridge offices are opening one after another.
NEWS_S_BANKA_KREDI,Bankalar girişim kredisinde hâlâ ürkek; teminat şartları ağır.,Banks are still skittish on startup lending; collateral terms are heavy.
NEWS_S_KULUCKA,Kuluçka merkezleri kontenjan artırdı; başvuru yığılması var.,Incubators have raised their intake; applications are piling up.
NEWS_S_HACKATHON,Hafta sonu maratonlarından çıkan ekipler yatırımcı radarında.,Teams coming out of weekend marathons are on investors' radar.
NEWS_S_AI_FURYA,Yapay zeka furyası sürüyor; her sunumda aynı iki kelime.,The AI rush continues; every deck has the same two words in it.
NEWS_S_AI_MALIYET,Model maliyetleri düşüyor; küçük ekipler için kapı aralanıyor.,Model costs are falling; the door is opening for small teams.
NEWS_S_AI_VERI,"Eğitim verisi tartışması büyüyor; kim neyi kimden almış, belli değil.",The training-data argument is growing; who took what from whom is anyone's guess.
NEWS_S_AI_YETENEK,Model ekipleri arasında transfer savaşı; maaşlar kulaktan kulağa.,A transfer war among model teams; the salaries travel by word of mouth.
NEWS_S_AI_DEMO_HAYAL,"Gösterişli demo, zayıf ürün: alıcılar arayı fark etmeye başladı.","Flashy demo, weak product: buyers are starting to notice the gap."
NEWS_S_AI_DONANIM,İşlemci kıtlığı gevşiyor; kapasite kiralamak yeniden makul.,The chip shortage is easing; renting capacity is reasonable again.
NEWS_S_SAAS_KOBI,KOBİ'lerin dijitalleşme harcaması artıyor; satıcılar sıraya girdi.,SME spending on digitisation is rising; the vendors have formed a queue.
NEWS_S_SAAS_YORGUN,Kurumsal yazılımda abonelik yorgunluğu; alıcılar sadeleşme istiyor.,Subscription fatigue in enterprise software; buyers want fewer tools.
NEWS_S_SAAS_EXCEL,Orta ölçekli şirketlerin yarısı hâlâ tabloyla yönetiliyor; pazar bakir.,Half of mid-sized companies are still run on a spreadsheet; the market is untouched.
NEWS_S_SAAS_ENTEGRE,Sistemler birbiriyle konuşmuyor; entegrasyon vaadi satış kapatıyor.,Systems do not talk to each other; the promise of integration is closing deals.
NEWS_S_SAAS_IHALE,Kamu dijital ihaleleri yerli yazılımcıya açılıyor; şartname ağır.,Public digital tenders are opening to domestic software; the specification is heavy.
NEWS_S_SAAS_GUVENLIK,"Kurumsal alıcının ilk sorusu artık fiyat değil, güvenlik belgesi.","The corporate buyer's first question is no longer price, it is the security certificate."
NEWS_S_VAL_CARPAN,Değerleme sohbetleri ısındı; çarpanlar yine masada.,Valuation talk has warmed up; multiples are back on the table.
NEWS_S_KOPRU_TUR,Köprü turları çoğaldı; uzatma turu yeni normal sayılıyor.,Bridge rounds are multiplying; an extension round now counts as normal.
NEWS_S_TUTUNDURMA,Yatırımcılar büyüme yerine tutundurma soruyor; sunum şablonları değişti.,Investors are asking about retention instead of growth; the deck templates have changed.
NEWS_S_MRR_ESIK,Aylık gelir eşiği yatırım sohbetlerinin ilk sorusu oldu.,Monthly revenue has become the first question in any investment conversation.
NEWS_S_KONSOLIDE,Pazarda birleşme fısıltıları; küçük oyuncular masaya oturuyor.,Merger whispers in the market; the smaller players are sitting down at the table.
NEWS_S_KURUMSAL_ALICI,Kurumsal satın alma ekipleri yavaşladı; satış döngüleri uzuyor.,Corporate procurement teams have slowed; sales cycles are getting longer.
NEWS_S_PILOT_TUZAK,Bitmeyen pilot projeler tartışılıyor; bedava deneme kültürü sorgulanıyor.,Endless pilot projects are under discussion; the free-trial culture is being questioned.
NEWS_S_ILK_YUZ,İlk yüz müşteri nasıl bulunur panelleri gişe rekoru kırıyor.,"""How to find your first hundred customers"" panels are selling out."
NEWS_S_CHURN_PANEL,"Churn panelde: kurumsal müşteri kolay gelmiyor, kolay da gitmiyor.",Churn on the panel: an enterprise customer does not come easily and does not leave easily.
NEWS_S_AI_KANIT,"Yapay zekada vitrin bitti, kanıt dönemi başladı; alıcılar sonuç istiyor.",In AI the showroom is over and the proof period has begun; buyers want results.
NEWS_S_AI_FIYAT,Yapay zeka ürünlerinde fiyatlama karmaşası; kimse ne sattığını bilmiyor.,Pricing confusion in AI products; nobody knows what they are selling.
NEWS_S_SAAS_YENILEME,Yıllık sözleşme yenilemeleri sertleşti; satın alma pazarlığı üç tur sürüyor.,Annual renewals have hardened; procurement now takes three rounds.
NEWS_S_VERI_YEREL,Veri yerelliği taslağı yeniden gündemde; tedarikçi sözleşmeleri elden geçiyor.,The data-residency draft is back on the agenda; supplier contracts are being reworked.
NEWS_S_SERIESA_CITA,"Series A çıtası yükseldi; masaya gelen dosya azaldı, kalitesi arttı.","The Series A bar has risen; fewer files reach the table, and better ones."
NEWS_S_GEC_ASAMA,Geç aşama fonlar iştahlı; erken aşamada seçicilik sürüyor.,Late-stage funds are hungry; early stage stays selective.
NEWS_S_KUR_DALGA,Kur dalgası bütçe planlarını bozdu; sözleşmeler yeniden fiyatlanıyor.,A currency swing has wrecked budget plans; contracts are being repriced.
NEWS_S_DENETIM,Yatırım alan şirketlerde bağımsız denetim şartı yaygınlaşıyor.,Independent audit is becoming standard at funded companies.
NEWS_S_HALKA_ARZ,Teknoloji halka arzları için pencere aralanıyor; bankalar dosya topluyor.,A window is opening for tech listings; the banks are gathering files.
NEWS_S_AI_REGUL,Yapay zeka yönetmeliği taslağı sızdı; uyum maliyeti şimdiden konuşuluyor.,A draft AI regulation has leaked; the cost of compliance is already being discussed.
NEWS_S_AI_TELIF,Üretilen içerikte telif davaları emsal arıyor; hukukçular bölünmüş durumda.,Copyright suits over generated content are looking for a precedent; the lawyers are split.
NEWS_S_SAAS_VERGI,Yazılım ihracatında vergi istisnası tartışması yeniden alevlendi.,The tax exemption argument for software exports has flared up again.
NEWS_S_SAAS_KONSOL,Kurumsal yazılımda satın alma dalgası; büyükler küçükleri topluyor.,An acquisition wave in enterprise software; the big ones are collecting the small ones.
NEWS_S_YETENEK_GOC,Kıdemli mühendis göçü tersine döndü; dönüş paketleri konuşuluyor.,The senior-engineer exodus has reversed; return packages are being talked about.
NEWS_S_VC_RAPOR,"VC'lerin çeyrek raporları çıktı; portföy şişkin, çıkış az.","The VCs' quarterly reports are out; portfolios are bloated, exits are few."
NEWS_RIVAL_UP_0,{name} pazar payını {share} bandına taşıdı; sessiz ama istikrarlı büyüyor.,"{name} has moved its market share into the {share} band; quiet, but growing steadily."
NEWS_RIVAL_UP_1,{name} yeni sürümünü duyurdu; payı {share} seviyesine oturdu.,{name} announced a new version; its share has settled at {share}.
NEWS_RIVAL_UP_2,{name} bu hafta iki kurumsal anlaşma kapattı; pay {share} oldu.,{name} closed two enterprise deals this week; share is now {share}.
NEWS_RIVAL_UP_3,{name} fiyat kampanyasıyla alan kazanıyor; pazar payı {share}.,{name} is gaining ground with a price campaign; market share {share}.
NEWS_RIVAL_DOWN_0,{name} bu hafta pay kaybetti; koridorlarda indirim söylentisi dolaşıyor.,{name} lost share this week; there is a discount rumour going round the corridors.
NEWS_RIVAL_DOWN_1,{name} müşterilerinin yenileme pazarlığı sertleşti; payı {share} seviyesine geriledi.,{name}'s customers have hardened in renewal talks; its share has slipped to {share}.
NEWS_RIVAL_DOWN_2,{name} kilit bir hesabını kaybetti; pazar payı {share} bandına indi.,{name} lost a key account; its market share has dropped into the {share} band.
TOPBAR_BRAND,Project Unicorn,Project Unicorn
TOPBAR_DATE_COMPACT,H{week} · {mon},W{week} · {mon}
TOPBAR_SHUTTER,Kepenk,Shutter
TOPBAR_SHUTTER_WEEKS,{n} hafta,{n} weeks
TOPBAR_SHUTTER_WEEKS_ONE,{n} hafta,{n} week
TOPBAR_NEXT,Sıradaki,Up next
TOPBAR_NEXT_OFFER,Teklif · {n} hafta kaldı,Offer · {n} weeks left
TOPBAR_NEXT_OFFER_LAST,Teklif · bu hafta son,Offer · final week
TOPBAR_NEXT_SPRINT_FINAL,Sprint kararı · bu hafta son,Sprint decision · final week
TOPBAR_NEXT_MEETING,{time} · {company},{time} · {company}
TOPBAR_NOW,Şimdi,Now
TOPBAR_IN_MEETING,Görüşmede,In a meeting
TOPBAR_TRIP_HOME,Ofise dönüş,Back to the office
TOPBAR_NEXT_WORKDAY_END,Mesai bitimi · {n} saat,Workday ends · {n} h
MONTH_TITLE,{month} {year},{month} {year}
SUMMARY_TITLE_WEEK,Hafta {week} · {year},Week {week} · {year}
SUMMARY_TITLE_QUARTER,{quarter}. Çeyrek {year},Q{quarter} {year}
SUMMARY_TITLE_YEAR,{year} Yılı,Year {year}
SUMMARY_RANGE,Hafta {from}-{to},Weeks {from}-{to}
SUMMARY_RANGE_ONE,Hafta {from},Week {from}
MONTH_HIGHLIGHT_FALLBACK,Sakin bir ay. Sakin aylar ucuz değildir.,A quiet month. Quiet months are not cheap.
SUMMARY_HIGHLIGHT_FALLBACK_WEEK,Sakin bir hafta. Sakin haftalar ucuz değildir.,A quiet week. Quiet weeks are not cheap.
SUMMARY_HIGHLIGHT_FALLBACK_QUARTER,Sakin bir çeyrek. Sakin çeyrekler ucuz değildir.,A quiet quarter. Quiet quarters are not cheap.
SUMMARY_HIGHLIGHT_FALLBACK_YEAR,Sakin bir yıl. Sakin yıllar ucuz değildir.,A quiet year. Quiet years are not cheap.
MONTH_FRANK_SHUTTER,Kepenk sayacı işliyor; ay nasıl geçerse geçsin.,"The shutter counter is running, whatever kind of month that was."
MONTH_FRANK_BURNING_BUT_SELLING,Para yakıyorsun ama gelir büyüyor.,"You're burning money, but revenue is growing."
MONTH_FRANK_SHRINKING,Gelir düştü. Sebebini bul.,Revenue fell. Find out why.
MONTH_FRANK_GOOD,Dört rakam da yukarı. İyi bir ay.,All four numbers up. Good month.
MONTH_FRANK_ANOTHER,Bir ay daha geride.,Another month behind you.
MONTH_EVENT_OF_THE_MONTH,AYIN OLAYI,EVENT OF THE MONTH
SUMMARY_EVENT_WEEK,HAFTANIN OLAYI,EVENT OF THE WEEK
SUMMARY_EVENT_QUARTER,ÇEYREĞİN OLAYI,EVENT OF THE QUARTER
SUMMARY_EVENT_YEAR,YILIN OLAYI,EVENT OF THE YEAR
MONTH_AUTO_SUMMARY,Otomatik özet · her ay sonu,Automatic summary · at each month end
SUMMARY_AUTO_WEEK,Otomatik özet · her haftanın sonunda,Automatic summary · at the end of each week
SUMMARY_AUTO_QUARTER,Otomatik özet · her çeyrek sonu,Automatic summary · at each quarter end
SUMMARY_AUTO_YEAR,Otomatik özet · her yıl sonu,Automatic summary · at each year end
MONTH_CLOSED_TICKER,{month} kapandı · MRR {mrr} · takvim ayında nakit {delta},{month} closed · MRR {mrr} · cash over the calendar month {delta}
FIN_GOAL_PROGRESS,{met}/{total},{met}/{total}
MONTH_ROW_CASH,Kasa,Cash
MONTH_ROW_BRAND,Marka,Brand
EVENT_CHOICE_PERMANENT,Seçim kalıcıdır · Oyun duraklatıldı,The choice is permanent · Game paused
EVENT_MENTOR_ADVICE,MENTOR TAVSİYESİ,MENTOR'S ADVICE
EVENT_TAG_CUSTOMER,MÜŞTERİ,CUSTOMER
EVENT_TAG_TEAM,EKİP,TEAM
EVENT_TAG_MARKET,PİYASA,MARKET
EVENT_TAG_PRODUCT,ÜRÜN,PRODUCT
EVENT_TAG_MENTOR,MENTOR,MENTOR
EVENT_TAG_AGENDA,GÜNDEM,AGENDA
EFFECT_CASH,Nakit {v},Cash {v}
EFFECT_MRR,MRR {v},MRR {v}
EFFECT_BRAND,Marka {v},Brand {v}
EFFECT_REPUTATION,İtibar {v},Reputation {v}
EFFECT_TEAM,Ekip {v},Team {v}
EFFECT_CUSTOMER_MRR,Müşteri MRR {v},Customer MRR {v}
EFFECT_SATISFACTION,Memnuniyet {v},Satisfaction {v}
EFFECT_SEATS,Koltuk {v},Seats {v}
EFFECT_AUDIENCE,Kitle {v},Audience {v}
EFFECT_AXIS,{axis} {v},{axis} {v}
EFFECT_MORALE,Moral,Morale
EFFECT_QUALITY_BONUS,Kalite +{n},Quality +{n}
EFFECT_CHURN,Müşteri kaybı,A customer lost
EFFECT_TERM_TABLE,Term sheet masası açılır,The term sheet table opens
EFFECT_NEW_PROSPECT,Yeni aday,A new prospect
EFFECT_CONVERT_AUDIENCE,Kitleden dönüşüm {pct},{pct} of the audience converts
EFFECT_PAID_TIER,Ücretli katman açılır,The paid tier opens
EFFECT_NEW_TEAMMATE,Yeni ekip üyesi,A new teammate
EFFECT_DEPARTURE,{who} ayrılıyor,{who} is leaving
EFFECT_AN_EMPLOYEE,Çalışan,An employee
EFFECT_PROMISE_CREATE,Müşteri kalır · söz borcu,The customer stays · a promise owed
EFFECT_RETAIN_DELAY,Kısa vadeli hamle,A short-term move
EFFECT_RETAIN_DISCOUNT,Müşteri kalır · MRR {v},The customer stays · MRR {v}
EFFECT_RETAIN_IGNORE,müdahale yok · sayaç işlemeye devam eder,no intervention · the counter keeps running
EFFECT_PROMISE_HONOR,Müşteri kalır · söz borcu doğar · yol haritasına eklenir,The customer stays · a promise is owed · it goes on the roadmap
EFFECT_PROMISE_REFUSE,Müşteriyi kaybet,Lose the customer
EFFECT_EXPAND,Koltuk +{seats} · MRR {mrr},Seats +{seats} · MRR {mrr}
EFFECT_NO_CHANGE,Değişiklik yok,No change
EFFECT_TO_FRANK,Frank'e,To Frank
EFFECT_EQUITY,%{equity} hisse,{equity}% equity
UI_CONFIRM_TITLE,Emin misin?,Are you sure?
UI_CONFIRM,Onayla,Confirm
MENTOR_NAME,Frank Köseoğlu,Frank Köseoğlu
MENTOR_INTRO_CTA,Hadi başlayalım,Let's get started
MENTOR_INTRO_TITLE,İlk sabah,The first morning
MENTOR_INTRO_BODY,"İstifadan sonraki ilk sabah. Alarm çalıyor.

Tavanda geçen sene kendi boyadığın yerin izi duruyor, sağ üst köşede. Gözün oraya takılıyken telefon çalıyor. Numara kayıtlı değil.

""Ben Frank.""

Eski şirkette danışmandı. Altı ay boyunca aynı odada oturdunuz. O senin nasıl çalıştığını biliyor, sen de onun.

""İstifa ettin mi, yoksa hâlâ düşünüyor musun?""

Dün istifa ettiğini ve kendi girişimini kurmanın vaktinin geldiğini söylüyorsun.

""Anladım. Peki elinde ne var şu an, fikir mi yoksa çalışan bir şey mi?""

Fikir olduğunu söylüyorsun.

""O zaman ilk sürümü yazacak kimse yok. Sen yazacaksın, muhtemelen kötü olacak ama normal olan bu zaten.""

Kapatıyor. Saat onu beş geçiyor, günün başka planı yok.","First morning after you quit. The alarm goes off.

Up in the corner of the ceiling there's a patch from where you painted it yourself last year. You're still looking at it when the phone rings. Number you don't recognise.

""It's Frank.""

He consulted at your old company. Six months in the same room. He knows how you work and you know how he works.

""Did you quit, or are you still thinking about it?""

You tell him you quit yesterday, and that it was time to build something of your own.

""Right. So what have you actually got, an idea or something that works?""

You tell him it's an idea.

""Then there's nobody to write the first version. You'll write it, and it'll probably be bad.""

He hangs up. Five past ten. Nothing else on today."
TOPBAR_UNIT_PER_MONTH,/ay,/mo
MEETING_WITHDRAW,Toplantıdan çekil,Withdraw from the meeting
TOPBAR_PAUSE,II,II
TOPBAR_PAUSED,DURDU · Boşluk ile sürdür,PAUSED · Space to resume
NUM_0,sıfır,zero
NUM_1,bir,one
NUM_2,iki,two
NUM_3,üç,three
NUM_4,dört,four
NUM_5,beş,five
NUM_6,altı,six
NUM_7,yedi,seven
NUM_8,sekiz,eight
NUM_9,dokuz,nine
NUM_10,on,ten
NUM_11,on bir,eleven
NUM_12,on iki,twelve
WORLD_OUTLET_EKONOMI_CAPS,EKONOMİ POSTASI,EKONOMİ POSTASI
END_LEDGER_TITLE,RAKAMLARLA {company},{company} BY THE NUMBERS
END_DATE_LINE,{date} · SAYI {issue},{date} · NO. {issue}
END_MILLIONS,{n} milyon dolar,{n} million dollars
END_SPAN_NEAR_YEAR,bir yıla yakın sürede,in close to a year
END_SPAN_UNDER_MONTH,bir aydan kısa sürede,in under a month
END_SPAN_UNDER_N_MONTHS,{n} aydan kısa sürede,in under {n} months
END_FOUNDING_SELF_MADE,Kurucunun kendi birikimiyle kurduğu şirket,The company the founder started on their own savings
END_FOUNDING_HEIR,Aile sermayesiyle kurulan şirket,The company founded on family capital
END_FOUNDING_CORP,Kurumsal bir geçmişin ardından kurulan şirket,The company founded after a corporate career
END_FOUNDING_MONTH,{month} ayında kurulan şirket,The company founded in {month}
END_STAT_INVESTMENT,YATIRIM,INVESTMENT
END_STAT_VALUATION,DEĞERLEME,VALUATION
END_STAT_EMPLOYEES,ÇALIŞAN,EMPLOYEES
END_STAT_FOUNDER_SHARE,KURUCU HİSSESİ,FOUNDER'S SHARE
END_STAT_MONTHS_ALIVE,AYAKTA KALDIĞI AY,MONTHS ALIVE
END_STAT_CUSTOMERS,MÜŞTERİ,CUSTOMERS
END_STAT_MRR,MRR,MRR
END_STAT_LAST_MRR,SON MRR,FINAL MRR
END_STAT_BRAND,MARKA,BRAND
END_STAT_CUSTOMERS_LOST,KAYBEDİLEN MÜŞTERİ,CUSTOMERS LOST
END_STAT_REJECTIONS,RET,REJECTIONS
END_STAT_PITCHES,PİTCH,PITCHES
END_SA_HEAD_FF,{company} Series A Turunu Kapattı,{company} Closes Its Series A
END_SA_SUB_FF,"""Temiz bir tur; kurucu masaya sağlam oturmuş."" değerlendirmesi yatırım çevrelerinde dolaşıyor.","""A clean round; the founder sat down at that table from a position of strength."" The assessment is going round the investment community."
END_SA_CAP_FF,İmza töreninden bir an.,A moment from the signing.
END_SA_HEAD_AGG,"{company} Series A'yı Kapattı, Kontrol El Değiştirdi","{company} Closes Its Series A, and Control Changes Hands"
END_SA_SUB_AGG,"""Para geldi, ama koltukların çoğu artık yatırımcının."" yorumu bir fon yöneticisinin ağzından duyuldu.","""The money came in, but most of the seats belong to the investor now."" The remark was heard from a fund manager."
END_SA_CAP_AGG,Toplantı masasında yeni dengeler.,New balances of power at the meeting table.
END_SA_TERMS,{valuation} değerleme üzerinden {investment} yatırım alındı; karşılığında yüzde {equity} hisse verildi.,{investment} was raised at a valuation of {valuation}; {equity} per cent of the company went the other way.
END_SA_BOARD,Yönetim kurulunda yatırımcıya {seats} koltuk tanındı.,The investor was granted {seats} seats on the board.
END_SA_VETO, Kritik kararlarda veto hakkı da verildi., A veto over critical decisions came with them.
END_SA_OPENED,"{founding}, {span} Series A kapısını araladı.",{founding} pushed the Series A door open {span}.
END_SA_CUSTOMERS,Yolda {n} kurumsal müşteri kazanıldı.,{n} enterprise customers were won along the way.
END_SA_TEAM,Ekip {n} kişilik bir kadroya ulaştı.,The team grew to a headcount of {n}.
END_SA_MANY_TABLES,Birden fazla masaya oturuldu; imza sonunda geldi.,More than one table was sat at; the signature came in the end.
END_SA_CLOSER_1,"Sektör, turun ardında güçlü bir ürün hikâyesi görüyor.",The trade sees a strong product story behind the round.
END_SA_CLOSER_2,"Yatırımın bu aşamada gelmesi, pazarın ilgisini koruduğunun işareti sayılıyor.",Investment arriving at this stage is being read as a sign the market is still paying attention.
END_ACQ_HEAD,"{company} El Değiştirdi: Ekip Kaldı, Bayrak İndi","{company} Changes Hands: The Team Stays, the Flag Comes Down"
END_ACQ_SUB,"""Ne tam bir zafer ne de bir yenilgi; temkinli bir çıkış olarak okunuyor."" değerlendirmesi sektörde konuşuluyor.","""Neither a victory nor a defeat; it reads as a cautious exit."" The assessment is going round the trade."
END_ACQ_CAP,Devir sonrası boşalan bir çalışma masası.,A desk emptied after the handover.
END_ACQ_NEW_ROOF,"{founding}, {span} yeni bir çatının altına girdi.",{founding} moved under a new roof {span}.
END_ACQ_BOOK,Devralınan defterde {n} müşteri ilişkisi bulunuyordu.,The book that changed hands held {n} customer relationships.
END_ACQ_CORE,Ekibin {n} kişilik çekirdeği alıcı şirkete geçti.,A core of {n} moved across to the buyer.
END_ACQ_SHIPS,"Ürün, kapanışa kadar {n} kez yeni sürümle güncellenmişti.",The product had shipped {n} new versions by the time it closed.
END_ACQ_DOORS,"Bağımsız bir tur için birkaç kapı çalınmış, sonunda satış yolu seçilmişti.",A few doors had been knocked on for an independent round; the sale was chosen in the end.
END_ACQ_CLOSER_1,"Bu ölçekteki satışlar, sessiz ama sık rastlanan çıkışlar olarak görülüyor.",Sales at this scale are seen as quiet but common exits.
END_ACQ_CLOSER_2,"Alıcı tarafın ekibe olan ilgisi, ürünün değerini teyit ediyor.",The buyer's interest in the team confirms the product's worth.
END_BK2_HEAD,{company} İçin Umut Veren Çıkış Yarıda Kaldı,A Promising Run Cut Short for {company}
END_BK2_SUB,"""İvmesi vardı; ama nakit yetişmedi."" değerlendirmesi sektörde konuşuluyor.","""It had momentum; the cash did not keep up."" The assessment is going round the trade."
END_BK2_CAP,Yarım kalmış bir ürün panosu.,A product board left half finished.
END_BK3_HEAD,Series A Kapısındaki {company} Kepenk İndirdi,{company} Pulls Down the Shutters at the Series A Door
END_BK3_SUB,"""Kapıya kadar geldi, eşiği geçemedi. Bu piyasa affetmiyor."" yorumu yatırım çevrelerinde dolaşıyor.","""It got to the door and could not cross the threshold. This market does not forgive."" The remark is going round the investment community."
END_BK3_CAP,Kapatılmış bir ofisin önünden geçenler.,Passers-by outside a shuttered office.
END_BK_SHUTTERED,"{founding}, {span} kepenk indirdi.",{founding} pulled down the shutters {span}.
END_BK_LEFT_BEHIND,Geride {n} müşteri ilişkisi kaldı.,{n} customer relationships were left behind.
END_BK_LOST,Son aylarda {n} müşteri ilişkisi koptu.,{n} customer relationships broke off in the final months.
END_BK_TEAM_SCATTERED,İşe alınan kadro dağıldı.,The team that was hired scattered.
END_BK_SHIPS,Ürün {n} sürüme ulaşmıştı.,The product had reached {n} versions.
END_BK_NO_SIGNATURE,"Yatırım için masalara oturuldu, ama imza gelmedi.","Tables were sat at for investment, but no signature came."
END_BK_CLOSER_1,Nakit tükenmesinin çoğu kapanışın görünürdeki tek sebebi olduğu belirtiliyor.,Running out of cash is noted as the only visible cause of most closures.
END_BK_CLOSER_2,"Benzer hikâyelerin çoğunda sorunun ürün değil, zamanlama olduğu konuşuluyor.","In most stories like it, the problem is said to have been timing rather than product."
END_BK1_NOTICE,Kısa Kısa: {company} sessizce kapandı. Kurucusu yeni bir şey üzerinde çalıştığını söylüyor.,In Brief: {company} has quietly closed. Its founder says they are working on something new.
END_GENERIC_HEAD_0,Rakip Girişim Yeni Yatırım Turunu Kapattı,Rival Startup Closes a New Funding Round
END_GENERIC_SUB_0,"""Bu çeyrek yatırım iştahının canlı kaldığı görülüyor."" değerlendirmesi sektörde konuşuluyor.","""Appetite for investment appears to have held up this quarter."" The assessment is going round the trade."
END_GENERIC_HEAD_1,Yatırımcılar Erken Aşamaya Bu Yıl Daha Temkinli,Investors More Cautious About Early Stage This Year
END_GENERIC_SUB_1,Fonların ilk turlarda giderek daha seçici davrandığı belirtiliyor.,Funds are reported to be growing steadily more selective about first rounds.
END_GENERIC_HEAD_2,Pazar Raporu: Erken Aşamada Sağ Kalım Düşük,Market Report: Early-Stage Survival Is Low
END_GENERIC_SUB_2,"Analistler, ilk yılını çıkaramayan şirket oranının yükseldiğini söylüyor.",Analysts say the share of companies that do not see out their first year is rising.
END_BC_HEAD,İtibar Krizi {company} Şirketini Devirdi,A Reputation Crisis Brings Down {company}
END_BC_SUB,"""Skandalı şirket değil, skandal şirketi yönetti."" değerlendirmesi sektörde ortak kanaate dönüştü.","""The company did not manage the scandal; the scandal managed the company."" The assessment has become the common view in the trade."
END_BC_CAP,Kapanan bir ofisin karartılmış tabelası.,The darkened sign of a closed office.
END_BC_TRUST_LOST,"{founding}, {span} güven kaybının altında kaldı.",{founding} was buried under a loss of trust {span}.
END_BC_ONE_BY_ONE,Kriz büyürken {n} müşteri ilişkisi teker teker koptu.,"As the crisis grew, {n} customer relationships broke off one by one."
END_BC_BELOW_THRESHOLD,"Marka değeri, toparlanamayacağı bir eşiğin altına indi.",Brand value fell below a threshold it could not recover from.
END_BC_TEAM_SCATTERED,"Kurulan kadro, kapanışın gölgesinde dağıldı.",The team that had been built scattered in the shadow of the closure.
END_BC_CLOSER_1,"Sektör, itibar krizlerinin çoğu zaman rakamlardan önce güveni tükettiğini hatırlatıyor.",The trade points out that reputation crises usually exhaust trust before they touch the numbers.
END_BC_CLOSER_2,"Benzer vakalarda toparlanmanın aylar sürdüğü, çoğu şirketin bunu bekleyemediği belirtiliyor.","In comparable cases recovery is reported to take months, and most companies cannot wait that long."
END_VC_HEAD,{company} Yatırımcı Kapılarını Kapalı Buldu,{company} Finds the Investors' Doors Closed
END_VC_SUB,"""Para bulamamak öldürmez; vazgeçilmiş görünmek öldürür."" sözü yatırım çevrelerinde dolaşıyor.","""Failing to raise does not kill you; looking like you have been given up on does."" The line is going round the investment community."
END_VC_CAP,Boş bir toplantı masası ve kapanmış klasörler.,An empty meeting table and closed folders.
END_VC_INCOMPLETE,"{founding}, {span} Series A turunu tamamlayamadı.",{founding} could not complete its Series A {span}.
END_VC_NO_SIGNATURE,"Farklı masalarda görüşmeler yapıldı, ancak imza gelmedi.","Talks were held at several tables, but no signature came."
END_VC_OFFER_CAME,"Bir ara masaya teklif geldi, fakat sonuca bağlanamadı.","An offer did reach the table at one point, but it was never closed."
END_VC_CUSTOMERS,Ürünün {n} kurumsal müşterisi vardı; bu bile turu açmaya yetmedi.,The product had {n} enterprise customers; even that was not enough to open the round.
END_VC_NO_MOMENTUM,"İşleyen bir gelir vardı, ama yatırımcıyı ikna edecek ivme yakalanamadı.","There was working revenue, but never the momentum to convince an investor."
END_VC_CLOSER_1,Art arda gelen retlerin çoğu zaman şirketin kaderinden çok zamanlamayla ilgili olduğu konuşuluyor.,Rejections in a row are usually said to be about timing rather than a company's fate.
END_VC_CLOSER_2,Yatırım ikliminin daraldığı bir dönemde kapıların ağırlaştığı belirtiliyor.,"In a tightening investment climate, the doors are reported to swing heavier."
END_BS_HEAD,{company} Kimseye El Açmadan Ayakta,{company} Still Standing Without Asking Anyone
END_BS_SUB,"""Dışarıdan tek kuruş almadan büyüyen bir şirket bu piyasada nadir görülür."" değerlendirmesi sektörde konuşuluyor.","""A company that grows without taking a penny from outside is a rare thing in this market."" The assessment is going round the trade."
END_BS_CAP,Kendi imkânlarıyla kurulmuş bir çalışma odası.,A workroom put together out of its own means.
END_BS_OWN_FEET,"{founding}, {span} kendi ayakları üzerinde durmayı başardı.",{founding} managed to stand on its own feet {span}.
END_BS_BALANCED,Yol boyunca {n} müşteri kazanıldı ve defter dengede tutuldu.,{n} customers were won along the way and the book was kept in balance.
END_BS_PAYROLL,Kadro {n} kişiye çıktı; hepsi kendi gelirinden ödendi.,Headcount rose to {n}; every one of them paid out of its own revenue.
END_BS_SHIPS,Ürün {n} kez yenilendi.,The product was renewed {n} times.
END_BS_COVERS_COSTS,"Aylık gelir, gideri karşılayacak bir seviyeye taşındı.",Monthly revenue was carried to a level that covers the outgoings.
END_BS_CLOSER_1,Dışarıdan yatırım almadan büyümenin kontrolü kurucuda tuttuğu için giderek daha çok tercih edildiği belirtiliyor.,"Growing without outside investment is reported to be chosen more and more often, because it keeps control with the founder."
END_BS_CLOSER_2,"Sektör, bu tür şirketlerin krizlere daha dayanıklı olduğunu hatırlatıyor.",The trade points out that companies like this weather crises better.
END_RF_HEAD,{company} İçin Yatırımcı İlgisi Söndü,Investor Interest in {company} Has Gone Cold
END_RF_SUB_P1,"""İki yıl geçti, hâlâ ilk müşteriyi bekliyorlardı."" değerlendirmesi konuşuluyor.","""Two years on, they were still waiting for the first customer."" The assessment is going round."
END_RF_SUB_P2,"""Gelir vardı, ivme yoktu; yatırımcılar başka masaya geçti."" yorumu sektörde dolaşıyor.","""There was revenue and no momentum; the investors moved to another table."" The remark is going round the trade."
END_RF_SUB_P3,"""Series A masasına oturdu ama kimse kalemi uzatmadı."" değerlendirmesi yatırım çevrelerinde dolaşıyor.","""It sat at the Series A table, but nobody passed the pen."" The assessment is going round the investment community."
END_RF_CAP,"Işıkları yanan, telefonu susmuş bir ofis.",An office with the lights on and the phone gone quiet.
END_RF_UNFINISHED,"Geride {n} müşteri ilişkisi kaldı; hikâye kapanmadı, gündemden düştü.","{n} customer relationships remained; the story did not close, it dropped off the agenda."
END_RF_TEAM_STAYED,Kurulan kadro iş başındaydı; kimse bir kapanış duyurusu yapmadı.,The team was still at work; nobody announced a closure.
END_RF_REVENUE_SOME,Gelir vardı; ne bir turu ne de kendi kendine yeten bir defteri taşıyacak kadar.,There was revenue; not enough to carry a round or a self-sustaining book.
END_RF_REVENUE_NONE,Gelir hiç başlamadı; ilk ödeme hiç gelmedi.,Revenue never started; the first payment never came.
END_RF_SHIPS,"Ürün {n} sürüm görmüştü; gelişiyordu, ama artık kimse izlemiyordu.","The product had seen {n} versions; it was developing, but nobody was watching any more."
END_RF_CLOSER_1,"Sektör, yatırımcı ilgisinin bir pencere olduğunu ve pencerelerin sessizce kapandığını hatırlatıyor.","The trade points out that investor interest is a window, and windows close quietly."
END_RF_CLOSER_2,"Şirketin kapanmadığı, yalnızca gündemden düştüğü belirtiliyor.","The company, it is noted, did not close; it merely dropped off the agenda."
MONTH_HL_PHASE_ADVANCED,Yeni faza geçildi: {phase},Moved into a new phase: {phase}
INV_ROLE_SENIOR_PARTNER,Kıdemli Ortak,Senior Partner
INV_ROLE_MANAGING_PARTNER,Yönetici Ortak,Managing Partner
INV_ROLE_FOUNDING_PARTNER,Kurucu Ortak,Founding Partner
INV_ROLE_GROWTH_PARTNER,Büyüme Ortağı,Growth Partner
MEETING_ROLE_PARTNER,Ortak,Partner
MEETING_ROLE_ANALYST,Analist,Analyst
MEETING_ROLE_BUYER,Satın Alma Sorumlusu,Procurement Lead
MEETING_ROLE_USER,Ekip Yöneticisi,Team Manager
MEETING_ROLE_FINANCE,Finans Direktörü,Finance Director
MEETING_INVITE_KICKER,Gelen arama · {hour}:00,Incoming call · {hour}:00
MEETING_INVITE_VC,{fund} adına {person} bu hafta görüşmek istiyor.,{person} of {fund} wants to meet this week.
MEETING_INVITE_SALES,{company} adına {person} görüşmeye hazır.,{person} of {company} is ready to meet.
MEETING_ACCEPT,Kabul et,Accept
MEETING_POSTPONE,Ertele,Postpone
MEETING_POSTPONED,Ertelendi,Postponed
MEETING_POSTPONED_SALES,Telefon çalmaya devam ediyor.,The phone keeps ringing.
MEETING_POSTPONE_ONCE,Toplantı yalnız bir kez ertelenebilir. Fonun bir sonraki toplantısında ikna −{n}.,The meeting can be put off only once. Conviction −{n} at this fund's next meeting.
MEETING_POSTPONED_ONCE,Bu toplantı bir kez ertelendi; bir daha ertelenemez.,This meeting was put off once; it can't be put off again.
MEETING_POSTPONED_VC,Toplantı gelecek haftaya ertelendi. Bir daha ertelenemez.,The meeting moved to next week. It can't be put off again.
MEETING_BACK_ASK,Nasıl geçti?,How did it go?
MEETING_TOWER_CHIP,{place} · {person},{place} · {person}
TRIP_SKIP_HINT,Yolu geçmek için tıkla ya da Esc'ye bas.,Click or press Esc to skip the trip.
MEETING_KICKER_VC,Yatırımcı görüşmesi,Investor meeting
MEETING_KICKER_SEED,Seed görüşmesi,Seed meeting
MEETING_KICKER_SALES,Satış görüşmesi,Sales meeting
MEETING_ATTITUDE,Tutum,Attitude
MEETING_MEMORY,Hafıza,Memory
MEETING_AT_TABLE,Masada,At the table
MEETING_ATT_COLD,soğuk,cold
MEETING_ATT_WARY,temkinli,wary
MEETING_ATT_LUKEWARM,ılık,lukewarm
MEETING_ATT_WARM,sıcak,warm
MEETING_DICE,ZAR ATILACAK,DICE ROLL
MEETING_RISK_SAFE,güvenli,safe
MEETING_RISK_RISKY,riskli,risky
MEETING_RISK_DANGER,tehlikeli,dangerous
MEETING_RISK_PCT,{risk} · %{pct},{risk} · {pct}%
MEETING_CHIP_SKILL,BECERİ,SKILL
MEETING_CHIP_PREP,HAZIRLIK,PREP
MEETING_CHIP_ROOM,ODA,ROOM
MEETING_CHIP_MEMORY,HAFIZA,MEMORY
MEETING_MARK_FAVORED,SEVDİĞİ AÇI,THEIR ANGLE
MEETING_CONTINUE,Devam,Continue
MEETING_RES_EFFECT,Masaya etkisi,On the table
MEETING_RES_RELATION,İlişki,Relationship
MEETING_RES_MEMORY,Hafızaya yazılan,What they'll remember
MEETING_RES_RELATION_LINE,{name}: {from} → {to},{name}: {from} → {to}
MEETING_RES_OFFER,Teklif gelecek,An offer is coming
MEETING_RES_CALLBACK,Yeniden görüşülecek,They want to meet again
MEETING_RES_NO,Bu sefer değil,Not this time
MEETING_RES_SIGNED,Anlaşma imzalandı,Deal signed
MEETING_RES_LOST,Anlaşma olmadı,No deal
MEETING_RES_WITHDREW,Görüşmeden çekildin,You withdrew
MEETING_RES_INSULT,Masadan kalktılar,They left the table
MEETING_RES_VALID,{weeks} hafta geçerli,Valid for {weeks} weeks
MEETING_RES_COST,Marka −{brand} · moral −{morale},Brand −{brand} · morale −{morale}
MEETING_RES_LOCK,{weeks} hafta bu şirkete dönülemez,No going back to this company for {weeks} weeks
MEETING_RES_NO_TRACE,İz bırakmadı,No trace left
MEETING_RES_PRICE_OUT,Sabırları tükendi,Their patience ran out
MEETING_RES_INSULT_MEMORY,Teklifin hakaret sayıldı,Your offer was taken as an insult
MEETING_OFFER_ROW,Teklif · {price},Offer · {price}
MEETING_ROLE_LINE,{role} · {company},{role} · {company}
MEETING_RES_PAIR,{first} · {second},{first} · {second}
MEETING_RES_COST_BRAND,Marka −{brand},Brand −{brand}
INV_ARCH_ANCHOR,Agresif ama cömert. Kontrolü sever.,Aggressive but generous. Likes control.
INV_ARCH_NEXUS,"Temkinli. Kurucuyu sever, riski sevmez.","Cautious. Likes the founder, dislikes the risk."
INV_ARCH_BOSPHORUS,İlişki adamı. Kapıyı Frank açar.,A relationship man. Frank opens the door.
INV_ARCH_MERIDIAN,Sektörü senden iyi bilir. Sabrı yoktur.,Knows the sector better than you do. Has no patience.
INV_CHIP_METRICS,METRİK,METRICS
INV_CHIP_TEAM,EKİP,TEAM
INV_CHIP_NARRATIVE,ANLATI,NARRATIVE
INV_CHIP_PRODUCT,ÜRÜN,PRODUCT
END_META_SERIES_A_CLOSE_TITLE,Series A Kapandı,Series A Closed
END_META_SERIES_A_CLOSE_FRANK,İmzaladın. Şimdi asıl iş başlıyor — ama o başka bir oyunun konusu.,You signed. Now the real work starts — but that is another game's subject.
END_META_ACQUISITION_TITLE,Şirket Satıldı,The Company Was Sold
END_META_ACQUISITION_FRANK,Sattın. Kazanmak değil; kaybetmek de değil. Çoğu kurucu bunu bile göremez.,You sold. Not winning; not losing either. Most founders never even get this far.
END_META_BANKRUPTCY_TITLE,Kepenk İndi,The Shutters Came Down
END_META_BANKRUPTCY_FRANK,{days} gün kırmızıda kaldın. Rakamlar kaba değildir — sadece sabırlıdır.,You stayed in the red for {days} days. Numbers are not cruel — only patient.
END_META_BRAND_COLLAPSE_TITLE,Marka Çöktü,The Brand Collapsed
END_META_BRAND_COLLAPSE_FRANK,Skandalı sen yönetmedin; o seni yönetti.,You did not manage the scandal; it managed you.
END_META_VC_REJECTION_CASCADE_TITLE,"Üç Masa, Üç Ret","Three Tables, Three Rejections"
END_META_VC_REJECTION_CASCADE_FRANK,Para bulamamak öldürmez. Vazgeçilmiş görünmek öldürür.,Failing to raise does not kill you. Looking like you have been given up on does.
END_META_PROFITABLE_BOOTSTRAP_TITLE,Kendi Paranla,On Your Own Money
END_META_PROFITABLE_BOOTSTRAP_FRANK,Onlara ihtiyacın yokmuş. Gerçek bir şey kurdun.,It turns out you did not need them. You built something real.
END_META_RUNNING_ON_FUMES_TITLE,İlgi Söndü,Interest Faded
END_META_RUNNING_ON_FUMES_FRANK,"Takvim bitti. Kapı açıktı, kimse girmedi. Kaybetmedin. Sadece kazanmadın.",The calendar ran out before you did. The door was open; nobody walked through it. Nobody took it from you. You just didn't win.
END_HL_SHUTTER_STARTED,Kepenk sayacı başladı — kasa ekside,The shutter clock has started — the account is in the red
END_EV_SHUTTER_TITLE,Hesap kırmızıda,In the red
END_EV_GO_FINANCE,Finans'a git,Go to Finance
END_EV_SHUTTER_BODY,"Tırnaklarını kemirmenin sebebi belli: şirketin banka hesabı ekside.

Arayan Frank: ""Bilanço kötü görünüyor. Devam etmek istiyorsak ya yeni müşteri bul ya da bir şeyleri kesmeyi düşünelim.""","You know exactly why you've been chewing your nails: the company account is in the red.

Frank calls. ""The books look bad. If we want to keep going, either bring in new customers or we start cutting."""
END_EV_PIVOT_TITLE,Üçüncü kapı da kapandı,The Third Door Closed Too
END_EV_PIVOT_BODY,"Üçüncü ret maili kısa. Hepsi kısadır.

Frank uzun bir süre bir şey demiyor. Sonra:

""Belki bu yıl değil. Belki bu şirket değil. Ama sen bitmedin.""

VC yolu kapanıyor. Kendi paranla, kendi müşterinle, hâlâ gerçek bir şirket kurabilirsin. Ölçü artık takvim değil, defter: {months} ay üst üste artıda kal.","The third rejection email is short. They all are.

Frank says nothing for a long while. Then:

""Maybe not this year. Maybe not this company. But you are not finished.""

The VC road is closing. Your own money, your own customers, and you can still build a real company. The measure is no longer the calendar but the books: stay in the black {months} months in a row."
END_EV_PIVOT_ACCEPT,Pivot — devam ediyoruz,Pivot — we keep going
END_EV_PIVOT_DECLINE,Hayır. Bitti.,No. It is over.
END_EV_ACQ_TITLE,Devralma teklifi,Acquisition offer
END_EV_ACQ_BODY,"Series A turu kapandı, ortada anlaşma yok.

{investor} arıyor.

""Şirketi almak isteyen biri var. {valuation} değerleme ile sana düşen miktar bu: {offer}. Karar senin, ben sadece masaya koyuyorum.""

Sonra Frank'ten kısa bir mesaj.

""Hangi kararı verirsen ver arkandayım.""","The Series A round is closed and there's no deal in it.

{investor} calls.

""There's someone who wants to buy the company. At a {valuation} valuation, your share comes to {offer}. It's your call. I'm just bringing it to you.""

Then a short message from Frank.

""Whichever way you go, I'm behind you."""
END_EV_ACQ_ACCEPT,Sat,Sell
END_EV_ACQ_DECLINE,Kendi paramla devam,Carry on with my own money
DEAL_PROMPT_LINE,"Yatırımcıdan e-posta geldi. Teklif ekte.

Frank: ""Üç gün içinde masaya oturmamız lazım. Şartları orada konuşacağız.""","An email from the investor. The offer is attached.

Frank: ""We need to be at the table inside three days. That's where the terms get decided."""
DEAL_PROMPT_SIT,Masaya şimdi otur.,Sit down at the table now.
DEAL_PROMPT_VALIDITY,Geçerlilik: {days} gün,Valid for {days} days
DEAL_PROMPT_DEFER,"Sonra — teklifi al, başka VC'lerle görüş.",Later — take the offer and go see other VCs.
END_SA_BOARD_ONE,Yönetim kurulunda yatırımcıya {seats} koltuk tanındı.,The investor was granted {seats} seat on the board.
END_SA_CUSTOMERS_ONE,Yolda {n} kurumsal müşteri kazanıldı.,{n} enterprise customer was won along the way.
END_ACQ_BOOK_ONE,Devralınan defterde {n} müşteri ilişkisi bulunuyordu.,The book that changed hands held {n} customer relationship.
END_BK_LEFT_BEHIND_ONE,Geride {n} müşteri ilişkisi kaldı.,{n} customer relationship was left behind.
END_BK_LOST_ONE,Son aylarda {n} müşteri ilişkisi koptu.,{n} customer relationship broke off in the final months.
END_BC_ONE_BY_ONE_ONE,Kriz büyürken {n} müşteri ilişkisi teker teker koptu.,"As the crisis grew, {n} customer relationship broke off."
END_VC_CUSTOMERS_ONE,Ürünün {n} kurumsal müşterisi vardı; bu bile turu açmaya yetmedi.,The product had {n} enterprise customer; even that was not enough to open the round.
END_BS_BALANCED_ONE,Yol boyunca {n} müşteri kazanıldı ve defter dengede tutuldu.,{n} customer was won along the way and the book was kept in balance.
END_RF_UNFINISHED_ONE,"Geride {n} müşteri ilişkisi kaldı; hikâye kapanmadı, gündemden düştü.","{n} customer relationship remained; the story did not close, it dropped off the agenda."
SAVE_SLOT_TIMESTAMP,{day}.{month}.{year} {hour}:{minute},{month}/{day}/{year} {hour}:{minute}
END_RF_STAYED_STANDING,"{founding}, {span} ayakta kalmayı başardı; yatırımcı ilgisi ise çoktan başka masalara geçmişti.",{founding} managed to stay standing {span}; investor interest had long since moved to other tables.
END_RF_UNSIGNED_SHEET,Masada imzalanmamış bir teklif kaldı.,An unsigned offer was left on the table.
END_SPAN_OVER_YEAR,bir yılı aşkın sürede,in over a year
END_SPAN_NEAR_TWO_YEARS,iki yıla yakın sürede,in close to two years
INV_APPETITE_TITLE,Yatırımcı iştahı,Investor appetite
INV_APPETITE_CLOSED,Kapalı,Closed
INV_APPETITE_WARMING,Isınıyor,Warming
INV_APPETITE_OPEN,Açık,Open
INV_APPETITE_TOO_EARLY,Series A henüz masada değil,Series A is not on the table yet
INV_APPETITE_GATE_OPEN,Kapı açık · Frank'le konuş,The door is open · talk to Frank
INV_APPETITE_HUNT,Series A avı sürüyor,The Series A hunt is on
INV_APPETITE_BELOW_BAR,Gelir henüz çıtanın altında,Revenue is still under the bar
FIN_REQ_MRR_BAR,gelir çıtası,the revenue bar
FRANK_APPROACH_TITLE,Frank'ten mesaj,A message from Frank
FRANK_APPROACH_HALF,"""Yolun yarısı. Kapıya bakma daha. Churn'e bak.""","""Halfway there. Don't look at the door yet. Look at the churn."""
FRANK_APPROACH_NEAR,"""Soran var artık. Arayan yok, ama arayacaklar.""","""People are starting to ask about you. Nobody calls yet. They will."""
FRANK_APPROACH_CLOSE,"""Yaklaştık. Sorulmasını istemediğin ne varsa şimdi topla.""","""Close now. Clean up whatever you don't want asked about."""
FRANK_DOOR_OPEN,"""Rakamlar artık bir turu taşır. Hazır olduğunda masaya otururuz.""","""The numbers carry a round now. When you're ready, we sit down."""
FRANK_APPROACH_OK,Tamam,All right
EFFECT_AUDIENCE_PCT,Kitle {pct},Audience {pct}
B2B_DISCOUNT_SPENT_DESC,Fiyatlarını zaten iki kez indirdin.,You've already cut their price twice.
FIN_PROFIT_PROGRESS,Artıda · {streak}/{need} ay,Default Alive · {streak}/{need} mo
FIN_PROFIT_QUAL_MARGIN,marj ince,margin thin
FIN_PROFIT_QUAL_SCALE,ölçek küçük,scale small
FIN_PROFIT_NOTE,"Artıda ay: net artı ve kasa ay boyunca hiç eksiye düşmedi. Kapanış için {need} ay üst üste artıda, yeterli marj ve yeterli ölçek gerekir.","A month in the black: positive net and the treasury never dipped below zero inside it. The close takes {need} months in a row, enough margin and enough scale."
END_BS_STREAK,{n} ay üst üste artıda kapattı; defter kendini taşıyor.,It closed {n} months in a row in the black; the books carry themselves.
SET_RESOLUTION_BORDERLESS,Kenarlıksız mod her zaman ekranın doğal çözünürlüğünde çalışır.,Borderless mode always runs at the display's native resolution.
PROD_LINE_SHARED_INTEGRATIONS,Entegrasyonlar,Integrations
PROD_STEP_SHARED_INTEGRATIONS_K1,Tekil Bağlantı,Single Connection
PROD_STEP_SHARED_INTEGRATIONS_K2,Çoklu Entegrasyon,Multiple Integrations
PROD_STEP_SHARED_INTEGRATIONS_K3,Açık API & Webhook,Open API and Webhooks
PROD_LINE_SHARED_SECURITY,Güvenlik & Yetki,Security and Access
PROD_STEP_SHARED_SECURITY_K1,Hesap & Oturum,Accounts and Sessions
PROD_STEP_SHARED_SECURITY_K2,Roller ve İzinler,Roles and Permissions
PROD_STEP_SHARED_SECURITY_K3,Denetim İzi & Şifreleme,Audit Trail and Encryption
PROD_LINE_SHARED_DURABILITY,Dayanıklılık,Durability
PROD_STEP_SHARED_DURABILITY_K1,Otomatik Kayıt,Autosave
PROD_STEP_SHARED_DURABILITY_K2,Sürüm Geçmişi,Version History
PROD_STEP_SHARED_DURABILITY_K3,Çevrimdışı Çalışma,Offline Work
PROD_LINE_SHARED_MOBILE,Mobil & Erişim,Mobile and Access
PROD_STEP_SHARED_MOBILE_K1,Duyarlı Arayüz,Responsive Interface
PROD_STEP_SHARED_MOBILE_K2,Mobil Uygulama,Mobile App
PROD_STEP_SHARED_MOBILE_K3,Çevrimdışı Mobil,Offline Mobile
PROD_LINE_NOTE_TOOL_CAPTURE,Yakalama,Capture
PROD_LINE_NOTE_TOOL_LINKING,Bağlantı,Linking
PROD_LINE_NOTE_TOOL_SYNC,Eşitleme,Sync
PROD_LINE_NOTE_TOOL_EDITOR,Editör,Editor
PROD_LINE_NOTE_TOOL_SEARCH,Arama,Search
PROD_STEP_NOTE_TOOL_CAPTURE_K1,Hızlı Not,Quick Note
PROD_STEP_NOTE_TOOL_CAPTURE_K2,Her Yerden Yakalama,Capture Anywhere
PROD_STEP_NOTE_TOOL_CAPTURE_K3,Sesli Yakalama,Voice Capture
PROD_STEP_NOTE_TOOL_LINKING_K1,Not Bağlantısı,Note Links
PROD_STEP_NOTE_TOOL_LINKING_K2,Bağlantı Haritası,Link Map
PROD_STEP_NOTE_TOOL_LINKING_K3,Bağlantı Önerisi,Suggested Links
PROD_STEP_NOTE_TOOL_SYNC_K1,Bulut Eşitleme,Cloud Sync
PROD_STEP_NOTE_TOOL_SYNC_K2,Çevrimdışı Eşitleme,Offline Sync
PROD_STEP_NOTE_TOOL_SYNC_K3,Anlık Eşitleme,Live Sync
PROD_STEP_NOTE_TOOL_EDITOR_K1,Metin Editörü,Text Editor
PROD_STEP_NOTE_TOOL_EDITOR_K2,Blok Editörü,Block Editor
PROD_STEP_NOTE_TOOL_EDITOR_K3,Tuval Editörü,Canvas Editor
PROD_STEP_NOTE_TOOL_SEARCH_K1,Anında Arama,Instant Search
PROD_STEP_NOTE_TOOL_SEARCH_K2,Filtreli Arama,Filtered Search
PROD_STEP_NOTE_TOOL_SEARCH_K3,Anlamsal Arama,Semantic Search
PROD_STEP_NOTE_TOOL_CAPTURE_K1_DESC,Düşünce geldiği anda yazılır. Gecikirse geri gelmez.,"The thought goes down the moment it arrives. Delayed, it does not come back."
PROD_STEP_NOTE_TOOL_CAPTURE_K2_DESC,"Tarayıcı, telefon, pano. Not artık uygulamanın içinde başlamıyor.","Browser, phone, clipboard. The note no longer begins inside the app."
PROD_STEP_NOTE_TOOL_CAPTURE_K3_DESC,"Konuşursun, yazıya döner ve yerine gider. Eller doluyken de not tutulur.","You speak, it turns into text and files itself. Notes keep happening with both hands full."
PROD_STEP_NOTE_TOOL_LINKING_K1_DESC,Notlar birbirine bağlanır; bilgi kaybolmaz.,Notes link to one another; nothing gets lost.
PROD_STEP_NOTE_TOOL_LINKING_K2_DESC,Bağlar bir harita halinde açılır. İnsan kendi kafasının şeklini ilk kez görür.,The links open out as a map. People see the shape of their own thinking for the first time.
PROD_STEP_NOTE_TOOL_LINKING_K3_DESC,Kurmadığın bağı bulur. Arşiv bir süre sonra senden çok şey hatırlar.,It finds the link you never made. After a while the archive remembers more than you do.
PROD_STEP_NOTE_TOOL_SYNC_K1_DESC,"Not bir cihazda yazılır, ötekinde durur. Kopyalamak diye bir iş kalmaz.",A note written on one device is waiting on the other. Copying stops being a task.
PROD_STEP_NOTE_TOOL_SYNC_K2_DESC,"İnternet gider, notlar kalır. Bağlantı dönünce hepsi kendiliğinden yerine oturur.","The connection drops, the notes stay. When it comes back everything settles into place on its own."
PROD_STEP_NOTE_TOOL_SYNC_K3_DESC,Bir cihazda yazılan satır ötekinde aynı anda belirir. Beklemek diye bir şey kalmaz.,A line typed on one device appears on the other as it is typed. Nothing is left to wait for.
PROD_STEP_NOTE_TOOL_EDITOR_K1_DESC,Boş bir sayfa ve imleç. Yazmanın önünde başka hiçbir şey yok.,A blank page and a cursor. Nothing else stands between the person and the writing.
PROD_STEP_NOTE_TOOL_EDITOR_K2_DESC,"Başlık, liste, tablo, görsel; her parça tek başına tutulup taşınır.","Headings, lists, tables, images; every piece can be picked up and moved on its own."
PROD_STEP_NOTE_TOOL_EDITOR_K3_DESC,"Sayfa biter, tuval başlar. Notlar sıraya değil, insanın istediği yere dizilir.","The page ends and a canvas begins. Notes sit where the person puts them, not in a queue."
PROD_STEP_NOTE_TOOL_SEARCH_K1_DESC,Harf yazılırken sonuç gelir. Arşiv büyüdükçe bunun değeri anlaşılır.,Results arrive while the letters are still being typed. The larger the archive the more that matters.
PROD_STEP_NOTE_TOOL_SEARCH_K2_DESC,"Tarih, etiket, defter. Aradığın şeyin nerede olmadığını da söyleyebilirsin.","Date, tag, notebook. You can also say where the thing is not."
PROD_STEP_NOTE_TOOL_SEARCH_K3_DESC,"Arşivin cevap verir. Aradığını değil, sorduğunu bulursun.",The archive answers. It finds not what you searched for but what you asked.
PROD_STEP_SHARED_INTEGRATIONS_K1_NOTE_TOOL_DESC,"Takvim ve dosya servisi bağlanır. Not, insanın günündeki öteki şeylerin yanına oturur.",The calendar and the file service connect. The note sits beside the rest of the day.
PROD_STEP_SHARED_INTEGRATIONS_K2_NOTE_TOOL_DESC,Bağlantı tek yönlü olmaktan çıkar; dışarıda değişen şey notta da değişir.,The link stops being one way; what changes outside changes in the note too.
PROD_STEP_SHARED_INTEGRATIONS_K3_NOTE_TOOL_DESC,Kendi bağlantısını yazanlara açık bir kapı. Ürünün etrafında başkalarının işi büyümeye başlar.,An open door for people who write their own connections. Other people's work starts growing around the product.
PROD_STEP_SHARED_SECURITY_K1_NOTE_TOOL_DESC,Hesap ve oturum kapalı tutulur. Kimse başkasının defterini açamaz.,Accounts and sessions are held shut. Nobody opens another person's notebook.
PROD_STEP_SHARED_SECURITY_K2_NOTE_TOOL_DESC,Notlar cihazda da yolda da şifreli durur. Kaybolan telefon artık bir kriz değil.,Notes stay encrypted on the device and on the way. A lost phone stops being a crisis.
PROD_STEP_SHARED_SECURITY_K3_NOTE_TOOL_DESC,Uçtan uca şifreleme. Notların kimsenin değil. Bizim bile.,End to end encryption. The notes belong to nobody. Not even to us.
PROD_STEP_SHARED_DURABILITY_K1_NOTE_TOOL_DESC,Yazılan şey yazıldığı anda diske düşer. Çöken uygulama yazıyı yanında götürmez.,What is written reaches the disk as it is written. A crash takes nothing with it.
PROD_STEP_SHARED_DURABILITY_K2_NOTE_TOOL_DESC,Her notun kendi geçmişi tutulur. Silinen paragraf geri gelir.,Every note keeps its own history. A deleted paragraph comes back.
PROD_STEP_SHARED_DURABILITY_K3_NOTE_TOOL_DESC,Arşiv çoğaltılır ve düzenli olarak sınanır. On yıl sonra da açılacağına dair sessiz bir söz.,The archive is copied and quietly tested. A silent promise that it will still open in ten years.
PROD_STEP_SHARED_MOBILE_K1_NOTE_TOOL_DESC,"Telefonda okunur, kısa not düşülür. Uzun yazı hâlâ masada yazılır.",On the phone it is read and briefly added to. Long writing still happens at a desk.
PROD_STEP_SHARED_MOBILE_K2_NOTE_TOOL_DESC,Telefon ikinci sınıf olmaktan çıkar; masadaki her şey cepte de var.,The phone stops being second class; everything from the desk is in the pocket too.
PROD_STEP_SHARED_MOBILE_K3_NOTE_TOOL_DESC,Uygulama telefonda doğmuş gibi durur. Kilit ekranından not düşülür; defter beklemez.,The app looks as though it was born on the phone. A note goes down from the lock screen; the notebook does not wait.
PROD_LINE_VIDEO_CLIP_CLIPPING,Klip Çıkarma,Clipping
PROD_LINE_VIDEO_CLIP_CAPTIONS,Altyazı,Captions
PROD_LINE_VIDEO_CLIP_PIPELINE,İşleme Hattı,Pipeline
PROD_LINE_VIDEO_CLIP_TIMELINE,Kurgu,Editing
PROD_LINE_VIDEO_CLIP_FRAMING,Çerçeve,Framing
PROD_STEP_VIDEO_CLIP_CLIPPING_K1,Elle Kesme,Manual Cut
PROD_STEP_VIDEO_CLIP_CLIPPING_K2,Sahne Ayrımı,Scene Breaks
PROD_STEP_VIDEO_CLIP_CLIPPING_K3,Otomatik Klip Seçimi,Automatic Clip Selection
PROD_STEP_VIDEO_CLIP_CAPTIONS_K1,Altyazı Şeridi,Caption Track
PROD_STEP_VIDEO_CLIP_CAPTIONS_K2,Sözcük Hizalı Altyazı,Captions by the Word
PROD_STEP_VIDEO_CLIP_CAPTIONS_K3,Diller Arası Altyazı,Captions Across Languages
PROD_STEP_VIDEO_CLIP_PIPELINE_K1,Yükleme ve Kodlama,Upload and Encode
PROD_STEP_VIDEO_CLIP_PIPELINE_K2,İşleme Kuyruğu,Render Queue
PROD_STEP_VIDEO_CLIP_PIPELINE_K3,Dağıtık İşleme,Distributed Processing
PROD_STEP_VIDEO_CLIP_TIMELINE_K1,Zaman Çizelgesi,Timeline
PROD_STEP_VIDEO_CLIP_TIMELINE_K2,Çok Parçalı Kurgu,Multitrack Editing
PROD_STEP_VIDEO_CLIP_TIMELINE_K3,Ortak Kurgu,Editing Together
PROD_STEP_VIDEO_CLIP_FRAMING_K1,Dikey Kırpma,Vertical Crop
PROD_STEP_VIDEO_CLIP_FRAMING_K2,Marka Şablonu,Brand Template
PROD_STEP_VIDEO_CLIP_FRAMING_K3,Her Ekrana Ayrı Kadraj,A Frame for Every Screen
PROD_STEP_VIDEO_CLIP_CLIPPING_K1_DESC,"Giriş ve çıkış işaretlenir, arası ayrı bir dosya olur. Nerede kesileceğini bilen tek şey insandır.","The in point and the out point are marked, and what lies between becomes a file. Only the person watching knows where to cut."
PROD_STEP_VIDEO_CLIP_CLIPPING_K2_DESC,"Sessizlik ve sahne değişimi kaydı kendiliğinden bölümlere ayırır. İş artık aramak değil, seçmektir.","Silence and a change of scene break the recording into parts on their own. The work is no longer searching, only choosing."
PROD_STEP_VIDEO_CLIP_CLIPPING_K3_DESC,Ham çekimden paylaşmaya hazır klipler çıkarır; parlak anı kendisi bulur.,It pulls finished clips out of raw footage and finds the bright moment on its own.
PROD_STEP_VIDEO_CLIP_CAPTIONS_K1_DESC,"Konuşulan söz karenin altına yazılır. Sesi kapalı izleyen çoğunluk, izlediğini anlar.","The spoken word is written beneath the frame. The majority, who watch with the sound off, can follow what they are watching."
PROD_STEP_VIDEO_CLIP_CAPTIONS_K2_DESC,"Satır artık bütün halinde gelmez; her sözcük söylendiği anda görünür, konuşmacılar birbirinden ayrılır.","The line stops arriving whole. Each word appears as it is spoken, and one speaker is told apart from another."
PROD_STEP_VIDEO_CLIP_CAPTIONS_K3_DESC,"Terimi tanır, vurguyu görür, altyazıyı başka bir dilde de yazar. Klip kendi dilinin dışına çıkar.","It knows the terms, sees the emphasis, and writes the captions in another language too. The clip leaves the language it was made in."
PROD_STEP_VIDEO_CLIP_PIPELINE_K1_DESC,Kayıt yüklenir ve oynatılabilir bir biçime çevrilir; hangi kameradan çıktığı sorulmaz.,The recording is uploaded and turned into something that will play. Nobody asks which camera it came out of.
PROD_STEP_VIDEO_CLIP_PIPELINE_K2_DESC,"İşler sıraya girer, düşen iş kaldığı yerden devam eder. Bağlantı koptu diye bir saatlik kayıt baştan yüklenmez.","Jobs take their place in line, and a job that falls over picks up where it stopped. A dropped connection no longer costs an hour of footage."
PROD_STEP_VIDEO_CLIP_PIPELINE_K3_DESC,İş parçalara bölünür ve birçok makinede aynı anda işlenir. Kalabalık gün de uzun kayıt da hattı tıkayamaz.,The work is broken up and processed on many machines at once. Neither a long recording nor a crowded day can block the line.
PROD_STEP_VIDEO_CLIP_TIMELINE_K1_DESC,"Kayıt bir şerit olarak önde durur; kesme noktası göz kararı değil, işaretlenen yerdir.",The recording lies out as a strip. The cut is no longer a guess but a place that has been marked.
PROD_STEP_VIDEO_CLIP_TIMELINE_K2_DESC,"Görüntü, ses ve üstteki katman ayrı şeritlerde durur. Biri kısalınca diğerleri yerinden oynamaz.","Picture, sound and the layer on top each keep a strip of their own. Shorten one and the others stay where they were."
PROD_STEP_VIDEO_CLIP_TIMELINE_K3_DESC,Kurgucu ile yayıncı aynı çizelgede aynı anda çalışır; dosya gönderip cevap beklemek ortadan kalkar.,Editor and creator work the same timeline at the same time. Sending a file and waiting for an answer stops being part of the job.
PROD_STEP_VIDEO_CLIP_FRAMING_K1_DESC,Yatay kare dikeye kırpılır; telefonu eline alan insanın gördüğü biçim budur.,The wide frame is cropped tall. This is the shape seen by someone holding a phone the way phones are held.
PROD_STEP_VIDEO_CLIP_FRAMING_K2_DESC,"Yazı, renk ve kenar payı tek bir şablonda toplanır; her klip aynı elden çıkmış görünür.","Type, color and margin gather into a single template, and every clip looks like it came from the same hand."
PROD_STEP_VIDEO_CLIP_FRAMING_K3_DESC,"Tek kurgu dikey, kare ve yatay olarak ayrı ayrı çerçevelenir. Her yüzeye kendi kadrajı gider, başkasının artığı değil.","One edit is framed three times, tall, square and wide. Each surface gets a frame of its own rather than the leftovers of another."
PROD_STEP_SHARED_INTEGRATIONS_K1_VIDEO_CLIP_DESC,Klipler tek bir yere gider; hangi kanal olduğu kurulumda bir kez seçilir.,"Clips go to one place, and which place that is gets chosen once at setup."
PROD_STEP_SHARED_INTEGRATIONS_K2_VIDEO_CLIP_DESC,Aynı klip birden çok kanala aynı anda çıkar; her biri için ayrı yükleme yapılmaz.,"The same clip leaves for several channels at once, with no separate upload for each."
PROD_STEP_SHARED_INTEGRATIONS_K3_VIDEO_CLIP_DESC,Yayın biter bitmez klip hattı kendiliğinden başlar; dışarıdaki yazılım da aynı hattı çağırabilir.,"The clip run starts on its own the moment a stream ends, and outside software can call the same run."
PROD_STEP_SHARED_SECURITY_K1_VIDEO_CLIP_DESC,Yayınlanmamış çekim hesabın arkasında durur. Kimsenin açamadığı kayıt en azından sızmaz.,Unreleased footage sits behind an account. A recording nobody can open is at least a recording that cannot leak.
PROD_STEP_SHARED_SECURITY_K2_VIDEO_CLIP_DESC,"Kurgucu ham kayda girer, misafir yalnız önizlemeyi görür; kimin neye dokunduğu ayrılır.",The editor reaches the raw footage while a guest sees only the preview. Who may touch what is finally separated.
PROD_STEP_SHARED_SECURITY_K3_VIDEO_CLIP_DESC,Ham çekim diskte de şifrelidir ve indiren herkes kayda geçer. Ambargolu materyal böyle teslim edilir.,"Raw footage is encrypted on disk as well, and everyone who downloads it is written down. This is how embargoed material is handed over."
PROD_STEP_SHARED_DURABILITY_K1_VIDEO_CLIP_DESC,Kurgu her dokunuşta kendiliğinden kaydedilir; iki saatlik seçim tarayıcı kapanınca gitmez.,The edit saves itself at every touch. Two hours of choosing does not disappear because a browser closed.
PROD_STEP_SHARED_DURABILITY_K2_VIDEO_CLIP_DESC,Her kurgu kendi geçmişini taşır; dünkü kesime dönmek yeniden kesmek değildir.,"Every edit carries its own history, and going back to yesterday's cut is not the same as cutting it again."
PROD_STEP_SHARED_DURABILITY_K3_VIDEO_CLIP_DESC,"İnternet gider, kurgu kalır; bağlantı döndüğünde kesimler sıraya girip yerini alır.","The connection goes, the edit stays. When it comes back the cuts queue up and take their places."
PROD_STEP_SHARED_MOBILE_K1_VIDEO_CLIP_DESC,Zaman çizelgesi dar ekranda da açılır; kesmek için masaya oturmak şart değildir.,The timeline opens on a narrow screen too. Cutting no longer means sitting down at a desk.
PROD_STEP_SHARED_MOBILE_K2_VIDEO_CLIP_DESC,"Çekim telefondan yüklenir, klip telefondan çıkar. Kayıt ile paylaşım arasında bilgisayar durmaz.",Footage goes up from the phone and the clip comes back out of it. No computer stands between the recording and the post.
PROD_STEP_SHARED_MOBILE_K3_VIDEO_CLIP_DESC,Uçakta kesilen klip inişte kendi kendine yüklenir; sahada çekim ile yayın arasına mesafe girmez.,A clip cut on a plane uploads itself on landing. Out in the field nothing widens the gap between shooting and posting.
PROD_LINE_ERP_CASHFLOW,Nakit Akışı,Cash Flow
PROD_LINE_ERP_INTAKE,Veri Girişi,Data Entry
PROD_LINE_ERP_LEDGER,Defter,Ledger
PROD_LINE_ERP_STOCK,Stok,Stock
PROD_LINE_ERP_INVOICING,Fatura,Invoicing
PROD_STEP_ERP_CASHFLOW_K1,Kasa Hareketleri,Cash Movements
PROD_STEP_ERP_CASHFLOW_K2,Nakit Akış Tablosu,Cash Flow Statement
PROD_STEP_ERP_CASHFLOW_K3,Nakit Öngörüsü,Cash Forecast
PROD_STEP_ERP_INTAKE_K1,Elle Giriş,Manual Entry
PROD_STEP_ERP_INTAKE_K2,Tablo İçe Aktarma,Spreadsheet Import
PROD_STEP_ERP_INTAKE_K3,Belge Okuma,Document Reading
PROD_STEP_ERP_LEDGER_K1,Ön Muhasebe,Basic Bookkeeping
PROD_STEP_ERP_LEDGER_K2,Hesap Planı,Chart of Accounts
PROD_STEP_ERP_LEDGER_K3,Otomatik Mutabakat,Automatic Reconciliation
PROD_STEP_ERP_STOCK_K1,Stok Sayacı,Stock Count
PROD_STEP_ERP_STOCK_K2,Depo ve Raf,Warehouse and Shelf
PROD_STEP_ERP_STOCK_K3,El Terminali,Handheld Scanner
PROD_STEP_ERP_INVOICING_K1,Fatura Kesme,Issuing Invoices
PROD_STEP_ERP_INVOICING_K2,Toplu Fatura,Batch Invoicing
PROD_STEP_ERP_INVOICING_K3,Tahsilat Döngüsü,Collection Cycle
PROD_STEP_ERP_CASHFLOW_K1_DESC,Giren ve çıkan para tarih sırasına dizilir; bakiye günün sonunda bellidir.,"Money in and money out, filed by date; the balance is known when the day closes."
PROD_STEP_ERP_CASHFLOW_K2_DESC,Alacaklar ve borçlar vadeleriyle tabloya girer; önümüzdeki haftalar bir sütun olur.,Receivables and debts enter the table with their due dates; the coming weeks become a column.
PROD_STEP_ERP_CASHFLOW_K3_DESC,Geçmiş tahsilat ritmi okunur ve kasanın hangi hafta daralacağı önceden söylenir.,"The rhythm of past collections is read, and the week the treasury tightens is named in advance."
PROD_STEP_ERP_INTAKE_K1_DESC,Her kalem klavyeden girilir; sistem yalnız girilen kadarını bilir.,Every line arrives by keyboard; the system knows only as much as was typed.
PROD_STEP_ERP_INTAKE_K2_DESC,Yıllardır tutulan tablolar sütun sütun eşlenir; eski dosya bir akşamda içeri girer.,Years of spreadsheets are matched column by column; the old file comes inside in one evening.
PROD_STEP_ERP_INTAKE_K3_DESC,"Fatura ve irsaliye taranır, alanlar kendiliğinden yerine oturur; insana yalnız itiraz etmek kalır.",Invoices and delivery notes are scanned and the fields settle on their own; a person is left only to object.
PROD_STEP_ERP_LEDGER_K1_DESC,Gelir ve gider kaydedilir; ay sonunda rakam en azından bir yerde durur.,Income and expense are written down; at month end the figures at least sit somewhere.
PROD_STEP_ERP_LEDGER_K2_DESC,Her hareket bir hesaba düşer ve dönem kapanışı defterin kendi içinde tutmasını ister.,"Every movement falls into an account, and the period close asks the books to agree with themselves."
PROD_STEP_ERP_LEDGER_K3_DESC,Banka ekstresi ile defter gece boyunca karşılaştırılır; sabaha yalnız tutmayanlar kalır.,Statement and ledger are set against each other overnight; by morning only the disagreements are left.
PROD_STEP_ERP_STOCK_K1_DESC,Adetler tek listede tutulur; depoya inen kişi listeyi kendi eliyle günceller.,"Quantities live in a single list, and whoever goes down to the warehouse updates it by hand."
PROD_STEP_ERP_STOCK_K2_DESC,"Aynı ürün hangi depoda, hangi rafta, hangi partide ayrı ayrı bilinir.","The same product is known warehouse by warehouse, shelf by shelf, lot by lot."
PROD_STEP_ERP_STOCK_K3_DESC,Sayım rafın önünde yapılır; barkod okutulur ve stok o anda yerine oturur.,The count happens in front of the shelf; a barcode is read and the stock settles at that moment.
PROD_STEP_ERP_INVOICING_K1_DESC,"Fatura tek tek düzenlenir, kaydedilir ve müşteriye gönderilir.","An invoice is drawn up one at a time, filed, and sent to the customer."
PROD_STEP_ERP_INVOICING_K2_DESC,Ayın faturaları tek seferde çıkar; ödenmeyenler ayrı bir listede birikir.,The month's invoices go out in one run; the unpaid ones gather on a list of their own.
PROD_STEP_ERP_INVOICING_K3_DESC,"Fatura kendi parasını kovalar: hatırlatma gider, ödeme düşer, kayıt kapanır.","The invoice chases its own money: the reminder goes out, the payment lands, the record closes."
PROD_STEP_SHARED_INTEGRATIONS_K1_ERP_DESC,"Tek bir hat kurulur, çoğu şirkette bankadır; gerisi hâlâ elle taşınır.","One line is opened, in most companies to the bank; the rest is still carried by hand."
PROD_STEP_SHARED_INTEGRATIONS_K2_ERP_DESC,"Banka, elektronik fatura ve kargo aynı anda bağlanır; muhasebeci ekran değiştirmeyi bırakır.","Bank, electronic invoicing and courier connect at once, and the bookkeeper stops switching screens."
PROD_STEP_SHARED_INTEGRATIONS_K3_ERP_DESC,Müşterinin kendi bilgi işlemi bağlanır; şirketin yirmi yıllık yazılımları artık haber bekler.,"The customer's own IT plugs in, and the software the company has run for twenty years now waits to be told."
PROD_STEP_SHARED_SECURITY_K1_ERP_DESC,Herkes kendi hesabıyla girer; ortak şifre yazılı olduğu kâğıttan iner.,"Everyone signs in as themselves, and the shared password comes off the paper it was written on."
PROD_STEP_SHARED_SECURITY_K2_ERP_DESC,"Depocu maliyeti görmez, muhasebeci fiyatı değiştirmez; yetki işe göre dağıtılır.","The warehouse hand does not see cost, the bookkeeper does not move price; authority follows the job."
PROD_STEP_SHARED_SECURITY_K3_ERP_DESC,Her kayıt kime ve hangi saate ait olduğunu taşır; denetim geldiğinde tartışılacak bir şey kalmaz.,Every record carries whose it is and at what hour; when the audit arrives there is nothing left to argue about.
PROD_STEP_SHARED_DURABILITY_K1_ERP_DESC,Yarım kalan fatura kaybolmaz; elektrik kesildiğinde satır yerinde durur.,"A half finished invoice is not lost; when the power cuts, the line stays where it was."
PROD_STEP_SHARED_DURABILITY_K2_ERP_DESC,Değişen kayıt eski hâlini saklar; yanlış girilen fiyat geri çağrılabilir.,"A changed record keeps its earlier self, and a price entered wrong can be called back."
PROD_STEP_SHARED_DURABILITY_K3_ERP_DESC,Depoda internet yokken de çalışılır; bağlantı gelince kayıtlar sıraya girer.,"Work goes on in a warehouse with no line, and when the connection returns the records queue up."
PROD_STEP_SHARED_MOBILE_K1_ERP_DESC,Ekran küçüldüğünde tablolar dağılmaz; patron faturayı telefondan da açar.,"Tables hold together as the screen shrinks, and the owner opens an invoice from a phone."
PROD_STEP_SHARED_MOBILE_K2_ERP_DESC,Onay bekleyen sipariş cepte görünür; imza yolda atılır.,An order waiting for approval shows up in a pocket; the signature happens on the road.
PROD_STEP_SHARED_MOBILE_K3_ERP_DESC,Sahadaki satıcı kapsama dışında sipariş yazar; akşam ofise kendi girer.,"The rep in the field writes an order out of coverage, and in the evening it walks into the office on its own."
PROD_VERSION_SHORT,v{version},v{version}
PROD_LOCK_PREFIX,Kilit:,Locked:
PROD_LOCK_RESEARCH,"Ar-Ge ""{node}"" {mark}","R&D ""{node}"" {mark}"
PROD_LOCK_PERSON,{area} {stars} {mark},{area} {stars} {mark}
PROD_LOCK_TOTAL,{area} toplam {stars} (sizde {have}) {mark},{area} total {stars} (you have {have}) {mark}
PROD_TEAM_GROUP_COUNT,({n}),({n})
PROD_RND_NODE_DATA_MODEL_DESC,Verinin ortak şeması. Her kayıt aynı dilden konuşur.,A common schema for the data. Every record starts speaking the same language.
PROD_RND_NODE_DATA_MODEL_UNLOCK,Entegrasyonlar hattının son kademesi.,The last tier of the Integrations line.
PROD_RND_NODE_AI_ENGINE_DESC,Dil modeli altyapısı. Ürününüz artık anlayabilir.,Language model infrastructure. Your product can understand now.
PROD_RND_NODE_AI_ENGINE_UNLOCK,Not & Bilgi ve Video Klip'in yapay zeka kademeleri.,"The AI tiers in Notes and Knowledge, and the ones in Video Clip."
PROD_RND_NODE_SEMANTIC_INDEX_DESC,Anlamın kendisi indekslenir. Ürün kelimeyi değil kastedileni arar.,"Meaning itself is indexed. The product looks for what was meant, not for the word."
PROD_RND_NODE_SEMANTIC_INDEX_UNLOCK,"Not & Bilgi'nin arama kademesi, ERP'nin belge okuma kademesi.","The search tier in Notes and Knowledge, and the document reading tier in ERP."
PROD_RND_NODE_EDGE_INFERENCE_DESC,Model kullanıcının cihazında koşar. Zekâ için sunucuya gitmek gerekmez.,The model runs on the user's own device. Intelligence stops being a round trip to the server.
PROD_RND_NODE_EDGE_INFERENCE_UNLOCK,Model artık cihazda çalışıyor; yapay zeka kademeleri sunucuya eskisi kadar yüklenmiyor.,"The model runs on the device now, and the AI tiers lean on the servers less than they did."
PROD_RND_NODE_KNOWLEDGE_GRAPH_DESC,Kayıtlar arasındaki ilişki de veriye dönüşür. Ürün neyin neye bağlı olduğunu bilir.,The relations between records become data too. The product knows what is tied to what.
PROD_RND_NODE_KNOWLEDGE_GRAPH_UNLOCK,Otomatik Düzenleme adında yeni bir özellik hattı. İçeriği Erken Erişim'de açılır.,A new feature line called Automatic Organisation. Its content opens in Early Access.
PROD_RND_NODE_SCALABLE_BACKEND_DESC,Yük birçok makineye dağıtılır. Kalabalık gün artık bir kaza değil.,The load is spread across many machines. A busy day stops being an accident.
PROD_RND_NODE_SCALABLE_BACKEND_UNLOCK,"Dayanıklılık hattının son kademesi · ERP'de tahsilat, Video Klip'te ortak kurgu. Aynı donanım artık daha çok kullanıcı taşıyor.","The last tier of the Durability line · collection in ERP, shared editing in Video Clip. The same hardware carries more people now."
PROD_RND_NODE_SECURITY_CERT_DESC,Denetimden geçmiş güvenlik belgesi. Kurumsal alıcının ilk sorusu cevaplanmış olur.,A security certificate that has been through an audit. The corporate buyer's first question is already answered.
PROD_RND_NODE_SECURITY_CERT_UNLOCK,Güvenlik & Yetki hattının son kademesi.,The last tier of the Security and Access line.
PROD_RND_NODE_ANALYTICS_ENGINE_DESC,Ham kayıtları okuyan hesap katmanı. Sayıların ne dediği ürünün içinde görünür.,A computing layer that reads the raw records. What the numbers say becomes visible inside the product.
PROD_RND_NODE_ANALYTICS_ENGINE_UNLOCK,ERP'nin nakit öngörüsü kademesi.,The cash forecast tier in ERP.
PROD_RND_NODE_MODEL_OPTIMIZATION_DESC,Aynı model daha az işlemciyle koşar. Zekânın faturası küçülür.,The same model runs on less silicon. The bill for the intelligence shrinks.
PROD_RND_NODE_MODEL_OPTIMIZATION_UNLOCK,Artık aynı modeli daha ucuza koşturuyoruz; kademelerin lisans faturası düşüyor.,"We run the same model for less now, and the licence bill on the tiers comes down with it."
PROD_RND_NODE_DATA_WAREHOUSE_DESC,"Bütün kayıtlar tek ambarda toplanır. Geçmiş, sorulabilir bir şeye dönüşür.",Every record gathers in one warehouse. The past turns into something you can question.
PROD_RND_NODE_DATA_WAREHOUSE_UNLOCK,Kurumsal Raporlama adında yeni bir özellik hattı. İçeriği Erken Erişim'de açılır.,A new feature line called Enterprise Reporting. Its content opens in Early Access.
PROD_RND_NODE_BUG_TRACKER_DESC,Her bildirim numaralanır ve bir sahibi olur. Hiçbir hata kulaktan kulağa kalmaz.,Every report gets a number and an owner. No bug survives on word of mouth.
PROD_RND_NODE_BUG_TRACKER_UNLOCK,Ürünün kendi kararlılık hattının son kademesi. Masaya düşen bildirimin hepsini artık aynı gün doğruluyoruz.,The last tier of the product's own stability line. Everything that reaches the desk is verified the same day now.
PROD_RND_NODE_CICD_DESC,Her değişiklik makinede kendi kendine kurulup sınanır. Kırık iş gece boyunca beklemez.,Every change builds and tests itself on a machine. Broken work no longer waits out the night.
PROD_RND_NODE_CICD_UNLOCK,Yazılan her değişiklik artık makinede kendi kendine sınanıyor; geliştirmeden daha az hata çıkıyor.,"Every change written is tested by the machine on its own now, and less comes out of development broken."
PROD_RND_NODE_TEST_AUTOMATION_DESC,Sınamalar insan eli olmadan tekrar tekrar koşar. Aynı hata ikinci kez geçip gitmez.,The tests run again and again without a hand on them. The same bug does not slip past twice.
PROD_RND_NODE_TEST_AUTOMATION_UNLOCK,Kendi Kendine Servis adında yeni bir özellik hattı. Ayrıca Beta'da hata bulma temposu günler geçtikçe eskisi kadar düşmüyor.,A new feature line called Self Service. And Beta keeps finding bugs later into the run than it used to.
PROD_RND_NODE_INCIDENT_PLAYBOOK_DESC,Kesinti anında kimin ne yapacağı yazılıdır. Panik yerine sıra vardır.,Who does what during an outage is written down. There is an order to follow instead of a panic.
PROD_RND_NODE_INCIDENT_PLAYBOOK_UNLOCK,Kesinti anında ne yapılacağı artık yazılı; taşan kapasite müşteride eskisi kadar iz bırakmıyor.,"What to do in an outage is written down now, and capacity running over leaves less of a mark on the customer."
PROD_RND_NODE_SELF_SERVICE_DESC,Sık sorulanın cevabı ürünün içinde durur. Kullanıcı beklemeden çıkışı bulur.,The answer to the common question sits inside the product. The user finds the way out without waiting.
PROD_RND_NODE_SELF_SERVICE_UNLOCK,Kullanıcı cevabı ürünün içinde buluyor; destek masasına daha az iş düşüyor.,"Users find the answer inside the product, and less work reaches the support desk."
PROD_RND_NODE_DESIGN_SYSTEM_DESC,Arayüzün parçaları bir kez tanımlanır. Her yeni ekran hazır parçalardan kurulur.,The pieces of the interface are defined once. Every new screen is built from parts that already exist.
PROD_RND_NODE_DESIGN_SYSTEM_UNLOCK,Mobil & Erişim hattının son kademesi ve ürünün kendi tasarım kademelerinden biri. Deneyim kademelerini artık hazır parçalardan kuruyoruz.,"The last tier of the Mobile and Access line, and one of the product's own design tiers. We build the Experience tiers out of ready parts now."
PROD_RND_NODE_USER_RESEARCH_DESC,Kullanıcıyla düzenli konuşma alışkanlığı. Ne istediklerini tahmin etmek gerekmez.,The habit of talking to users on a schedule. Guessing what they want stops being necessary.
PROD_RND_NODE_USER_RESEARCH_UNLOCK,Aylık ürün notu · bir Ürün Yöneticisi ya da Tasarımcı gerektirir. Kadroda öyle biri yoksa rapor gelmez.,The monthly product note · it needs a Product Manager or a Designer. With nobody like that on staff the note never arrives.
PROD_RND_NODE_ONBOARDING_FLOW_DESC,İlk açılışta yol gösteren kurulu bir akış. Yeni gelen ürünü ilk beş dakikada anlar.,A built flow that guides the first opening. A newcomer understands the product in the first five minutes.
PROD_RND_NODE_ONBOARDING_FLOW_UNLOCK,İlk beş dakikayı artık biz kuruyoruz; ücretsiz deneyen daha sık ödemeye geçiyor.,"We shape the first five minutes now, and more of the people who try it free stay and pay."
PROD_RND_NODE_ACCESSIBILITY_DESC,"Ekran okuyucu, kontrast ve klavye yolu. Ürünü kullanabilen insan sayısı büyür.","Screen readers, contrast, a path through the keyboard. More people can use the product than could before."
PROD_RND_NODE_ACCESSIBILITY_UNLOCK,Bazı kurumsal hesapların aradığı erişim şartı. Karşılığı Erken Erişim'de açılır.,The access condition some enterprise accounts ask for. What it pays out opens in Early Access.
PROD_RND_NODE_PERSONALIZATION_DESC,Ürün kullanıcının alışkanlığını öğrenir. Aynı ekran herkeste aynı durmaz.,The product learns the user's habits. The same screen does not sit the same way for everyone.
PROD_RND_NODE_PERSONALIZATION_UNLOCK,Uyarlanabilir Arayüz adında yeni bir özellik hattı. İçeriği Erken Erişim'de açılır.,A new feature line called Adaptive Interface. Its content opens in Early Access.
PROD_RND_NODE_DATA_MODEL_DISCOVERY,Aynı müşteri üç ayrı tabloda üç ayrı isimle duruyordu. Perşembe akşamı üçü tek satırda birleşti. Ertesi sabah kimse hangi tablodan bakacağını sormadı.,The same customer sat in three tables under three different names. On Thursday evening the three became one row. The next morning nobody asked which table to look in.
PROD_RND_NODE_SCALABLE_BACKEND_DISCOVERY,"Salı günü herkes aynı saatte girdi ve sayfa açılmadı. Cuma günü aynı kalabalık geldi, kimse fark etmedi. Aynı donanımla artık daha çok kullanıcı taşıyoruz.",On Tuesday everyone came in at the same hour and the page would not open. On Friday the same crowd arrived and nobody noticed. The same hardware carries more people now.
PROD_RND_NODE_BUG_TRACKER_DISCOVERY,Hatalar sohbet penceresinde konuşuluyordu; ikisi orada kaldı. Şimdi her bildirimin bir numarası ve bir sahibi var.,"Bugs used to be talked over in a chat window, and two of them stayed there. Now every report has a number and an owner."
PROD_RND_NODE_DESIGN_SYSTEM_DISCOVERY,İki ekranda buton iki farklı maviydi ve kimse hangisinin doğru olduğunu bilmiyordu. Tasarımcı bir öğleden sonra hepsini tek dosyaya taşıdı.,The button was two different blues on two screens and nobody knew which one was right. In one afternoon the designer moved them all into a single file.
PROD_RND_NODE_AI_ENGINE_DISCOVERY,Model üç haftadır saçmalıyordu. Bu sabah ilk defa doğru cevabı verdi. Kimse alkışlamadı; herkes ekrana baktı.,The model had been talking nonsense for three weeks. This morning it gave the right answer for the first time. Nobody clapped; everyone just looked at the screen.
PROD_RND_NODE_SEMANTIC_INDEX_DISCOVERY,Kelime kelime arama bulmuyordu; kimse aradığı şeyi tam hatırlamıyordu. Bu hafta biri geçen ayki fiyat konuşmasını tarif etti. Doğru kayıt en üstte çıktı.,Searching word by word was finding nothing; nobody remembers the exact words. This week someone described last month's conversation about price. The right record came up first.
PROD_RND_NODE_SECURITY_CERT_DISCOVERY,Denetçi iki gün ofiste oturdu ve her kalemi ayrı ayrı sordu. Cuma öğleden sonra imza geldi. Satış ekibi belgeyi bir sonraki görüşmede masaya koydu.,The auditor sat in the office for two days and asked about every item separately. On Friday afternoon the signature came. Sales put the certificate on the table in the next meeting.
PROD_RND_NODE_ANALYTICS_ENGINE_DISCOVERY,Sorular hep aynıydı ve cevabı her seferinde biri elle çıkarıyordu. Bu sabah aynı soru ekranda kendi cevabını taşıyordu. Kimse tabloyu indirmedi.,The questions were always the same and someone worked the answer out by hand every time. This morning the question carried its own answer on the screen. Nobody downloaded a spreadsheet.
PROD_RND_NODE_CICD_DISCOVERY,Cuma akşamı gönderilen değişiklik pazartesiye kadar kırık kaldı. Bu hafta aynı kırık daha kimse odadan çıkmadan geri döndü. Geliştirmeden artık daha az hata çıkıyor.,A change sent out on Friday evening stayed broken until Monday. This week the same break came back before anyone had left the room. Less comes out of development broken now.
PROD_RND_NODE_TEST_AUTOMATION_DISCOVERY,Aynı hatayı üçüncü kez elle bulduk ve kimse gülmedi. Sınamalar o geceden beri kendi kendine koşuyor.,We found the same bug by hand for the third time and nobody laughed. Since that night the tests have been running on their own.
PROD_RND_NODE_USER_RESEARCH_DISCOVERY,Ürün toplantısında herkes kullanıcının ne istediğini biliyordu ve üçü ayrı şey söyledi. Sonra biri gerçekten arayıp sordu. Odada uzun bir sessizlik oldu.,"In the product meeting everyone knew what the user wanted, and three of them said different things. Then somebody actually called and asked. The room went quiet for a while."
PROD_RND_NODE_ONBOARDING_FLOW_DISCOVERY,Yeni gelenler ilk ekranda takılıp bir daha dönmüyordu. Bir hafta boyunca ilk beş dakikayı baştan yazdık. Ücretsiz deneyen artık daha sık ödemeye geçiyor.,New arrivals got stuck on the first screen and never came back. For a week we rewrote the first five minutes. More of the people who try it free stay and pay now.
PROD_LINE_HIDDEN_SELF_SERVE,Kendi Kendine Servis,Self Service
PROD_STEP_HIDDEN_SELF_SERVE_K1,Sık Sorulanlar,Common Questions
PROD_STEP_HIDDEN_SELF_SERVE_K2,Bilgi Bankası,Knowledge Base
PROD_STEP_HIDDEN_SELF_SERVE_K3,Yerinde Çözüm,Resolved in Place
PROD_STEP_HIDDEN_SELF_SERVE_K1_NOTE_TOOL_DESC,"En sık sorulanlar uygulamanın içinde, elin altında durur. Yardım için başka bir sekme açmak gerekmez.","What people ask most sits inside the app, within reach. Getting help no longer means opening another tab."
PROD_STEP_HIDDEN_SELF_SERVE_K2_NOTE_TOOL_DESC,Yazılan her cevap aranabilir bir bankada toplanır. Kullanıcı sorusunu kendi kelimeleriyle sorar ve karşılığını bulur.,Every answer ever written gathers into a searchable bank. People ask in their own words and find the answer waiting.
PROD_STEP_HIDDEN_SELF_SERVE_K3_NOTE_TOOL_DESC,"Sorun ekranın kendisinde çözülür: eksik ayar oradan açılır, kopan eşitleme oradan yenilenir. Destek masasına hiç uğranmaz.","The problem is settled on the screen where it appeared: the missing setting is switched on there, the broken sync is restarted there. The support desk is never reached."
PROD_STEP_HIDDEN_SELF_SERVE_K1_VIDEO_CLIP_DESC,Yükleme ve kodlama soruları oynatıcının yanında cevaplanır. Üretici yarım kalan işi bırakıp yardım aramaz.,Questions about uploading and encoding are answered beside the player. A creator does not abandon a half finished edit to go looking for help.
PROD_STEP_HIDDEN_SELF_SERVE_K2_VIDEO_CLIP_DESC,Her biçim ve her hata iletisi aranabilir bir başlık altında toplanır. Kullanıcı gördüğü iletiyi yazar ve karşılığını bulur.,Every format and every error message gathers under a heading that can be searched. People type in the message they were shown and find what it means.
PROD_STEP_HIDDEN_SELF_SERVE_K3_VIDEO_CLIP_DESC,Reddedilen dosya kendi çözümünü önerir: doğru biçime çevirmeyi teklif eder ve kabul edilince yapar. Kimseye yazılmaz.,A rejected file offers its own way out: it proposes the right format and does the conversion once that is accepted. Nobody has to write in.
PROD_STEP_HIDDEN_SELF_SERVE_K1_ERP_DESC,Fatura ve stok ekranlarının yanında kısa açıklamalar durur. Muhasebeci en sık takıldığı yerde soruyu kendi çözer.,Short explanations sit beside the invoice and stock screens. The bookkeeper settles the question at the spot where it usually comes up.
PROD_STEP_HIDDEN_SELF_SERVE_K2_ERP_DESC,Dönem kapanışından vergi kalemine kadar her konu aranabilir bir bankada toplanır. Aranan şey iş yaparken bulunur.,Everything from the period close to a tax line gathers into a bank that can be searched. What is looked for is found without leaving the work.
PROD_STEP_HIDDEN_SELF_SERVE_K3_ERP_DESC,Tutmayan kayıt hangi adımda kaydığını söyler ve düzeltmeyi kendi önerir. Destek hattı hiç aranmaz.,A record that does not agree says which step it slipped at and proposes the correction itself. The support line is never called.
RND_NOTE_DEMAND_B2B_0,Bu ayki hesap talepleri tek bir yeri gösteriyor: {line}. Rakipte aynı işin çalıştığı da söylendi.,This month's account requests point at one place: {line}. It was also said that the job works at a rival.
RND_NOTE_DEMAND_B2B_1,Yenileme görüşmelerinde bu başlık açıldı: {line}. Fiyat konuşulmadan önce o konuşuldu.,This heading came up in the renewal calls: {line}. It came up before price did.
RND_NOTE_DEMAND_B2B_2,"Bu ay aynı cümle yeniden not edilmiş: {line}. Kimse bağırmıyor, herkes bekliyor.",The same sentence was written down again this month: {line}. Nobody is shouting; everyone is waiting.
RND_NOTE_DEMAND_B2B_3,Bir hesabın satın alma ekibi kendi listesini gönderdi ve listenin başında tek başlık var: {line}. Gerisi opsiyonel yazıyor.,"One account's procurement team sent its own list, and a single heading sits at the top of it: {line}. The rest is marked optional."
RND_NOTE_DEMAND_B2C_0,"Yorumların çoğu aynı şey üzerine: {line}. Kimse yeni özellik istemiyor, bunun düzgün çalışmasını istiyorlar.",Most of the reviews are about one thing: {line}. Nobody is asking for a new feature; they want this one to work.
RND_NOTE_DEMAND_B2C_1,Mağaza puanı düşmedi ama yorumlarda aynı başlık tekrar ediyor: {line}. Övgüyle şikâyet yan yana yazılmış.,"The store rating has held, but one heading keeps repeating in the reviews: {line}. Praise and complaint written side by side."
RND_NOTE_DEMAND_B2C_2,"Bu ay gelen mailin çoğu tek bir başlıkta toplanıyor: {line}. Hepsi kibar, hepsi aynı şeyi söylüyor.","Most of this month's mail gathers under a single heading: {line}. All of it polite, all of it saying the same thing."
RND_NOTE_DEMAND_B2C_3,Kullanıcı forumunda en uzun başlık yine aynı: {line}. Altında insanlar birbirine geçici çözüm tarif ediyor.,The longest thread on the user forum is the same one again: {line}. Underneath it people are describing workarounds to each other.
RND_NOTE_DEMAND_NONE,Bu ay kimse bir şey istemedi.,Nobody asked for anything this month.
RND_NOTE_RIVAL_B2B_0,{rival} yeni sürümünde toplu yetkilendirme çıkardı. Bizde yok.,{rival} shipped bulk permissions in its latest release. We do not have it.
RND_NOTE_RIVAL_B2B_1,Bu ayki görüşmelerde aynı ad geçti: {rival}. Alıcı orada gördüğü raporlamayı bizde arıyor.,The same name came up in this month's meetings: {rival}. The buyer is looking for the reporting they saw there.
RND_NOTE_RIVAL_B2B_2,{rival} kurumsal müşterilere ayrı bir yönetim paneli açtı. Bizim panel hâlâ tek kullanıcıya göre.,{rival} has opened a separate admin panel for enterprise customers. Ours is still built for a single user.
RND_NOTE_RIVAL_B2B_3,Satın alma ekipleri karşılaştırma tablosu istiyor ve tabloda hep aynı sütun var: {rival}. Boş bıraktığımız satırlar belli.,"Procurement teams want a comparison table, and the same column is always in it: {rival}. The rows we leave empty are easy to see."
RND_NOTE_RIVAL_B2C_0,{rival} otomatik etiketleme çıkardı. Bizde yok.,{rival} shipped automatic tagging. We do not have it.
RND_NOTE_RIVAL_B2C_1,Yan yana karşılaştırma videoları dolaşıyor ve karşı taraf hep aynı: {rival}. Yorumlar da onun altında toplanıyor.,Side by side comparison videos are going around and the other side is always the same: {rival}. The comments gather under them too.
RND_NOTE_RIVAL_B2C_2,{rival} ücretsiz sürümüne bizde ücretli olan bir şeyi koydu. Forumda ilk yazılan şey bu.,{rival} put something into its free tier that we charge for. It is the first thing anyone writes on the forum.
RND_NOTE_RIVAL_B2C_3,Mağaza sayfamızın altında önerilen uygulama hep aynı: {rival}. Ekran görüntülerinde daha az düğme var.,The app suggested under our store page is always the same: {rival}. There are fewer buttons in its screenshots.
RND_NOTE_TECH_B2B_0,"Alıcı toplantılarında aynı başlık dolaşıyor: {node}. Şartnamelerde henüz yok, konuşmalarda var.",The same heading keeps going around in buyer meetings: {node}. It is not in the specifications yet; it is in the conversations.
RND_NOTE_TECH_B2B_1,Sektör bülteninde bu ay en çok geçen konu: {node}. Yazan da tam olarak ne olduğunu anlatmıyor.,The subject that came up most in this month's sector bulletin: {node}. Even the person writing it does not quite explain what it is.
RND_NOTE_TECH_B2B_2,Ekipte konuşulan şey model tarafı. Herkes o yöne bakıyor.,What the team is talking about is the model side. Everyone is looking that way.
RND_NOTE_TECH_B2B_3,Bir müşterinin bilgi işlem müdürü bize kendi denemelerini anlattı. Yarım saat sürdü ve sonunda tek soru gelmedi.,"A customer's IT manager told us about the experiments they are running. It took half an hour, and no question came at the end."
RND_NOTE_TECH_B2C_0,Kullanıcı forumunda kimse bizden istemiyor ama sürekli aynı şeyi konuşuyorlar: {node}. Başka uygulamalarda denemişler.,"Nobody on the user forum is asking us for it, yet they keep talking about the same thing: {node}. They have tried it in other apps."
RND_NOTE_TECH_B2C_1,Bu ay en çok paylaşılan video tek bir konuyu anlatıyor: {node}. Altındaki yorumların yarısı şaşkın.,The most shared video this month explains a single subject: {node}. Half the comments beneath it are baffled.
RND_NOTE_TECH_B2C_2,Stajyer öğle arasında bir demo açtı ve masanın yarısı başına toplandı. Kimse akşama kadar konuyu bırakmadı.,At lunch an intern opened a demo and half the desk gathered round. Nobody let the subject go until evening.
RND_NOTE_TECH_B2C_3,Rakiplerin iş ilanları değişmiş; aradıkları unvanlar bizim listemizde yok. Bir yöne doğru işe alıyorlar.,"The rivals' job posts have changed, and the titles they are hiring for are not on our list. They are hiring toward something."
RND_TREE_HINT,Araştırdıkça açılır.,It opens as you research.
RND_FAMILY_CAPABILITY,İŞLEV,FUNCTION
RND_FAMILY_PLATFORM,PLATFORM,PLATFORM
RND_FAMILY_PRACTICE,SÜREÇ,PROCESS
RND_FAMILY_DESIGN,TASARIM,DESIGN
RND_PLACE_ROOT,kök,root
RND_PLACE_BRANCH,dal,branch
RND_PLACE_CONT,devam,continuation
RND_LOCKED_SLOT,? {area},? {area}
RND_UNLOCKS_PREFIX,Açtığı şey,What it opens
RND_START,Başlat,Start
RND_WEEKS_LEFT,~{n} hafta kaldı,~{n} weeks left
RND_WEEKS_LEFT_ONE,~{n} hafta kaldı,~{n} week left
RND_AREA_OF,{area} alanı,{area} area
RND_REQ_STARS,{area} {stars},{area} {stars}
RND_WHO,{who},{who}
RND_FROZEN_KEEPS,ilerleme korunuyor,progress is kept
RND_COMPLETED_UNLOCKED_TWO,Açtığı iki devam yuvası adlandı.,The two continuation slots it opened now have names.
RND_NEED_CASH,Kasada {amount} yok.,There is no {amount} in the treasury.
RND_NEED_PARENT,Önce {node}.,First {node}.
RND_NEED_AREA,{area} {stars} gerekiyor.,It wants {area} {stars}.
RND_ASSIGN_EMPTY,Bu alanda kimse yok.,Nobody in this area.
RND_NEED_CROSS_BLIND,Başka bir ailede bir araştırma ister.,It wants research from another family.
RND_NEED_CROSS_NAMED,Tamamlanmadı: {node} · {family},Not completed: {node} · {family}
RND_ASSIGN_TITLE,ata,assign
RND_REQ_MET,karşılandı,met
RND_REQ_UNMET,eksik,missing
RND_BAR_TITLE,ARAŞTIRMA,RESEARCH
RND_BAR_PAUSE,duraklat,pause
RND_ABANDON,Vazgeç,Drop it
RND_ABANDON_NOTE,"İlerleme korunur, araştırma yeri boşalır.",Progress is kept and the slot clears.
RND_DISCOVERY_TITLE,Keşif,Discovery
RND_HIDDEN_LINE_OPENED,Yeni özellik hattı açıldı: {line},A new feature line has opened: {line}
RND_EA_LINE_NOTE,Bu hattın içeriği Erken Erişim'de açılıyor.,The content of this line opens in Early Access.
RND_NOTE_TITLE,Aylık ürün notu,Monthly product note
RND_NOTE_UNREAD,OKUNMADI,UNREAD
RND_NOTE_OPEN,Aç,Open
RND_NOTE_NO_WRITER,Kadronda Ürün Yöneticisi ya da Tasarımcı yok; rapor gelmez.,There is no Product Manager or Designer on staff; the note will not come.
RND_NOTE_GO_PRODUCT,Ürün sayfasına git,Go to the product page
RND_NOTE_GO_TREE,Ar-Ge'ye git,Go to R&D
RND_LEGEND_INTRA,aile içi bağ,a link inside the family
RND_LEGEND_CROSS,başka aileden gereksinim,a requirement from another family
RND_LEGEND_LOCKED,kilitli yuva,a locked slot
RND_LEGEND_AVAILABLE,araştırılabilir,can be researched
RND_LEGEND_DONE,tamamlandı,completed
HR_JOB_RESEARCH,Araştırma,Research
HR_ASSIGN_RESEARCH_ELSEWHERE,Araştırma ataması Ar-Ge sayfasında yapılır.,Research is assigned on the R&D page.
RND_ACTION_APPLY,Uygula,Apply
RND_ACTION_BACK,Geri,Back
RND_ASSIGN_PICK,Kimin çalışacağını seç.,Choose who works on it.
RND_ASSIGN_ZERO,Seçtiklerinin hiçbiri bu alanda çalışmıyor.,None of the people you picked work in this area.
RND_COMPLETED_UNLOCKED_ONE,Açtığı devam yuvası adlandı: {node},The continuation slot it opened now has a name: {node}
RND_WEEKS_EST,~{n} hafta,~{n} weeks
RND_WEEKS_EST_ONE,~{n} hafta,~{n} week
RND_WEEKS_NONE,katkı yok,no contribution
RND_WEEKS_SOLO,~{n} hafta (Kurucu),~{n} weeks (Founder)
RND_WEEKS_SOLO_ONE,~{n} hafta (Kurucu),~{n} week (Founder)
RND_NODE_META,{family} · {tier},{family} · {tier}
RND_REQ_CASH,{money},{money}
RND_TIER_FROZEN,donmuş,frozen
RND_TREE_CLOSED,"Ar-Ge, ilk sürümünü yayınladıktan sonra açılır.",R&D opens once you ship your first version.
RND_VIEW_TREE,Ağaç,Tree
RND_VIEW_HISTORY,Geçmiş,History
RND_TREE_DONE_KEY,Tamamlanan,Completed
RND_SWITCH_NOTE,Başlatınca {node} durur; ilerlemesi korunur.,Starting this stops {node}. Its progress is kept.
RND_NEED_AREA_AWAY,{name} izinde · katkı yok,{name} is on leave · no contribution
RND_HISTORY_EMPTY,Henüz bir şey yok. Notlar ve keşifler burada toplanır.,Nothing yet. Notes and discoveries gather here.
B2B_LOCK_PROMISE_OPEN,"Bu hesaba verilmiş, henüz tutulmamış bir söz var.",You already owe this account a word.
B2B_LOCK_STALL_CAP,İki kez oyaladın. Üçüncüsünü kimse beklemez.,You've stalled them twice. Nobody waits for a third.
B2B_EXPANSION_EXPIRED,{customer} o bütçeyi başka bir şeye harcadı.,{customer} spent that budget on something else.
B2B_EV_REQ_COMPLAINT_EXPIRED,{customer} kaydı kapattı. Cevap veren olmadı.,{customer} closed the ticket. Nobody answered.
B2B_EV_REQ_FEATURE_EXPIRED,{customer} sormayı bıraktı.,{customer} stopped asking.
B2B_EV_REQ_RENEWAL_EXPIRED,{customer} yeniledi. Bizden arayan olmadı.,{customer} renewed. Nobody from our side called.
FIXTURE_CONCURRENT_EXPIRE,Fixture kâğıdı süresi doldu.,The fixture paper expired.
EV_MODIFIERS_MORE,ve daha fazlası,and more
TICKER_SRC_INTERNAL,İÇERİDEN,INTERNAL
EFFECT_PHASE_ADVANCE,Yeni evre başlar,A new phase begins
EFFECT_PHASE_HOLD,Şimdilik aynı evrede kalırsın,You stay in this phase for now
EFFECT_TAKES_YOU_THERE,Seni oraya götürür,Takes you there
DESK_PAPER_WEEKS,{n} hafta,{n} weeks
DESK_PAPER_THIS_WEEK,bu hafta,this week
SALES_PIPELINE_HEADER,Boru hattı,Pipeline
SALES_LOCKED_NO_B2B,Canlı B2B ürün yok.,No live B2B product.
SALES_B2C_NOTE,Kitleden gelen gelir MRR'da sayılır. Hesaplar ve adaylar B2B ürünle gelir.,Consumer revenue counts in MRR. Accounts and leads come with a B2B product.
SALES_FLOW_RATE,Akış: {n}/hafta,Flow: {n}/week
SALES_DAYS_LEFT,{n} hafta,{n} weeks
SALES_DAYS_LEFT_ONE,{n} hafta,{n} week
SALES_ACTION_MEET,Görüşmeye git,Go to the meeting
SALES_ROUTE_RESERVE,Ayır,Reserve
SALES_ROUTE_GIVE,Temsilciye ver,Give to a rep
SALES_ROUTE_RESERVED,Ayrıldı,Reserved
SALES_ROUTE_REP,Temsilcide,With a rep
SALES_ABOVE_LEAGUE,Bu masa liginin üstünde.,This table is above your league.
SALES_EXPIRED_LINE,Beklemekten vazgeçti.,They stopped waiting.
SALES_DESK_HEADER,Satış masası,Sales desk
SALES_DESK_EMPTY,Satış işine atanmış kimse yok.,Nobody is assigned to the sales job.
SALES_REP_WORKING,{company} ile görüşüyor · {n}. hafta,Working {company} · week {n}
SALES_BAND_CAPTION,Çalıştığı bant:,Working band:
SALES_BAND_OWN,Kendi ligi,Own league
SALES_BAND_OWN_ONLY,Çalıştığı bant: kendi ligi.,Working band: own league.
SALES_BAND_ABOVE_REP,Bu masa temsilcinin liginin üstünde.,This table is above the rep's league.
SALES_BAND_ABOVE_CAP,Bu masa seçilen bandın üstünde.,This table is above the chosen band.
SALES_STANCE_CAPTION,Fiyat duruşu,Price stance
SALES_STANCE_COMPETITIVE,Rekabetçi,Competitive
SALES_STANCE_STANDARD,Standart,Standard
SALES_STANCE_PREMIUM,Premium,Premium
SALES_STANCE_HINT_COMPETITIVE,Koltuk fiyatı bandın altında. Masa kolay açılır.,Seat price sits low in the band. Tables open easily.
SALES_STANCE_HINT_STANDARD,Koltuk fiyatı bandın ortasında.,Seat price sits mid band.
SALES_STANCE_HINT_PREMIUM,Koltuk fiyatı bandın üstünde. Temsilcinin işlemesi uzar.,Seat price sits high in the band. A rep takes longer to work it.
SALES_SEAT_PRICE,{price}/koltuk,{price}/seat
SALES_SIGNING_DISCOUNT,imza indirimi %{pct},signing discount {pct}%
SALES_ODDS,İkna %{n},Persuasion {n}%
SALES_MEETING_SKIP,Teklife geç,Skip to the offer
SALES_MEETING_OPEN_OFFER,Rakamı konuş,Talk numbers
SALES_MOD_PRODUCT_FIT,ürün uyumu,product fit
SALES_MOD_FOUNDER_SALES,senin satış tarafın,your sales side
SALES_MOD_PRICE_SIGNAL,fiyat duyumu,the price signal
SALES_MOD_PROVIDER,sağlayıcı kademesi,provider tier
SALES_MOD_MISMATCH,masanın ölçeği,the size of the table
SALES_MOD_CHARISMA,karizman,your charisma
SALES_MOD_RETURNED,geçmiş bir görüşme,an earlier meeting
SALES_MOD_ANSWERS,verdiğin cevaplar,the answers you gave
SALES_BLOCK_NO_B2B,Canlı B2B ürün yok.,No live B2B product.
SALES_BLOCK_WEEK_FULL,Bu haftaki toplantı hakların doldu. Yeni hafta başında yenilenir.,This week's meetings are spent. They come back when the new week starts.
SALES_BLOCK_TOO_LATE,Mesai bitiyor. Bu hafta yeni bir masaya oturulmaz.,The workday is ending. No new table this week.
SALES_BLOCK_NO_LEAD,Bu aday artık boru hattında değil.,That lead is no longer in the pipeline.
SALES_BLOCK_REASON_UNCHANGED,Aynı sebep hâlâ ortada. Değişmeden aynı cevabı verirler.,"The same reason still stands. Unchanged, they answer the same way."
SALES_WHALE_PROVIDER_OR_CERT,Altyapı güvencesi istiyor.,They want an infrastructure assurance.
SALES_WHALE_LOCKED_TIER,Kapalı bir kademeyi şart koşuyor.,They want a tier you have not opened.
SALES_WHALE_SLA_PROMISE,Yazılı bir hizmet sözü istiyor.,They want a written service commitment.
SALES_TICKER_SIGNED,{rep} imzayı aldı: {company},{rep} closed {company}
SALES_TICKER_FOUNDER_SIGNED,{company} sözleşmeyi imzaladı,{company} signed
NEG_TITLE_B2B,Rakam,The number
NEG_TITLE_SERIES_A,Şartlar,Terms
NEG_UNITS_SEATS,koltuk,seats
NEG_UNITS_EQUITY,hisse,equity
NEG_PRICE_SEAT,Koltuk fiyatı,Seat price
NEG_PRICE_VALUATION,Değerleme,Valuation
NEG_OFFER,Teklif et,Make the offer
NEG_ACCEPT,Kabul et,Accept
NEG_WALK,Masadan kalk,Walk away
NEG_PATIENCE,Sabır,Patience
NEG_COUNTER,Karşı rakam · {price},Their number · {price}
NEG_CONFIRM_LINE,{units} {unit_label} × {price} = {mrr} MRR,{units} {unit_label} × {price} = {mrr} MRR
NEG_CAPACITY,Kapasite: {used}/{cap},Capacity: {used}/{cap}
NEG_DEAL_IF_ACCEPT,Kabul edersen: {line},If you accept: {line}
NEG_LOCK_PROMISE,Verilen söz üst ucu kapattı.,The promise closed the top end.
NEG_INSULT_REASON,Bu rakam masayı devirir.,That number tips the table over.
SALES_ARCH_OPS_CAUTIOUS_LINE,Ölçülü bir alıcı. Kararlılık onun için her şeyden önce gelir.,A measured buyer. Stability comes first.
SALES_ARCH_TECH_EXACTING_LINE,Teknik taraf soruyor. Ürünün nereye kadar gittiğini bilmek ister.,The technical side is asking. They want to know how far the product goes.
SALES_ARCH_FINANCE_BRISK_LINE,"Hızlı konuşur, düşük rakam ister.",Talks fast and wants a low number.
SALES_PROBE_PROBE_STABILITY_RECORD,Bizim için en önemli konu kararlılık. Bugüne kadar kesinti yaşadınız mı?,Stability matters most to us. Have you had outages?
SALES_PROBE_PROBE_STABILITY_BUGS,Açık hata sayınızı duydum. Bunlar bizim işimizi nasıl etkiler?,We hear you have open bugs. How do they affect our work?
SALES_PROBE_PROBE_LADDER_REACH,"Ürün nereye kadar gidiyor? Bugün ne var, bu çeyrek ne çıkıyor?","How far does the product go? What is live, what ships this quarter?"
SALES_PROBE_PROBE_LADDER_LOCKED,İhtiyacımız olan kademe listede var ama kapalı görünüyor.,The tier we need is on the list but it reads as closed.
SALES_PROBE_PROBE_PROVIDER_TRUST,Veri nerede duruyor? Altyapıyı kimden alıyorsunuz?,Where does the data sit? Who do you buy infrastructure from?
SALES_PROBE_PROBE_WHO_DO_I_CALL,Bir sorun çıktığında kimi arıyorum?,"When something breaks, who do I call?"
SALES_PROBE_PROBE_SWITCHING_RISK,"Geçiş ne kadar sürer? İki kere sistem değiştirdik, ikisi de uzadı.",How long is the switch? We have done this twice and both ran long.
SALES_PROBE_PROBE_CAPACITY,Yoğun günde ne oluyor? Bizim yükümüz sabit değil.,What happens on a heavy day? Our load is not flat.
SALES_INNER_VOICE_0,Her cevap not ediliyor.,Every answer is being written down.
SALES_INNER_VOICE_1,Sorular hazırlanmış. Bu görüşmeye çalışmışlar.,The questions were prepared. They worked on this meeting.
SALES_INNER_VOICE_2,Kimse acele etmiyor. Bu iyiye de kötüye de gidebilir.,Nobody is hurrying. That can go either way.
SALES_WIN_CUT,Bu kadar soru yeter. Rakamı konuşalım.,Enough questions. Let's talk numbers.
SALES_LOSS_STABILITY,Kararlılık bizim için hâlâ açık bir soru.,Stability is still an open question for us.
SALES_LOSS_MISSING_TIER,İhtiyacımız olan kademe yok. Onsuz alamayız.,The tier we need is not there. We cannot buy without it.
SALES_LOSS_PROVIDER_TRUST,Altyapı tarafı bizim eşiğimizi geçmiyor.,The infrastructure side does not clear our bar.
SALES_LOSS_PRICE,Rakam bu iş için bizde karşılık bulmuyor.,The number does not land for this piece of work.
SALES_LOSS_SWITCHING_RISK,Sizde müşteri ilişkilerine ayrılmış kimse yok. Bu riski taşıyamayız.,Nobody on your side is dedicated to customer success. We cannot carry that risk.
SALES_MEMORY_STABILITY,Geçen sefer kararlılık konuşulmuştu.,Last time we talked about stability.
SALES_MEMORY_MISSING_TIER,Geçen sefer eksik kademe konuşulmuştu.,Last time we talked about the missing tier.
SALES_MEMORY_PROVIDER_TRUST,Geçen sefer altyapı konuşulmuştu.,Last time we talked about infrastructure.
SALES_MEMORY_PRICE,Geçen sefer rakamda anlaşamamıştık.,Last time we did not meet on the number.
SALES_MEMORY_SWITCHING_RISK,Geçen sefer bizimle kimin ilgileneceği konuşulmuştu.,Last time we talked about who would look after us.
SALES_LOCK_AXIS_STABILITY,Kararlılık bunu henüz desteklemiyor.,Stability does not back that up yet.
SALES_LOCK_STEPS_SHIPPED,Yayınlanmış kademeler bunu henüz desteklemiyor.,Shipped tiers do not back that up yet.
SALES_LOCK_PROVIDER,Altyapın yerel bir sağlayıcıda.,Your infrastructure is with a local provider.
SALES_LOCK_CS_STAFFED,Müşteri ilişkilerine atanmış kimse yok.,Nobody is assigned to customer success.
SALES_LOCK_AXIS_EXPERIENCE,Deneyim bunu henüz desteklemiyor.,Experience does not back that up yet.
SALES_LOCK_OPEN_PITCH_PROMISE,Verilmiş bir sözün var.,You already gave your word.
SALES_ANS_PROBE_STABILITY_RECORD_A_STRENGTH,"Kararlılık yerinde, açık hata listesi kısa. Gösterebilirim.",Stability holds and the open bug list is short. I can show you.
SALES_ANS_PROBE_STABILITY_RECORD_A_ADMIT,Her şey sorunsuz gitmedi. Kaydı olduğu gibi gösteririm.,Not everything has run clean. I will show you the record as it is.
SALES_ANS_PROBE_STABILITY_RECORD_A_CHARISMA,Kesintiyi ben karşılarım. Numaram sizde olur.,Outages come to me. You will have my number.
SALES_ANS_PROBE_STABILITY_BUGS_A_ADMIT,Açık hatalarımız var ve listesi bende.,We have open bugs and I have the list.
SALES_ANS_PROBE_STABILITY_BUGS_A_PROMISE,İhtiyacınız olan kademeyi bir sonraki sprintimize alırım. Yazılı veririm.,The tier you need goes into our next sprint. I will put it in writing.
SALES_ANS_PROBE_STABILITY_BUGS_A_REFERENCE,Sizin ölçeğinizde bir müşterimiz var. Onu arayın.,We carry an account your size. Call them.
SALES_ANS_PROBE_LADDER_REACH_A_STRENGTH,Birkaç kademe şimdiden canlıda. Bugün kullanabilirsiniz.,Several tiers are already live. You can use them today.
SALES_ANS_PROBE_LADDER_REACH_A_ADMIT,Ürünün bir kısmı henüz yok. Bugün olanı gösterebilirim.,Part of the product is not there yet. I can show you what is.
SALES_ANS_PROBE_LADDER_REACH_A_PROMISE,İhtiyacınız olan kademeyi öne alırım.,I will move the tier you need forward.
SALES_ANS_PROBE_LADDER_LOCKED_A_ADMIT,O kademe kapalı. Henüz açamıyoruz.,That tier is closed. We cannot open it yet.
SALES_ANS_PROBE_LADDER_LOCKED_A_PROMISE,Bir sonraki sprintte sizin için yapacağımız kademeyi yazılı veririm.,I will put in writing which tier we build for you next sprint.
SALES_ANS_PROBE_LADDER_LOCKED_A_CHARISMA,Kapalı kademe bir liste maddesi. Asıl soru neye yaradığı.,A closed tier is a line on a list. The question is what it buys you.
SALES_ANS_PROBE_PROVIDER_TRUST_A_STRENGTH,Veri bir bulut sağlayıcısında duruyor. Kurulumu gösterebilirim.,The data sits with a cloud provider. I can show you the setup.
SALES_ANS_PROBE_PROVIDER_TRUST_A_ADMIT,Henüz kurumsal bulutta değiliz. Bugünkü hâli bu.,We are not on an enterprise cloud yet. This is where it stands.
SALES_ANS_PROBE_PROVIDER_TRUST_A_REFERENCE,Aynı soruyu soran bir müşterimiz var. Onunla konuşun.,An account of ours asked the same thing. Talk to them.
SALES_ANS_PROBE_WHO_DO_I_CALL_A_STRENGTH,Müşteri ilişkilerinden biri sizinle ilgilenir.,Someone in customer success takes your call.
SALES_ANS_PROBE_WHO_DO_I_CALL_A_ADMIT,Açıkçası çoğu zaman beni ararsınız.,"Honestly, it will be me more often than not."
SALES_ANS_PROBE_WHO_DO_I_CALL_A_CHARISMA,Sizin ölçeğinizde bir müşteriyle zaten bizzat ben ilgilenirim.,At your size I would take the call myself anyway.
SALES_ANS_PROBE_SWITCHING_RISK_A_STRENGTH,Ürün kolay öğreniliyor. Ekibinizin alışması uzun sürmez.,The product is easy to learn. Your people will not need long.
SALES_ANS_PROBE_SWITCHING_RISK_A_ADMIT,Verinizi görmeden tarih vermek istemem.,I will not give you a date before I see your data.
SALES_ANS_PROBE_SWITCHING_RISK_A_PROMISE,İmzalarsanız ihtiyacınız olan kademeyi bir sonraki sprintimize yazarım.,"Sign, and the tier you need goes into our next sprint, in writing."
SALES_ANS_PROBE_CAPACITY_A_ADMIT,Yoğun günde kapasite zorlanıyor. Bugünkü hâli bu.,Capacity strains on a heavy day. This is where it stands.
SALES_ANS_PROBE_CAPACITY_A_PROMISE,İhtiyacınız olan kademeyi yazılı olarak bir sonraki sprintimize alırım.,"I will put the tier you need into our next sprint, in writing."
SALES_LOG_EXPIRED,{company} beklemekten vazgeçti,{company} stopped waiting
SALES_LOG_FOUNDER_CLOSE,{company} anlaşmasını sen kapattın · {amount}/ay,You closed {company} · {amount}/mo
NEG_HOLD,Rakamında ısrar et,Hold your number
NEG_HOLD_REASON,Anlaşma olmaz. Fiyattan kalkarlar ve bunu hatırlarlar.,No deal. They walk on the price and remember it.
NEG_LAST_OFFER_REASON,Sabır bitti. Bu rakam ya kabul edilir ya masa kapanır.,Patience is out. Take this number or the table closes.
B2B_LOCK_NO_PAIN_TARGET,Ne istediklerini söylemediler. Söz verilecek bir şey yok.,They haven't named what they want. There's nothing to promise yet.
B2B_LOCK_PAIN_SHIPPED,İstedikleri şey zaten yayında.,What they asked for is already live.
B2B_LOCK_PAIN_GATED,Bunu yapabilecek kimse yok henüz. Ne ekip var ne araştırma.,Nobody here can build that yet. Not the people and not the research.
PROD_DESK_NOBODY_ELIGIBLE,Masayı taşıyabilecek kimse yok. Bir Müşteri Temsilcisi ya da Yazılımcı işe al.,Nobody can staff the desk. Hire a Customer Rep or an Engineer.
SALES_PROMISE_OPEN,Açık söz: {feature} · {n} hafta,Open promise: {feature} · {n} weeks
SALES_PROMISE_OPEN_ONE,Açık söz: {feature} · {n} hafta,Open promise: {feature} · {n} week
SALES_PROMISE_OPEN_THIS_WEEK,Açık söz: {feature} · bu hafta,Open promise: {feature} · this week
SALES_WEEKLY_TOTAL,Toplam: {n} anlaşma · {mrr}/ay,Total: {n} deals · {mrr}/mo
HR_FOUNDER_STATE_CARE,Müşterilerle ilgileniyor,Looking after customers
SEED_SECTION_TITLE,Seed turu,Seed round
SEED_DOOR_LINE,"Gelir bir tura yetecek kadar düzenli. Dört fondan biriyle oturabilirsin; bir tur, bir fon.","Revenue is steady enough to carry a round. You can sit down with one of the four funds: one round, one fund."
SEED_DOOR_HINT,Masaya oturmadan önce seçtiğin fon değişmez.,"Once you sit down, the fund you chose is the fund you have."
SEED_PITCH_BUTTON,Bu fonla görüş,Meet this fund
SEED_PITCH_CONFIRM_TITLE,Turu bu fonla açmak,Opening the round with this fund
SEED_PITCH_CONFIRM_BODY,{investor} ile oturacaksın. Bu turda ikinci bir görüşme yok; diğer üç fon Series A'ya kalır.,"You will sit down with {investor}. There is no second meeting this round, and the other three funds keep until Series A."
SEED_PITCH_CONFIRM_OK,Otur,Sit down
SEED_BLOCK_TAKEN,Tur kapandı; para hesapta.,The round is closed and the money is in.
SEED_BLOCK_SPENT,Bu turdaki tek görüşmeni kullandın.,You have used this round's one meeting.
SEED_BLOCK_CLOSED,Gelir henüz bir turu taşımıyor.,Revenue is not carrying a round yet.
SEED_BLOCK_BUSY,Önce masadaki işi bitir.,Finish what is on the table first.
SEED_PITCH_SPENT_LINE,{investor} ile görüştün. Bu turun görüşmesi buydu.,You met {investor}. That was this round's meeting.
SEED_OFFER_LINE,{investor} bir teklif bıraktı.,{investor} left an offer.
SEED_OFFER_TERMS,{band} koşullar · süresiz,"{band} terms, no deadline"
SEED_BAND_STRONG,Açık,Open-handed
SEED_BAND_STANDARD,Ölçülü,Measured
SEED_BAND_HARSH,Sıkı,Tight
SEED_DONE_LINE,{investor} · {amount} · {equity} hisse,{investor} · {amount} · {equity} of the company
SEED_EXPECT_LABEL,Büyüme beklentisi,Growth expectation
SEED_EXPECT_GRACE,İlk aylar sayılmıyor. Üç aylık ortalamana {weeks} hafta sonra bakılacak.,The first months do not count. Your three-month average starts being read in {weeks} weeks.
SEED_EXPECT_GRACE_ONE,İlk aylar sayılmıyor. Üç aylık ortalamana gelecek hafta bakılacak.,The first months do not count. Your three-month average starts being read next week.
SEED_EXPECT_ON_TRACK,Üç aylık ortalama {avg}; beklenen {need}.,"Three-month average {avg}, against the {need} expected."
SEED_EXPECT_STALLED,Durgun. Üç aylık ortalama {avg}; beklenen {need}.,"Stalled. Three-month average {avg}, against the {need} expected."
SEED_EXPECT_UNKNOWN,Ortalama için yeterli kapanmış ay yok.,Not enough closed months to read an average yet.
SEED_LEVER_RAISE,Yatırım,Investment
SEED_IMPLIED_POST,ima edilen değerleme {post},implied valuation {post}
SEED_WALK_LOCK,Turu geri çevirmek zor modda açılır.,Turning the round down unlocks in hard mode.
SEED_FRANK_OPENING,"""Teklif duruyor, kaçmıyor. Ama pazarlık ettiğin her şeyin bir bedeli var: sabırları.""","""The offer is not going anywhere. But everything you negotiate for costs the same thing: their patience."""
SEED_FRANK_NEXT_MOVE,"""Bir hamlen daha var.""","""You have another move."""
SEED_FRANK_LAST_MOVE,"""Son sabırları. Dikkat.""","""That is the last of their patience."""
SEED_FRANK_WON,"""{lever} bizde.""","""We got {lever}."""
SEED_FRANK_RESISTED,"""Direniyorlar: {lever}.""","""They are holding on {lever}."""
SEED_FRANK_FINAL,"""Pazarlık bitti. Masadaki rakam bu, ve bu turu imzalıyoruz.""","""The negotiation is over. That is the number, and we are signing this round."""
SEED_RESULT_FINAL,Son teklifleri bu. İmzala.,This is their final offer. Sign it.
SEED_RESULT_FINAL_MOVE,Bir kez daha esnediler: {move}. Bu son teklif. İmzala.,They gave a little more: {move}. This is final. Sign it.
SEED_INV_FINAL,"""Son rakamımız bu. İmzalayalım.""","""That's our final number. Let's sign it."""
SEED_BOARD_LOCKED,Seed turunda yönetim kurulu pazarlığa açılmıyor.,The board term is not up for negotiation at seed.
SEED_DOOR_TITLE,Kapı aralandı,The door is open
SEED_DOOR_BODY,"Frank arıyor.

""Gelirin artık bir turu taşıyor. Dört fon var, hepsini tanıyorum, ve hepsi seni farklı bir şeyle tartar. Birini seç, ben ayarlarım.""

""Bu para büyümek için. Aldığın gün bir söz vermiş olacaksın.""","Frank calls.

""Your revenue carries a round now. There are four funds, I know all of them, and every one of them weighs you on something different. Pick one and I will set it up.""

""This money is for growing. The day you take it, you have made a promise."""
SEED_DOOR_GO,Yatırım'a git,Go to Funding
SEED_OFFER_TITLE,Teklif masada,The offer is on the table
SEED_OFFER_BODY_STRONG,"{investor} teklifi gönderdi ve rakamlar açık.

Frank: ""Odayı kazanmışsın. Bu koşullarla oturursan pazarlık edecek çok şeyin bile olmayabilir.""","{investor} sent the sheet, and the numbers are open-handed.

Frank: ""You won the room. Sit down with terms like these and you may not have much left to argue about."""
SEED_OFFER_BODY_STANDARD,"{investor} teklifi gönderdi.

Frank: ""Standart bir tur. Ne cömert ne kırıcı. Masada birkaç hamlen var.""","{investor} sent the sheet.

Frank: ""A standard round. Neither generous nor unkind. You have a few moves at the table."""
SEED_OFFER_BODY_HARSH,"{investor} teklifi gönderdi ve koşullar sıkı.

Frank: ""Oda soğuktu, teklif de öyle. Yine de bu bir teklif. Masada elimizden geleni yaparız.""","{investor} sent the sheet, and the terms are tight.

Frank: ""The room was cold and so is the offer. It is still an offer. We do what we can at the table."""
SEED_OFFER_SIT,Masaya otur,Sit down at the table
SEED_OFFER_LATER,Sonra,Later
SEED_CLOSED_TITLE,Para hesapta,The money's in
SEED_CLOSED_BODY,"Bu turu başarıyla atlattık. Para hesapta.

Frank'ten mesaj.

""Tamam, bunu cebe koyduk. Bu para dursun diye gelmedi, büyüyeceğiz. Series A masasına oturduğumuzda elimiz daha güçlü olmalı.""","You got through the round. The money is in the account.

A message from Frank.

""Good, money in the bank. It didn't come in to sit there, we grow with it. By the time we sit down for Series A we need to be in a stronger position."""
SEED_CLOSED_OK,Tamam,All right
SEED_STALL_TITLE,Çeyrek notu,The quarterly note
SEED_STALL_BODY,"{investor} bir mail göndermiş: son üç ay, tek sayfa, yorumsuz.

Büyüme satırının yanı boş. Yorum da bu.","A mail from {investor}: the last three months on a single page. No comment.

The growth line has nothing written next to it. That's the comment."
SEED_STALL_READ,Kenara koy,Set it aside
SEED_STALL_EXPIRE,Çeyrek notu okunmadan kaldı.,The quarterly note went unread.
SEED_TX_LABEL,Seed turu,Seed round
SEED_MONTH_HIGHLIGHT,Seed turu kapandı,The seed round closed
SEED_CAP_ROW,Seed · %{pct},Seed · {pct}%
VC_WHY_SEED_LEAD,Turu onlar açtı,They led your round
ENDING_FRANK_TAG,{name} · MENTOR,{name} · MENTOR
ENDING_CARD_SERIESB_TAG,KİLOMETRE TAŞI · SERIES B,MILESTONE · SERIES B
ENDING_CARD_SERIESB_TITLE,Series B,Series B
ENDING_CARD_SERIESB_BODY,"Series A oyunu bitirmez. İkinci tur para, prestij ve daha yüksek bir çıta getirir; koşu devam eder.","Series A does not end the game. The second round brings money, standing and a higher bar, and the run carries on."
ENDING_CARD_IPO_TAG,KİLOMETRE TAŞI · HALKA ARZ,MILESTONE · IPO
ENDING_CARD_IPO_TITLE,Halka arz,IPO
ENDING_CARD_IPO_BODY,"Değerleme eşiği geçildiğinde kapı görünür olur. Ardındaki oyun başka bir oyundur: regülasyon, kamu gözü, devlerle aynı pazar.","Cross the valuation threshold and the door becomes visible. What is behind it is a different game: regulation, public scrutiny, the same market as the giants."
END_STAT_AUDIENCE,KİTLE,AUDIENCE
END_STAT_PAYING,ÖDEYEN,PAYING
END_SA_AUDIENCE,Turun kapandığı gün ürünü {n} kişi ödeyerek kullanıyordu.,"On the day the round closed, {n} people were paying to use the product."
END_SA_AUDIENCE_ONE,Turun kapandığı gün ürünü {n} kişi ödeyerek kullanıyordu.,"On the day the round closed, {n} person was paying to use the product."
END_ACQ_AUDIENCE,Devredilen kullanıcı tabanında {n} ödeyen hesap vardı.,The user base that changed hands held {n} paying accounts.
END_ACQ_AUDIENCE_ONE,Devredilen kullanıcı tabanında {n} ödeyen hesap vardı.,The user base that changed hands held {n} paying account.
END_BK_AUDIENCE,Kapanış günü ürünü ödeyerek kullanan {n} kişi vardı.,On the closing day {n} people were still paying for the product.
END_BK_AUDIENCE_ONE,Kapanış günü ürünü ödeyerek kullanan {n} kişi vardı.,On the closing day {n} person was still paying for the product.
END_VC_AUDIENCE,Ürünü ödeyerek kullanan {n} kişi vardı; yatırımcıya yetmedi.,{n} people were paying for the product. It was not enough for the room.
END_VC_AUDIENCE_ONE,Ürünü ödeyerek kullanan {n} kişi vardı; yatırımcıya yetmedi.,{n} person was paying for the product. It was not enough for the room.
END_BS_AUDIENCE,Ödeyen {n} kullanıcıyla defter dengede tutuldu.,The books were held level on {n} paying users.
END_BS_AUDIENCE_ONE,Ödeyen {n} kullanıcıyla defter dengede tutuldu.,The books were held level on {n} paying user.
END_RF_AUDIENCE,"Geride ödeyen {n} kullanıcı kaldı; hikâye kapanmadı, gündemden düştü.","It leaves {n} paying users behind. The story did not close, it dropped off the agenda."
END_RF_AUDIENCE_ONE,"Geride ödeyen {n} kullanıcı kaldı; hikâye kapanmadı, gündemden düştü.","It leaves {n} paying user behind. The story did not close, it dropped off the agenda."
END_RF_SEED_TAKEN,Bir tur para alınmıştı; büyüme sözü tutuldu ama kapı yine de açılmadı.,"A round had been raised, and the growth promised with it came. The door still did not open."
END_RF_SEED_STALLED,Bir tur para alınmıştı; ardından gelen aylar sözü tutmadı.,A round had been raised. The months that followed did not keep its promise.
END_STAT_SALE_PRICE,SATIŞ BEDELİ,SALE PRICE
END_ACQ_PRICE,Devir {valuation} değerleme üzerinden konuşuldu.,The handover was agreed at a valuation of {valuation}.
EFFECT_RUN_ENDS,Koşu biter,The run ends
EFFECT_VC_ROAD_CLOSES,VC yolu kapanır,The VC road closes
EFFECT_SEED_TABLE,Masaya oturursun,You sit down at the table
EFFECT_FUND_CLOSES,Bu fon kalıcı olarak kapanır,This fund closes for good
VC_Q_REPEATABLE,"""Bu defterin çoğunu siz kapatmışsınız. Siz odada olmadığınızda da kapanıyor mu?""","""You closed most of this book yourself. Does it close when you are not in the room?"""
VC_Q_REPEATABLE_MONO,Defteri kimin kapattığını soracak.,They will ask who closed the book.
SEED_B1_LINE,"""{investor}. Geç oturun, kahve söylemeyeceğim; yarım saatimiz var. Sizi anlatın.""","""{investor}. Sit down, I will not order coffee; we have half an hour. Tell me about you."""
SEED_B1_MONO,Odayı oku.,Read the room.
SEED_B1_MONO_WHY,Odayı oku: {reasons},Read the room: {reasons}
SEED_B2_LINE,"""Neden siz, neden şimdi? Bu iki soruya verdiğiniz cevap turun tamamı.""","""Why you, and why now? Your answer to those two questions is the whole round."""
SEED_B2_MONO,Açı seç. Bu odada hikâye rakamdan ağır basar.,Pick an angle. In this room the story outweighs the number.
SEED_B2_METRIC,Metrik: ödeyen ilk kullanıcıları göster.,Metric: show the first users who paid.
SEED_B2_VISION,Vizyon: bunun nereye kadar gittiğini anlat.,Vision: say how far this goes.
SEED_B2_TRACTION,Traction: son üç ayın eğrisini koy.,Traction: put the last three months on the table.
SEED_Q_FIRST_CUSTOMERS,"""İlk ödeyen müşterileriniz sizi nasıl buldu?""","""How did your first paying customers find you?"""
SEED_Q_FIRST_CUSTOMERS_MONO,"Dağıtımı soracak, rakamı değil.","They will ask about distribution, not the number."
SEED_Q_TEAM_WINS,"""Bu işi yapmaya çalışan başka ekipler de var. Neden bu ekip kazansın?""","""Other teams are trying to build this. Why does this one win?"""
SEED_Q_TEAM_WINS_MONO,"Ekibi soracak. Kişi sayısını değil, neden bu kişiler olduğunu.","They will ask about the team: not how many, but why these people."
SEED_Q_INSIGHT,"""Bu fikir nereden geldi? Bildiğiniz ve başkalarının bilmediği şey ne?""","""Where did this come from? What do you know that the others do not?"""
SEED_Q_INSIGHT_MONO,İçgörünün kaynağını soracak.,They will ask where the insight comes from.
SEED_Q_HOW_BIG,"""Diyelim ki her şey yolunda gitti. Bu ne kadar büyür?""","""Say everything goes right. How big does this get?"""
SEED_Q_HOW_BIG_MONO,Tavanı soracak. Küçük bir cevap turu bitirir.,They will ask about the ceiling. A small answer ends the round.
SEED_Q_CLEAN,"""Sormak istediğim bir şey kalmadı, ki bu nadirdir. Devam edin.""","""I have nothing left to ask, which is rare. Go on."""
SEED_Q_CLEAN_MONO,Temiz alan. Nefes al.,Clean ground. Breathe.
SEED_B4_LINE_STRONG,"""Bu turu ben açacağım. Kâğıdı bugün gönderiyorum ve rakamlar açık olacak.""","""I will lead this round. The sheet goes out today, and the numbers will be open-handed."""
SEED_B4_MONO_STRONG,Odayı kazandın.,You won the room.
SEED_B4_LINE_STANDARD,"""Girerim. Rakamlar standart olacak; anlatı beni ikna etti, geri kalanı henüz erken.""","""I am in. The numbers will be standard: the story convinced me, the rest is still early."""
SEED_B4_MONO_STANDARD,Girdi. Koşullar ortalama.,They are in. The terms are ordinary.
SEED_B4_LINE_HARSH,"""Girerim, ama ucuza. Bu aşamada aldığım risk fiyata yansır; kâğıtta göreceksiniz.""","""I am in, but cheaply. The risk I am taking at this stage shows up in the price, and you will see it on the sheet."""
SEED_B4_MONO_HARSH,Girdi. Ama fiyatını söyledi.,They are in. And they named the price.
SEED_B4_ACK,Kâğıdı bekliyorum.,I will wait for the sheet.
SEED_RES_STRONG,"""Kâğıt yolda. İyi bir tur olacak.""","""The sheet is on its way. This will be a good round."""
SEED_RES_STANDARD,"""Kâğıt yolda. Masada konuşuruz.""","""The sheet is on its way. We will talk at the table."""
SEED_RES_HARSH,"""Kâğıt yolda. Beğenmeyebilirsiniz.""","""The sheet is on its way. You may not like it."""
VC_WHY_FOUNDER_STRONG,Kurucu ikna ediyor,The founder convinces
VC_WHY_FOUNDER_WEAK,Kurucu henüz taşımıyor,The founder does not carry it yet
VC_WHY_SHIPPED,Ortada çalışan bir ürün var,There is a working product
SEED_STALL_VERDICT,"İki yıl oldu. Bir tur para aldık, büyüyeceğimizi söyledik, büyümedik.

Yarın bunu bir daha konuşmayacağız.","Two years. We took a round, we said we would grow, and we did not.

Tomorrow we do not talk about this again."
SALES_WEEKLY_TITLE,Haftanın satışları,The week in sales
ENDING_MILESTONE_HEAD,KİLOMETRE TAŞI,MILESTONE
ENDING_MILESTONE_BODY,Bu bir son değil. Şirket yoluna devam ediyor.,This isn't the end. The company keeps going.
ENDING_MAIN_MENU,ANA MENÜ,MAIN MENU
END_SPAN_OVER_TWO_YEARS,iki yılı aşkın sürede,in over two years
OFFICE_TIER_HOME,Perde 1,Act 1
OFFICE_TIER_ISHANI,Başlangıç,Starter
OFFICE_TIER_PLAZA,Orta,Mid
OFFICE_TIER_LOFT,Yüksek,High
OFFICE_NAME_HOME,Ev,Home
OFFICE_NAME_ISHANI,İş hanı,Business block
OFFICE_NAME_PLAZA,Plaza katı,Plaza floor
OFFICE_NAME_LOFT,Depo loft,Warehouse loft
OFFICE_DESC_HOME,Kurucunun dairesi · eski bir apartmanın 4. katı,The founder's flat · 4th floor of an old apartment block
OFFICE_DESC_ISHANI,Dört katlı eski bir iş hanının 3. katı,3rd floor of an old four-storey business block
OFFICE_DESC_PLAZA,Cam bir plaza kulesinin tam katı,A full floor of a glass office tower
OFFICE_DESC_LOFT,Dönüştürülmüş tuğla depo · zemin ve asma kat,A converted brick warehouse · ground floor and mezzanine
OFFICE_ROOM_STUDY_CORNER,Çalışma köşesi,Study corner
OFFICE_ROOM_KITCHEN_CORNER,Mutfak köşesi,Kitchen corner
OFFICE_ROOM_BEDROOM,Yatak odası,Bedroom
OFFICE_ROOM_BATHROOM,Banyo,Bathroom
OFFICE_ROOM_BALCONY,Balkon,Balcony
OFFICE_ROOM_OPEN_OFFICE,Açık ofis,Open-plan office
OFFICE_ROOM_MEETING_ROOM,Toplantı odası,Meeting room
OFFICE_ROOM_FOUNDER_GLASS,Kurucu cam ofisi,Founder's glass office
OFFICE_ROOM_KITCHEN,Mutfak,Kitchen
OFFICE_ROOM_RESTROOM,Tuvalet,Restroom
OFFICE_ROOM_RECEPTION,Resepsiyon,Reception
OFFICE_ROOM_MEETING_ROOMS_2,2 toplantı odası,2 meeting rooms
OFFICE_ROOM_BOARD_ROOM,Yönetim kurulu salonu,Board room
OFFICE_ROOM_DEPARTMENT_PODS,Departman adaları,Department pods
OFFICE_ROOM_PHONE_BOOTHS,Telefon kabinleri,Phone booths
OFFICE_ROOM_CAFE_GAMES,Kafe ve oyun alanı,Cafe and games area
OFFICE_ROOM_RECEPTION_SECURITY,Resepsiyon ve güvenlik,Reception and security
OFFICE_ROOM_STAGE,Amfi ve sahne,Amphitheatre and stage
OFFICE_ROOM_MEETING_ROOMS_3,3 toplantı odası,3 meeting rooms
OFFICE_ROOM_GAMES,Oyun alanı,Games area
OFFICE_ROOM_VP_OFFICES,VP odaları,VP offices
OFFICE_ROOM_EXECUTIVE,Yönetim salonu,Executive room
OFFICE_ROOM_FOUNDER_OFFICE,Kurucu ofisi,Founder's office
OFFICE_REQ_ANGEL,Frank'in çeki alındı,Frank's cheque taken
OFFICE_REQ_TEAM,Ekip en az {n} kişi,Team of at least {n}
OFFICE_REQ_CASH,Kasada {money},{money} in the bank
OFFICE_REQ_BRAND,Marka en az {n},Brand at least {n}
OFFICE_REQ_NOW,şu an {value},now {value}
OFFICE_REQ_NOW_CLOSED,alındı,taken
OFFICE_REQ_NOW_OPEN,henüz değil,not yet
OFFICE_STATUS_CURRENT,Mevcut,Current
OFFICE_STATUS_MOVABLE,Taşınabilir,Can move
OFFICE_STATUS_BLOCKED,Şartlar karşılanmadı,Requirements not met
OFFICE_MAP_TITLE,Ofis seç,Choose an office
OFFICE_MAP_SUB,3 kademe · taşınma bir hafta sürer,3 tiers · moving takes a week
OFFICE_MAP_LOADING,Şehir haritası hazırlanıyor,Preparing the city map
OFFICE_MOVE_BTN,Ofisi taşı,Move the office
OFFICE_CARD_DESKS,MASA,DESKS
OFFICE_CARD_RENT,KİRA / AY,RENT / MO
OFFICE_CARD_MOVE,TAŞINMA,MOVE
OFFICE_CARD_MOVE_NOTE,Depozito {deposit} + nakliye {move},Deposit {deposit} + movers {move}
OFFICE_CARD_MOVE_FREE,Kira yok · taşınma bedeli yok,No rent · no moving cost
OFFICE_CARD_ROOMS,GETİRDİKLERİ,WHAT YOU GET
OFFICE_CARD_REQS,ŞARTLAR,REQUIREMENTS
OFFICE_CARD_CANCEL,Vazgeç,Cancel
OFFICE_CARD_HERE,Buradasınız,You are here
OFFICE_CARD_MOVE_FOR,Taşın · {money},Move · {money}
OFFICE_CARD_UNMET,{n} şart karşılanmadı,{n} requirements unmet
OFFICE_TOAST_MOVED,Yeni ofis,New office
OFFICE_TOAST_MOVE_STARTED,Taşınma başladı,Move started
OFFICE_CHIP_CURRENT,MEVCUT · {name},CURRENT · {name}
OFFICE_HOVER_HOME,Kurucunun dairesi,The founder's flat
OFFICE_HOVER_LINE,{desks} masa · {money}/ay,{desks} desks · {money}/mo
OFFICE_MOVING_BADGE,Taşınıyor · {weeks} hafta,Moving · {weeks} weeks
OFFICE_ACT_CODE,Kod yazıyor,Writing code
OFFICE_ACT_RESEARCH,Araştırıyor,Researching
OFFICE_ACT_DESIGN,Çizim yapıyor,Sketching
OFFICE_ACT_PHONE,Müşteriyle görüşüyor,On a customer call
OFFICE_ACT_TEST,Test ediyor,Testing
OFFICE_ACT_PLAN,Planlama yapıyor,Planning
OFFICE_ACT_COFFEE,Kahve molası,Coffee break
OFFICE_ACT_WC,Tuvalette,In the restroom
OFFICE_ACT_FOOD,Yemek yiyor,Eating
OFFICE_ACT_VISIT,Masaları dolaşıyor,Walking the desks
OFFICE_ACT_WALK,Yürüyor,Walking
OFFICE_TOOLTIP,{name} · {status},{name} · {status}
WIN_CLOSE,Kapat,Close
HR_DOSSIER_NOW,ŞU AN,NOW
HR_DOSSIER_SKILLS,YETENEKLER,SKILLS
HR_DOSSIER_IDLE,Boşta,Idle
OFFICE_ACT_SLEEP,Uyuyor,Asleep
OFFICE_ACT_MEETING,Toplantıda,In a meeting
OFFICE_ACT_LEAVE,Çıkıyor,Heading out
OFFICE_MOVING_BADGE_ONE,Taşınıyor · 1 hafta,Moving · 1 week
OFFICE_CARD_UNMET_ONE,1 şart karşılanmadı,1 requirement unmet
FRANK_OFFICE_MOVE_TITLE,Taşınma vakti,Time to move
FRANK_OFFICE_MOVE_BODY,"Frank'ten mesaj.

""Daire işini gördü, bundan sonrasını kaldırmaz. O parayı şirket senin mutfağında otursun diye koymadım. Şehirde bir dolaş, şirkete düzgün bir ofis bul.""","A message from Frank.

""The flat did its job. It won't do the next one. I didn't put money in so the company could keep living in your kitchen. Go and look around the city and find it a real office."""
FRANK_OFFICE_MOVE_OK,Bakacağım,I'll look into it
FRANK_ADVISORY_MEETING_SET,Görüşme ayarlandı. Hazırlıklı git.,Meeting's set. Go in prepared.
FRANK_ADVISORY_PAID_TIER,Artık ücret almanın vakti. Fiyatı belirle.,Time to start charging. Set the price.
PRODUCT_AREAS,Alanlar,Areas
PRODUCT_BUILT,Yapılanlar,Built
PRODUCT_POSSIBLE,Yapılabilecekler,To build
PRODUCT_VOICES,Sesler,Voices
PRODUCT_VOICES_COUNT,{n} ses,{n} voices
PRODUCT_VOICES_COUNT_ONE,{n} ses,{n} voice
PRODUCT_NEW_COUNT,{n} yeni,{n} new
PRODUCT_NEW_STAMP,Yeni,New
PRODUCT_RIVALS_HAVE,{have}/{total} rakipte var,{have}/{total} rivals have it
PRODUCT_RIVAL_TOPIC,Rakip: {topic},Rival: {topic}
PRODUCT_LEVEL_STRONG,Güçlü,Strong
PRODUCT_LEVEL_ENOUGH,Yeterli,Solid
PRODUCT_LEVEL_WEAK,Zayıf,Weak
PRODUCT_LEVEL_NONE,Yok,None
PRODUCT_AREA_NOTHING_LEFT,Bu alanda yapılacak bir şey kalmadı,Nothing left to build here
PRODUCT_CUSTOMERS,Müşteriler,Customers
PRODUCT_REQUESTS_COUNT,{n} talep,{n} requests
PRODUCT_REQUESTS_COUNT_ONE,{n} talep,{n} request
PRODUCT_CUSTOMERS_NONE,Açık talep yok,No open requests
PRODUCT_DUE_SPRINT,Sprint {n} sonuna kadar,By the end of sprint {n}
PRODUCT_PER_YEAR,{amount}/yıl,{amount}/yr
PRODUCT_CUSTOMER_TICKETS,{customer} · {n} ticket,{customer} · {n} tickets
PRODUCT_CUSTOMER_TICKETS_ONE,{customer} · {n} ticket,{customer} · {n} ticket
PRODUCT_TAG_SPRINT,Sprint {n},Sprint {n}
PRODUCT_SPRINT_TITLE,Sprint {n},Sprint {n}
PRODUCT_WEEKS,{n} hafta,{n} weeks
PRODUCT_WEEKS_ONE,{n} hafta,{n} week
PRODUCT_WEEK_OF,Hafta {w}/{t},Week {w}/{t}
PRODUCT_THIS_SPRINT,Bu sprint,This sprint
PRODUCT_NEXT,Sonraki,Next
PRODUCT_TEAM_NOBODY,Bu sprintte çalışacak kimse yok,Nobody can work this sprint
PRODUCT_ROLE_MISSING,Ekipte {role} yok · kartlar hatalı çıkabilir,No {role} on the team · cards may ship buggy
PRODUCT_CARD_SPILLS,devreder,carries over
PRODUCT_CARRIED,devreden,carried
PRODUCT_URGENT,Acil,Urgent
PRODUCT_BETA_WAITING,beta bekliyor,in beta
PRODUCT_LOCKED_NODE,Ar-Ge: {node},R&D: {node}
PRODUCT_REMOVE,Çıkar,Remove
PRODUCT_EFFORT_POINTS,{n} puan,{n} points
PRODUCT_EFFORT_POINTS_ONE,{n} puan,{n} point
PRODUCT_EFFORT_PERSON,{name} {weeks},{name} {weeks}
PRODUCT_PERSON_ROLE,{name} · {role},{name} · {role}
PRODUCT_FX_TICKETS_CLOSE,{n} ticket kapatır,closes {n} tickets
PRODUCT_FX_TICKETS_CLOSE_ONE,{n} ticket kapatır,closes {n} ticket
PRODUCT_FX_TICKETS_CLOSED,{n} ticket kapanır,{n} tickets close
PRODUCT_FX_TICKETS_CLOSED_ONE,{n} ticket kapanır,{n} ticket closes
PRODUCT_FX_VOICES_CLOSE,{n} ses kapatır,settles {n} voices
PRODUCT_FX_VOICES_CLOSE_ONE,{n} ses kapatır,settles {n} voice
PRODUCT_FX_HOLDS,{level} kalır,stays {level}
PRODUCT_FX_ALERT_CLEARS,kalkar,clears
PRODUCT_FX_RIVAL_GAP,rakip açığını kapatır,closes the rival gap
PRODUCT_FX_RESEARCH,beklentisi netleşir,expectations get clearer
PRODUCT_FX_REQUEST,{customer} talebi,{customer} request
PRODUCT_FX_ON_TIME,talebi zamanında,request on time
PRODUCT_AT_SPRINT_END,Sprint sonunda,At sprint end
PRODUCT_STATUS,Durum,Status
PRODUCT_STATUS_CARDS,{n} kart,{n} cards
PRODUCT_STATUS_CARDS_ONE,{n} kart,{n} card
PRODUCT_STATUS_DONE,bitti,done
PRODUCT_STATUS_RUNNING,sürüyor,in progress
PRODUCT_STATUS_DECISIONS,{n} karar,{n} decisions
PRODUCT_STATUS_DECISIONS_ONE,{n} karar,{n} decision
PRODUCT_STATUS_WAITING,bekliyor,waiting
PRODUCT_NEXT_RELEASE,Sonraki sürüm,Next release
PRODUCT_IN_WEEKS,{n} hafta sonra,in {n} weeks
PRODUCT_IN_WEEKS_ONE,{n} hafta sonra,in {n} week
PRODUCT_PLUS_ONE_SPRINT,+1 sprint,+1 sprint
PRODUCT_CARDS_LEFT,{n} kart kaldı,{n} cards left
PRODUCT_CARDS_LEFT_ONE,{n} kart kaldı,{n} card left
PRODUCT_LEAD_TIP,Liderin önerisi,Lead's pick
PRODUCT_LEAD_LINE,Lider,Lead
PRODUCT_BETA_CHANNEL,Beta kanalı,Beta channel
PRODUCT_OFF,Kapalı,Off
PRODUCT_ON,Açık,On
PRODUCT_START_SPRINT,Sprinti başlat,Start sprint
PRODUCT_START_NEED_CARD,En az bir kart ekle,Add at least one card
PRODUCT_PLAN_SPRINT,Sprint {n} planına geç,Plan sprint {n}
PRODUCT_PHASE_DESIGN,Tasarım,Design
PRODUCT_PHASE_DEV,Geliştirme,Development
PRODUCT_PHASE_TEST,Test,Test
PRODUCT_RELEASE_NOTE,Sürüm notu,Release note
PRODUCT_SPRINT_END,Sprint {n} sonu,End of sprint {n}
PRODUCT_LIVE,Canlı,Live
PRODUCT_SHIPPED,Çıkanlar,Shipped
PRODUCT_CARRIED_OVER,Devreden,Carried over
PRODUCT_VELOCITY,Hız,Velocity
PRODUCT_VELOCITY_LINE,Ekip {total} puanın {done} tanesini bitirdi.,The team finished {done} of {total} points.
PRODUCT_VELOCITY_LINE_ONE,Ekip {total} puanın {done} tanesini bitirdi.,The team finished {done} of {total} point.
PRODUCT_RESULT,Sonuç,Result
PRODUCT_RESULT_EXPECTED,Beklenen:,Expected:
PRODUCT_RESULT_ACTUAL,Gerçekleşen:,Actual:
PRODUCT_PRESS,Basın,Press
PRODUCT_NO_RELEASE,Bu sprint sürüm çıkmadı,No release this sprint
PRODUCT_RELEASE_BETA,Beta kanalında · bir sonraki sprintte yayına girer,In the beta channel · goes live next sprint
PRODUCT_MVP_NOT_LIVE,MVP · yayında değil,MVP · not live
PRODUCT_HISTORY,Geçmiş,History
PRODUCT_HISTORY_NONE,Henüz sürüm yok,No releases yet
PRODUCT_HISTORY_CARDS,{n} kart,{n} cards
PRODUCT_HISTORY_CARDS_ONE,{n} kart,{n} card
PRODUCT_VIEW_SPRINT,Sprint,Sprint
PRODUCT_VIEW_QUARTER,Çeyrek,Quarter
PRODUCT_QUARTER_NEED_PM,PM işe alınca,Once you hire a PM
PRODUCT_NEXT_EMPTY,→ ile kart gönder,Send cards with →
PRODUCT_FLAG_DEADLINE,{customer} · {request} · son tarih,{customer} · {request} · deadline
PRODUCT_THIS_QUARTER,Bu çeyrek,This quarter
PRODUCT_PM,PM,PM
PRODUCT_APPROVE,Onayla,Approve
PRODUCT_EDIT,Düzenle,Edit
PRODUCT_APPROVE_ALL,Hepsini onayla,Approve all
PRODUCT_APPROVED,Onaylandı,Approved
PRODUCT_FX_VOICES_CLOSED,{n} ses kapanır,{n} voices settle
PRODUCT_FX_VOICES_CLOSED_ONE,{n} ses kapanır,{n} voice settles
PRODUCT_AREA_CORE,Çekirdek,Core
PRODUCT_AREA_CORE_SHORT,Çekirdek,Core
PRODUCT_AREA_ONBOARDING,Onboarding & Erişim,Onboarding & Access
PRODUCT_AREA_ONBOARDING_SHORT,Onboarding,Onboarding
PRODUCT_AREA_GROWTH,Büyüme,Growth
PRODUCT_AREA_GROWTH_SHORT,Büyüme,Growth
PRODUCT_AREA_INTEGRATIONS,Entegrasyonlar,Integrations
PRODUCT_AREA_INTEGRATIONS_SHORT,Entegrasyonlar,Integrations
PRODUCT_AREA_TRUST,Güven & Ölçek,Trust & Scale
PRODUCT_AREA_TRUST_SHORT,Güven,Trust
PRODUCT_AREA_REVENUE,Gelir,Revenue
PRODUCT_AREA_REVENUE_SHORT,Gelir,Revenue
PRODUCT_AREA_CORE_NONE,Ürünün çekirdeği henüz yok,The core of the product does not exist yet
PRODUCT_AREA_CORE_WEAK,Kullanıcılar temel işi yapmakta zorlanıyor,Users struggle to get the basic job done
PRODUCT_AREA_CORE_ENOUGH,Temel iş sorunsuz yürüyor,The basic job runs without trouble
PRODUCT_AREA_CORE_STRONG,Kullanıcılar çekirdeği başkalarına öneriyor,Users recommend the core to others
PRODUCT_AREA_ONBOARDING_NONE,Yeni gelen kullanıcıyı karşılayan bir şey yok,Nothing greets a new user yet
PRODUCT_AREA_ONBOARDING_WEAK,Yeni kullanıcıların çoğu ilk hafta bırakıyor,Most new users quit in the first week
PRODUCT_AREA_ONBOARDING_ENOUGH,Yeni kullanıcılar yolunu buluyor,New users find their way
PRODUCT_AREA_ONBOARDING_STRONG,Yeni kullanıcılar ilk gün alışıyor,New users settle in on day one
PRODUCT_AREA_GROWTH_NONE,Ürün kendi kendine yayılmıyor,The product does not spread on its own
PRODUCT_AREA_GROWTH_WEAK,"Paylaşım zor, davet az geliyor",Sharing is hard and few invites come in
PRODUCT_AREA_GROWTH_ENOUGH,Kullanıcılar arada bir davet gönderiyor,Users send an invite now and then
PRODUCT_AREA_GROWTH_STRONG,Davetler kendiliğinden geliyor,Invites keep arriving on their own
PRODUCT_AREA_INTEGRATIONS_NONE,Başka programlarla bağlantı yok,No connection to other software
PRODUCT_AREA_INTEGRATIONS_WEAK,Veri elle taşınıyor,Data is moved by hand
PRODUCT_AREA_INTEGRATIONS_ENOUGH,Temel programlarla bağlantı kuruluyor,It connects to the main tools
PRODUCT_AREA_INTEGRATIONS_STRONG,Müşteriler ürünü kendi sistemlerine bağlıyor,Customers wire the product into their own systems
PRODUCT_AREA_TRUST_NONE,Ne yedek var ne yetki,No backups and no access control
PRODUCT_AREA_TRUST_WEAK,Veri kaybı ve kesinti korkusu var,People fear data loss and downtime
PRODUCT_AREA_TRUST_ENOUGH,Ürün güvenilir çalışıyor,The product runs reliably
PRODUCT_AREA_TRUST_STRONG,Büyük hesaplar da ürüne güveniyor,Large accounts trust the product too
PRODUCT_AREA_REVENUE_NONE,Ücretli plan henüz yok,No paid plan yet
PRODUCT_AREA_REVENUE_WEAK,"Ücretli plan var, ödeyen az","There is a paid plan, few pay"
PRODUCT_AREA_REVENUE_ENOUGH,Ücretli plan açık,The paid plan is open
PRODUCT_AREA_REVENUE_STRONG,Ödeyen kullanıcılar artıyor,Paying users keep growing
PRODUCT_AREA_TICKETS,{n} açık ticket,{n} open tickets
PRODUCT_AREA_TICKETS_ONE,{n} açık ticket,{n} open ticket
PRODUCT_AREA_RIVAL,{rival} bu alanda yeni bir şey çıkardı,{rival} shipped something new here
PRODUCT_AREA_OVER_CAPACITY,Sunucular yükü kaldırmıyor,The servers can't keep up with the load
PRODUCT_CAP_PAID_PLAN,Ücretli plan,Paid plan
PRODUCT_FIX_CARD,{capability} düzeltmesi,{capability} fix
PRODUCT_RESEARCH_CARD,{n} kullanıcıyla görüş,Talk to {n} users
PRODUCT_REQUEST_CARD,{step} ({customer}),{step} ({customer})
PRODUCT_TICKET_0,{capability}: arada bir yanıt vermiyor,{capability}: stops responding now and then
PRODUCT_TICKET_1,{capability}: kaydettiğim değişiklik kayboldu,{capability}: a change I saved was lost
PRODUCT_TICKET_2,{capability}: hata veriyor ve iş yarım kalıyor,{capability}: throws an error and the job is left half done
PRODUCT_RESEARCH_VOICE_CORE,Görüştüğümüz kullanıcılar temel işin daha hızlı olmasını istiyor,The users we talked to want the basic job to go faster
PRODUCT_RESEARCH_VOICE_ONBOARDING,Görüştüğümüz kullanıcılar ilk günü karışık buluyor,The users we talked to find the first day confusing
PRODUCT_RESEARCH_VOICE_GROWTH,Görüştüğümüz kullanıcılar ürünü bir arkadaşına göstermek istiyor,The users we talked to want to show the product to a friend
PRODUCT_RESEARCH_VOICE_INTEGRATIONS,Görüştüğümüz müşteriler veriyi elle taşımaktan yorulmuş,The customers we talked to are tired of moving data by hand
PRODUCT_RESEARCH_VOICE_TRUST,Görüştüğümüz kullanıcılar verilerinin güvende olduğunu bilmek istiyor,The users we talked to want to know their data is safe
PRODUCT_RESEARCH_VOICE_REVENUE,Görüştüğümüz kullanıcılar neye para ödeyeceğini bilmek istiyor,The users we talked to want to know what they would pay for
PRODUCT_RIVAL_VOICE,{rival} artık şunu yapıyor: {capability}. Sizde ne zaman?,{rival} does this now: {capability}. When will you have it?
PRODUCT_NEWS_RIVAL_LAUNCH_0,{rival} yeni özelliğini duyurdu: {capability},{rival} announced a new feature: {capability}
PRODUCT_NEWS_RIVAL_LAUNCH_1,{rival} kullanıcılarına yeni bir araç sundu: {capability},{rival} rolled out a new tool for its users: {capability}
PRODUCT_PRESS_CORE_0,{product} yeni sürümünü çıkardı: {capability},{product} released a new version: {capability}
PRODUCT_PRESS_CORE_1,{product} güncellendi; öne çıkan yenilik {capability},{product} has been updated; the headline change is {capability}
PRODUCT_PRESS_AREA_0,{product} {area} tarafındaki açığını kapattı,{product} closed its gap on {area}
PRODUCT_PRESS_AREA_1,{product} {area} tarafında toparlandı,{product} has caught up on {area}
PRODUCT_RESULT_LEVEL_EXPECTED,{area} {to} olmalı,{area} should be {to}
PRODUCT_RESULT_LEVEL_ACTUAL,{area} {from} iken {to} oldu,{area} went from {from} to {to}
PRODUCT_RESULT_TICKETS_EXPECTED,{n} ticket kapanmalı,{n} tickets should close
PRODUCT_RESULT_TICKETS_EXPECTED_ONE,{n} ticket kapanmalı,{n} ticket should close
PRODUCT_RESULT_TICKETS_ACTUAL,{n} ticket kapandı,{n} tickets closed
PRODUCT_RESULT_TICKETS_ACTUAL_ONE,{n} ticket kapandı,{n} ticket closed
PRODUCT_RESULT_NONE_EXPECTED,Görünür bir değişiklik beklenmiyor,No visible change expected
PRODUCT_RESULT_NONE_ACTUAL,Görünür bir değişiklik olmadı,Nothing visible changed
PRODUCT_LEAD_TWO,{first} ve {second} bu sprintte bitmeli.,{first} and {second} should land this sprint.
PRODUCT_LEAD_ONE,{card} bu sprintte bitmeli.,{card} should land this sprint.
PRODUCT_LEAD_REQUEST,{request} gecikirse {customer} yenilemez.,"If {request} slips, {customer} won't renew."
PRODUCT_LEAD_CARRIED,{card} bir sprint daha ister.,{card} needs one more sprint.
PRODUCT_LEAD_WEAKEST,{area} sırada.,{area} is next.
PRODUCT_AUTO_STARTED,Sprint otomatik başladı,Sprint started automatically
EFFECT_SPRINT_EFFORT,Efor {v},Effort {v}
EFFECT_SPRINT_PROGRESS,İlerleme {v},Progress {v}
EFFECT_SPRINT_CARRY,Sonraki sprinte devreder,Carries over to the next sprint
EFFECT_SPRINT_HOURS,Bu sprint ekibin çalışma saati ×{v},Team work hours ×{v} this sprint
HR_TASK_ON_PRODUCT,{product} {version} üzerinde çalışıyor,Working on {product} {version}
PRODUCT_LOCK_LIVE,Canlı ürün {mark},Live product {mark}
PRODUCT_GOAL_CORE,kullanıcıların yarısı asıl işini burada bitirsin,half of users get their main job done here
PRODUCT_GOAL_ONBOARDING,yeni kullanıcıların yarısı kalsın,half of new users stay
PRODUCT_GOAL_GROWTH,kullanıcıların yarısı birini getirsin,half of users bring someone in
PRODUCT_GOAL_INTEGRATIONS,müşterilerin yarısı öbür araçlarını bağlasın,half of customers connect their other tools
PRODUCT_GOAL_TRUST,kullanıcıların yarısı verisini emanet etsin,half of users trust it with their data
PRODUCT_GOAL_REVENUE,düzenli kullanıcıların yarısı ödemeye razı olsun,half of regular users would pay
PRODUCT_GOAL_PROGRESS,şu an {total} üzerinden {now},now {now} of {total}
PRODUCT_FX_PROMISE,Söz: {customer},Promise: {customer}
PRODUCT_FX_PROMISE_KEPT,sözü tutulur,promise kept
PRODUCT_PROMISED,söz verildi,promised
PRODUCT_VERSION_KEY,Sürüm,Version
PRODUCT_DECISION_IN_INBOX,Olaylar'da bekliyor,Waiting in Events
PRODUCT_GO_DECISION,Karara git,Go to the decision
PRODUCT_LEAD_APPLY,Uygula,Apply
PRODUCT_RELEASE_HOLD,Sürüm notu açıkken oyun durur,Paused while the release note is open
PRODUCT_OVER_CAPACITY,Kapasite aşıldı · {n} kart devreder,Over capacity · {n} cards carry over
PRODUCT_OVER_CAPACITY_ONE,Kapasite aşıldı · {n} kart devreder,Over capacity · {n} card carries over
PRODUCT_ADD_CLOSED,{pct} üstünde kart eklenmez,Adding closes above {pct}
PRODUCT_GO_TEAM,Ekip'e git,Go to Team
SALES_PROMISE_OPEN_SPRINT,Açık söz: {feature} · Sprint {n} sonuna kadar,Open promise: {feature} · by the end of sprint {n}
FIN_BURN_TOOLS,Araçlar,Tools
FIN_BURN_SERVICE,Servis maliyeti,Service costs
FIN_ONETIME_INCIDENT,Kesinti gideri,Incident costs
FIN_ONETIME_AUDIT,Güvenlik denetimi,Security audit
FIN_ONETIME_RETENTION,Bağlılık primi,Retention bonus
FIN_ONETIME_CONTRACTOR,Dış kaynak ücreti,Contractor fee
FIN_ONETIME_OUTREACH,Tanıtım kampanyası,Outreach campaign
FIN_ONETIME_REFUNDS,İadeler,Refunds
FIN_ONETIME_SIDE_WORK,Yan iş,Side contract
FIN_ONETIME_MEETUP,Topluluk buluşması,Meetup
FIN_ONETIME_SPONSOR,Sponsorluk,Sponsorship
HR_ROW_TOOLS,Aylık araç gideri,Monthly tools
EV_LOCK_NO_SPRINT,Süren bir sprint yok.,No sprint is running.
B2B_LOCK_PROMISE_BROKEN,Bu hesaba verdiğin son söz tutulmadı.,Your last promise to them was not kept.
EFFECT_FIX_RUN_STARTS,Düzeltme başlar,A fix run starts
EV_FOUNDER_MEETUP_TITLE,Konuşma daveti,A speaking slot
EV_FOUNDER_MEETUP_BODY,"Şehirdeki kurucu buluşmasında bir konuşma aralığı boş kalmış, organizatörler sana soruyor. Konuşursan baskı ve küçük bir stant gerekir, bir haftanın akşamları da ürün yerine sunuma gider. Arka sırada oturmanın bedeli yalnız bilet.","The founders' meetup in town has an open speaking slot and the organisers asked if you want it. Speaking means printing, a small stand and a week of evenings spent on slides instead of the product. A seat at the back costs only the ticket."
EV_FOUNDER_MEETUP_TALK,Konuşmayı üstlen,Take the slot
EV_FOUNDER_MEETUP_LISTEN,"Bilet al, dinle",Buy a ticket and listen
EV_FOUNDER_MEETUP_EXPIRED,Buluşma sensiz yapıldı.,The meetup went ahead without you.
EV_FOUNDER_SIDE_CONTRACT_TITLE,Yan iş,Side work
EV_FOUNDER_SIDE_CONTRACT_BODY,"Eski bir iş arkadaşının şirketinde küçük bir entegrasyon yapılacak ve aklına sen gelmişsin. Para iyi, işi de çabuk istiyorlar. Bu iş bitene kadar bütün ekibin sprint saati kısalır.",A former colleague needs a small integration built at their company and thought of you. The pay is good and they want it soon. Until it is done the whole team's sprint hours shrink.
EV_FOUNDER_SIDE_CONTRACT_TAKE,İşin tamamını al,Take the whole job
EV_FOUNDER_SIDE_CONTRACT_HALF,Bir kısmını al,Take only part of it
EV_FOUNDER_SIDE_CONTRACT_EXPIRED,"Cevap gitmedi, başka birini buldular.","No answer went back, so they found someone else."
EV_FOUNDER_SAVINGS_TITLE,Birikim,The savings
EV_FOUNDER_SAVINGS_OK,İşe dön,Back to work
EV_FOUNDER_SAVINGS_EXPIRED,Hesaba bir hafta daha bakılmadı.,The balance went unchecked another week.
EV_FOUNDER_UNSEEN_TITLE,Kimse görmedi,Nobody has seen it
EV_FOUNDER_UNSEEN_OK,Yapmaya devam et,Keep building
EV_FOUNDER_UNSEEN_EXPIRED,Bir hafta daha kimse görmeden geçti.,Another week of building with nobody watching.
EV_PRODUCT_SPRINT_TWO_PATHS_TITLE,İki yol var,Two ways through
EV_PRODUCT_SPRINT_TWO_PATHS_NEW,Kısa yola geç,Take the shorter route
EV_PRODUCT_SPRINT_TWO_PATHS_KNOWN,Bilinen yoldan devam et,Stay on the known route
EV_PRODUCT_SPRINT_TWO_PATHS_EXPIRED,"Karar verilmedi, iş bilinen yoldan sürdü.","No decision came, so the work stayed on the known route."
EV_PRODUCT_SPRINT_LATE_TITLE,Sprint yetişmeyecek,The sprint will not make it
EV_PRODUCT_SPRINT_LATE_CARRY,Sonraki sprinte devret,Carry it to the next sprint
EV_PRODUCT_SPRINT_LATE_CRUNCH,"Her şeyi beklet, işi yetiştir",Put everything else on hold and finish it
EV_PRODUCT_SPRINT_LATE_EXPIRED,"Karar verilmedi, kart sonraki sprinte devretti.","No decision came, so the card carried over to the next sprint."
EV_PRODUCT_SPRINT_CONTRACTOR_TITLE,Dışarıdan destek,Outside help
EV_PRODUCT_SPRINT_CONTRACTOR_HIRE,Serbest çalışan getir,Bring in a contractor
EV_PRODUCT_SPRINT_CONTRACTOR_LEARN,İçeride öğren,Learn it in house
EV_PRODUCT_SPRINT_CONTRACTOR_EXPIRED,"Karar verilmedi, iş yavaş yoldan sürdü.","No decision came, so the work went the slow way."
EV_TEAM_FIRST_WEEKS_TITLE,İlk haftalar,First weeks
EV_TEAM_FIRST_WEEKS_BODY,"{employee} buradaki işleyişi hâlâ öğreniyor, bu hafta aynı soruyu iki kez sordu.",{employee} is still learning how things work here and asked the same question twice this week.
EV_TEAM_FIRST_WEEKS_PAIR,Birkaç gün yanında otur,Sit with them for a few days
EV_TEAM_FIRST_WEEKS_NOTES,Notlara yönlendir,Point them to the notes
EV_TEAM_FIRST_WEEKS_EXPIRED,{employee} işin içinden tek başına çıktı.,{employee} worked it out alone.
EV_TEAM_DEMO_DAY_TITLE,Demo günü,Demo day
EV_TEAM_DEMO_DAY_BODY,"Sprintin ikinci haftası. Biri, sürüm çıkmadan herkesin yaptığını ötekilere göstermesini öneriyor.",It is the second week of the sprint. Someone suggests everyone shows the others what they built before the release goes out.
EV_TEAM_DEMO_DAY_HOLD,Demoyu yap,Hold the demo
EV_TEAM_DEMO_DAY_SKIP,Çalışmaya devam,Keep working
EV_TEAM_DEMO_DAY_EXPIRED,Demo yapılmadı.,The demo never happened.
EV_PRODUCT_BUG_PILE_TITLE,Hata yığını,The bug pile
EV_PRODUCT_BUG_PILE_FIX,Düzeltmeye başla,Start a fix run
EV_PRODUCT_BUG_PILE_LATER,Şimdilik bırak,Leave them for now
EV_PRODUCT_BUG_PILE_LOCK_FIX,Bir düzeltme zaten sürüyor.,A fix run is already under way.
EV_PRODUCT_BUG_PILE_EXPIRED,Yığın olduğu yerde kaldı.,The pile stayed where it was.
EV_PRODUCT_OUTAGE_TITLE,Kesinti,Outage
EV_PRODUCT_OUTAGE_BODY,"Kullanım, sunucuların kaldırabileceğini aştı. Sayfalar zaman aşımına düşüyor, destek hattı meşgul ve müşteriler ne olduğunu soruyor.","Usage went past what the servers can carry. Pages time out, the support line is busy and customers want to know what happened."
EV_PRODUCT_OUTAGE_ALL_HANDS,Herkesi bu işe çek,Pull everyone onto it
EV_PRODUCT_OUTAGE_CREDIT,Kesintiyi telafi et,Pay back the downtime
EV_PRODUCT_OUTAGE_QUIET,"Yamala, bir şey söyleme",Patch it and say nothing
EV_PRODUCT_OUTAGE_EXPIRED,"Kesinti kendi seyrinde bitti, herkes fark etti.",The outage ran its course and people noticed.
EV_CUSTOMER_SECURITY_REVIEW_TITLE,Güvenlik denetimi,Security review
EV_CUSTOMER_SECURITY_REVIEW_BODY,"{customer} bir güvenlik anketi gönderdi. Satın alma ekipleri, daha ileri gitmeden önce her cevabın kanıtla desteklenmesini istiyor.",{customer} sent over a security questionnaire. Their procurement team wants every answer backed by evidence before they go any further.
EV_CUSTOMER_SECURITY_REVIEW_AUDIT,Dış denetime para ver,Pay for an outside audit
EV_CUSTOMER_SECURITY_REVIEW_IN_HOUSE,İçeride cevapla,Answer it in house
EV_CUSTOMER_SECURITY_REVIEW_DECLINE,Beklemeleri gerektiğini söyle,Tell them it will have to wait
EV_CUSTOMER_SECURITY_REVIEW_EXPIRED,{customer} cevap beklemeyi bıraktı.,{customer} stopped waiting for an answer.
EV_RIVAL_FUNDING_ROUND_TITLE,Rakip yatırım aldı,A rival raises
EV_RIVAL_FUNDING_ROUND_CAMPAIGN,Bir kampanyayla karşılık ver,Answer with a campaign
EV_RIVAL_FUNDING_ROUND_INVESTORS,Yatırımcılara ne yaptığını göster,Show the investors what you are building
EV_RIVAL_FUNDING_ROUND_HOLD,Yoluna devam et,Stay the course
EV_RIVAL_FUNDING_ROUND_EXPIRED,Gündem senin adın geçmeden değişti.,The news moved on without your name in it.
EV_RIVAL_PRICE_CUT_TITLE,Fiyat kırıldı,Undercut
EV_RIVAL_PRICE_CUT_MATCH,Fiyatı eşitle,Match the price
EV_RIVAL_PRICE_CUT_PROMISE,İstediklerine söz ver,Promise what they asked for
EV_RIVAL_PRICE_CUT_HOLD,Fiyatında dur,Hold your price
EV_RIVAL_PRICE_CUT_EXPIRED,{customer} senden ses çıkmayınca teklifi ciddiye aldı.,{customer} heard nothing back and took the quote seriously.
EV_TEAM_OUTSIDE_OFFER_TITLE,Dışarıdan teklif,An outside offer
EV_TEAM_OUTSIDE_OFFER_BODY,{employee} daha büyük bir şirketten teklif almış ve cevap vermeden önce sana söyledi.,{employee} has an offer from a larger company and told you before answering it.
EV_TEAM_OUTSIDE_OFFER_BONUS,Kalma primi öde,Pay a retention bonus
EV_TEAM_OUTSIDE_OFFER_TALK,Konuş ama bir şey teklif etme,"Talk it through, offer nothing"
EV_TEAM_OUTSIDE_OFFER_RELEASE,İyi şanslar dile,Wish them well
EV_TEAM_OUTSIDE_OFFER_EXPIRED,{employee} gelmeyen bir cevabı bekledi.,{employee} waited for an answer that did not come.
EV_CUSTOMER_B2C_REFUNDS_TITLE,İade talepleri,Refund requests
EV_CUSTOMER_B2C_REFUNDS_BODY,İade talepleri her zamankinden hızlı geliyor. Çoğu aynı sorunlardan söz ediyor.,Refund requests are coming in faster than usual. Most of them mention the same problems.
EV_CUSTOMER_B2C_REFUNDS_ALL,İsteyen herkese iade et,Refund everyone who asks
EV_CUSTOMER_B2C_REFUNDS_POLICY,İade koşullarını hatırlat,Point them to the refund policy
EV_CUSTOMER_B2C_REFUNDS_EXPIRED,"Talepler cevapsız kaldı, yorumlar da bunu yazdı.",The requests went unanswered and the reviews said so.
EV_PRODUCT_B2C_FLOOR_SIGNAL_TITLE,Yorumlar ne diyor,What the reviews say
EV_PRODUCT_B2C_FLOOR_SIGNAL_BODY,Son yorumlar hep aynı zayıflığa dönüyor. Henüz bu yüzden giden olmadı.,The newest reviews keep coming back to the same weakness. Nobody has left over it yet.
EV_PRODUCT_B2C_FLOOR_SIGNAL_FEEDBACK,Geri bildirime zaman ayır,Spend time with the feedback
EV_PRODUCT_B2C_FLOOR_SIGNAL_NOTED,Not alındı,Noted
EV_PRODUCT_B2C_FLOOR_SIGNAL_EXPIRED,Yorumlar aynı şeyi söylemeye devam etti.,The reviews kept saying it.
EV_PRODUCT_B2C_FLOOR_CHURN_TITLE,Kullanıcılar gidiyor,Users are leaving
EV_PRODUCT_B2C_FLOOR_CHURN_BODY,Yorumların söyleyip durduğu zayıflık artık iptal sebebi. Ayrılış anketi bunu tek satırla söylüyor.,The weakness the reviews kept naming is now why people cancel. The exit survey says it in one line.
EV_PRODUCT_B2C_FLOOR_CHURN_LET_GO,Gitmelerine izin ver,Let them go
EV_PRODUCT_B2C_FLOOR_CHURN_CREDITS,Kalmaları için kredi ver,Offer credit to stay
EV_PRODUCT_B2C_FLOOR_CHURN_ROADMAP,Neyi düzelteceğini açıkla,Publish what you will fix
EV_PRODUCT_B2C_FLOOR_CHURN_EXPIRED,"Kimse cevap vermedi, gittiler.","Nobody answered, and they left."
EV_WORLD_B2C_CREATOR_TITLE,Bir içerik üreticisi aradı,A creator calls
EV_WORLD_B2C_CREATOR_BODY,"Geniş takipçisi olan bir içerik üreticisi ürünü kullanıyor, hakkında video çekmek istiyor. Fiyat listesini de eklemiş.",A creator with a large following has been using the product and wants to make a video about it. Their rate card is attached.
EV_WORLD_B2C_CREATOR_SPONSOR,Videoya sponsor ol,Sponsor the video
EV_WORLD_B2C_CREATOR_DECLINE,Teklifi geri çevir,Turn the offer down
EV_WORLD_B2C_CREATOR_EXPIRED,İçerik üreticisi başka bir ürüne geçti.,The creator moved on to another product.
EV_FOUNDER_COMPANY_OF_ONE_TITLE,Tek kişilik şirket,A company of one
EV_FOUNDER_COMPANY_OF_ONE_OK,Devam et,Carry on
EV_FOUNDER_COMPANY_OF_ONE_EXPIRED,Bir hafta daha her işi tek başına yaptın.,Another week of doing every job alone.
EV_PRODUCT_WORKING_PARTS_TITLE,Çalışan parçalar,Working parts
EV_PRODUCT_WORKING_PARTS_OK,Sıradakine geç,On to the next part
EV_PRODUCT_WORKING_PARTS_EXPIRED,Bir hafta daha sıradaki parçaya gitti.,Another week went into the next part.
SALES_LOCK_PROMISE_NO_ROOM,Bir sonraki sprintte buna yer yok.,There is no room for it in the next sprint.
FIN_ONETIME_DOMAIN,Alan adı,Web address
FIN_ONETIME_USER_TESTS,Kullanıcı denemesi,User tests
FIN_ONETIME_TRADE_FAIR,Fuar standı,Trade fair
EV_FOUNDER_DOMAIN_TITLE,Alan adı,The web address
EV_FOUNDER_DOMAIN_BODY,"Ürün için istediğin kısa alan adı, onu satmaya hazır bir aracının elinde. Araya bir kelime daha alan uzun adres ise boşta.",The short web address you wanted for the product belongs to a reseller who will sell it. A longer one with an extra word in it is still free.
EV_FOUNDER_DOMAIN_BUY,Kısa adresi satın al,Buy the short address
EV_FOUNDER_DOMAIN_LONGER,Uzun adresle devam et,Go with the longer address
EV_FOUNDER_DOMAIN_EXPIRED,"Cevap gitmedi, kısa adres başkasına satıldı.","No answer went back, and the short address was sold to someone else."
EV_FOUNDER_FRIENDS_TITLE,İlk bakış,A first look
EV_FOUNDER_FRIENDS_BODY,"Birkaç eski arkadaşın ne yaptığını duymuş, bu hafta denemek istiyorlar. Ne bulurlarsa tanıdıklarına anlatacaklar.","A few old friends heard what you are building and want to try it this week. Whatever they find, they will tell the people they know."
EV_FOUNDER_FRIENDS_HOST,"Onları çağır, kullanırken izle",Have them over and watch them use it
EV_FOUNDER_FRIENDS_SEND,Olduğu gibi gönder,Send it to them as it is
EV_FOUNDER_FRIENDS_EXPIRED,"Cevap gitmedi, onlar da başka işlere döndü.","No reply went out, and they moved on to other things."
EV_WORLD_TRADE_FAIR_TITLE,Sektör fuarı,The trade fair
EV_WORLD_TRADE_FAIR_BODY,"Sektörün büyük fuarında ana salonda tek bir stant kalmış. Alıcıların hepsi o salonu dolaşıyor, rakiplerinin çoğu da yerini aylar önce ayırtmış.","The industry's big trade fair has one stand left on the main floor. Buyers from across the sector walk that floor, and most of your competitors booked months ago."
EV_WORLD_TRADE_FAIR_BOOK,Standı kirala,Book the stand
EV_WORLD_TRADE_FAIR_SKIP,Bu fuara katılma,Sit this one out
EV_WORLD_TRADE_FAIR_EXPIRED,"Yer ayırtılmadı, stant başka bir şirkete gitti.","No booking went in, and the stand went to another company."
EV_WORLD_APP_PLACEMENT_TITLE,Ücretli vitrin,A paid placement
EV_WORLD_APP_PLACEMENT_BODY,"Bir uygulama ağı, listelerinin en üstünde bir haftalık yer teklif ediyor. Almazsan o hafta listedeki sıradaki uygulamaya gidecek.","An app network offers a week at the top of its listings. If you pass, the week goes to the next app on its list."
EV_WORLD_APP_PLACEMENT_BUY,Haftayı satın al,Buy the week
EV_WORLD_APP_PLACEMENT_PASS,Haftayı bırak,Let the week go
EV_WORLD_APP_PLACEMENT_EXPIRED,"Cevap gitmedi, hafta başka bir uygulamaya verildi.","No answer went back, and the week went to another app."
EV_WORLD_ANALYST_GUIDE_TITLE,Alıcı rehberi,The buyer's guide
EV_WORLD_ANALYST_GUIDE_BODY,"Bir sektör analisti senin alanındaki şirketler için bu yılın alıcı rehberini hazırlıyor. Satın alma ekipleri kısa listelerini bu rehberden çıkarıyor, fonlar da okuyor. Rehberde tam sayfa yer almak için ücretli bir tanıtım görüşmesi gerekiyor.","An industry analyst is putting together this year's buyer's guide for your segment. Procurement teams draw their shortlists from it, and funds read it too. A full profile comes with a paid briefing."
EV_WORLD_ANALYST_GUIDE_BRIEF,Görüşmenin ücretini öde,Pay for the briefing
EV_WORLD_ANALYST_GUIDE_STAY_OUT,Rehberin dışında kal,Stay out of the guide
EV_WORLD_ANALYST_GUIDE_EXPIRED,Rehber sen olmadan baskıya girdi.,The guide went to print without you.
EV_WORLD_NEWSLETTER_SLOT_TITLE,Bültenin baş köşesi,The newsletter's lead slot
EV_WORLD_NEWSLETTER_SLOT_BODY,Büyük bir teknoloji bülteni baş köşesini bir aylığına teklif ediyor. Okurları yeni bir uygulamayı duydukları hafta deniyor. Almazsan o ay listedeki sıradaki uygulamaya gidecek.,"A large tech newsletter offers its lead slot for a month. Its readers try a new app the week they hear about it. If you pass, the month goes to the next app on its list."
EV_WORLD_NEWSLETTER_SLOT_TAKE,Bu ayı al,Take the month
EV_WORLD_NEWSLETTER_SLOT_PASS,Yeri bırak,Let the slot go
EV_WORLD_NEWSLETTER_SLOT_EXPIRED,"Cevap gitmedi, yer başka bir uygulamaya verildi.","No answer went back, and the slot went to another app."
TOPBAR_GATE,Cevap bekliyor,Answer needed
TOPBAR_GATE_COUNT,{n} karar bekliyor,{n} decisions waiting
CLOCK_HELD,Saat kilitli,Clock held
GATE_ANSWER_FIRST,Önce bekleyen kararı cevapla.,Answer the waiting decision first.
CLOCK_HOLD_RELEASE_NOTE,Sürüm notu açık,Release note open
CLOCK_HOLD_MILESTONE,Dönüm noktası açık,Milestone open
WIN_READ_ONLY,Karar bekliyor. Bu pencere yalnız okunur.,A decision is waiting. This window is read only.
WIN_BACK_TO_DECISION,Karara dön,Back to the decision
INBOX_SOONEST,En yakın süre,Soonest deadline
INBOX_THIS_WEEK,Bu hafta,This week
INBOX_ALL,Tümü,All
INBOX_WAITING,Bekleyen,Waiting
INBOX_UNREAD,Okunmamış,Unread
INBOX_QUEUE,{n} karar daha sırada,{n} more decisions queued
INBOX_QUEUE_ONE,{n} karar daha sırada,{n} more decision queued
INBOX_QUEUE_AFTER,bundan sonra açılır,open after this one
INBOX_EMPTY_ALL,Henüz bir şey yok.,Nothing here yet.
INBOX_EMPTY_WAITING,Bekleyen bir şey yok.,Nothing waiting.
INBOX_EMPTY_UNREAD,Okunmamış bir şey yok.,Nothing unread.
INBOX_PANE_EMPTY,Seçili mesaj yok.,No message selected.
INBOX_ROW_REPORT,rapor,report
INBOX_ROW_DISCOVERY,keşif,discovery
INBOX_CHOICE,Seçimin: {option},Your choice: {option}
INBOX_SUBJ_RISK,Risk altında,At risk
INBOX_SUBJ_GROW,Büyümek istiyor,Wants to grow
MAIL_KIND_DECISION,Karar,Decision
MAIL_KIND_PAPER,Kağıt,Paper
MAIL_KIND_REPORT,Rapor,Report
MAIL_KIND_MESSAGE,Mesaj,Message
MAIL_KIND_ATTENTION,Dikkat,Attention
MAIL_WITHIN,{n} hafta içinde,Within {n} weeks
MAIL_WITHIN_ONE,{n} hafta içinde,Within {n} week
MAIL_FINAL_WEEK,Bu hafta son,Final week
MAIL_TO,Kime,To
MAIL_REPLY,Cevabın,Your reply
MAIL_YOUR_CHOICE,Seçimin,Your choice
MAIL_CHOOSE,Seç,Choose
MAIL_RESPOND,Cevapla,Respond
MAIL_SET_ASIDE,Kenara koy,Set aside
MAIL_KEY_ESC,Esc,Esc
MAIL_STAMP_ANSWERED,Cevaplandı,Answered
MAIL_STAMP_LEFT,Ayrıldı,Left
MAIL_STAMP_EXPIRED,Süresi doldu,Expired
MAIL_STAMP_AT,{stamp} H{week},{stamp} W{week}
MAIL_SENDER_ACCOUNTS,Muhasebe,Accounts
MAIL_SENDER_SUPPORT,Destek,Support
MAIL_SELF_NOTE,Kendine not,Note to self
MAIL_RPT_CLOSED,Geçen hafta kapananlar:,Closed last week:
MAIL_RPT_BOOKS,Defterdeki hesap: {n},Accounts on the books: {n}
MAIL_RPT_CUSTOMER,Müşteri,Customer
MAIL_RPT_STARS,Yıldız,Stars
MAIL_RPT_SEATS,Koltuk,Seats
MAIL_RPT_PRICE,Fiyat,Price
MAIL_CONTINUE,Devam et,Continue
SUMMARY_ROW_TEAM_FOUNDER,Ekip · kurucu dahil,Team · incl. founder
REC_SATISFACTION,Memnuniyet,Satisfaction
REC_TENURE,{n} aydır,{n} mo
REC_AM_NONE,atanmadı,not assigned
PIYASA_COL_VALUE,Piyasa değeri,Market value
PIYASA_COL_PRICE,Fiyat,Price
PIYASA_KPI_LIST_VALUE,Liste değeri,List value
PIYASA_KPI_LEADER,Lider,Leader
PIYASA_KPI_YOUR_VALUATION,Senin değerlemen,Your valuation
PIYASA_KPI_LIST_DESC,{c} şirket · son 13 hafta,{c} companies · last 13 weeks
PIYASA_KPI_LEADER_DESC,{name} · {sector} · son 13 hafta,{name} · {sector} · last 13 weeks
PIYASA_KPI_POST_SEED,Seed sonrası · {month},Post seed · {month}
PIYASA_KPI_SERIES_A,Series A,Series A
PIYASA_FILTER_ALL,Tümü,All
PIYASA_FILTER_TECH,Teknoloji,Technology
PIYASA_FILTER_FIN,Finans,Finance
PIYASA_FILTER_MINE,Sektörüm,My sector
PIYASA_LIST_MORE,ve {c} şirket daha,and {c} more
PIYASA_LIST_ABOVE,{c} şirket yukarıda,{c} more above
PIYASA_TAG_NEW,Yeni,New
PIYASA_LISTS_IN,{name} · halka arz {month},{name} · listing {month}
PIYASA_LISTED_YEAR,Halka arz {y},Listed {y}
PIYASA_FOUNDER_KEY,Kurucu,Founder
PIYASA_CEO_KEY,CEO,CEO
PIYASA_CARD_VALUE_DATE,Piyasa değeri · {month},Market value · {month}
PIYASA_FOUR_WEEKS,dört haftada,over four weeks
PIYASA_EOY_FIRST,Yıl sonu {y},Year end {y}
PIYASA_SINCE_EOY,{y} sonundan beri,Since end of {y}
PIYASA_SHARE,Listedeki payı,Share of the list
PIYASA_SHARE_LT,<{p},<{p}
PIYASA_VALUE_TITLE,Değer,Value
PIYASA_ABOUT_TITLE,Hakkında,About
PIYASA_IPO_MARK,halka arz,listed
PIYASA_CTX_2012,{month} · Akıllı telefon dalgası listeyi taşıyor,{month} · The smartphone wave carries the list
PIYASA_CTX_2013,{month} · Mobil reklam yılı,{month} · The year of mobile ads
PIYASA_RANGE_13W,13H,13W
PIYASA_RANGE_1Y,1Y,1Y
PIYASA_RANGE_5Y,5Y,5Y
PIYASA_RANGE_ALL,Tümü,All
PIYASA_MONTH_YEAR,{month} {year},{month} {year}
PIYASA_NEWS_JUMP,{company} {pct} yükseldi,{company} jumps {pct}
PIYASA_NEWS_DROP,{company} {pct} düştü,{company} drops {pct}
PIYASA_NEWS_IPO,{company} {value} değerle halka açıldı,{company} goes public at a {value} valuation
PIYASA_WHY_UP_0,veri merkezi siparişi,data centre order
PIYASA_WHY_UP_1,abonelik geliri planın üstünde,subscription revenue ahead of plan
PIYASA_WHY_UP_2,yeni ürün iyi karşılandı,a product launch landed well
PIYASA_WHY_DOWN_0,bir birimde işten çıkarma,layoffs in one unit
PIYASA_WHY_DOWN_1,zayıf çeyrek,a weak quarter
PIYASA_WHY_DOWN_2,büyük bir sözleşme kaybedildi,a large contract lost
PIYASA_WHY_IPO,ilk işlem günü,first day of trading
PIYASA_LINE,{headline} ({why}),{headline} ({why})
PIYASA_SECTOR_AUTOMOTIVE,otomotiv,automotive
PIYASA_SECTOR_BANK,banka,bank
PIYASA_SECTOR_CHIPS,çip,chips
PIYASA_SECTOR_CLOUD,bulut,cloud
PIYASA_SECTOR_DATA,veri,data
PIYASA_SECTOR_DATABASE,veritabanı,database
PIYASA_SECTOR_DEVICES,cihaz,devices
PIYASA_SECTOR_E_COMMERCE,e-ticaret,e-commerce
PIYASA_SECTOR_ELECTRONICS,elektronik,electronics
PIYASA_SECTOR_ENTERPRISE,kurumsal,enterprise
PIYASA_SECTOR_ERP,ERP,ERP
PIYASA_SECTOR_GAMES,oyun,games
PIYASA_SECTOR_HARDWARE,donanım,hardware
PIYASA_SECTOR_INTERNET,internet,internet
PIYASA_SECTOR_MOBILITY,ulaşım,mobility
PIYASA_SECTOR_MUSIC,müzik,music
PIYASA_SECTOR_NETWORKING,ağ,networking
PIYASA_SECTOR_NOTES,not alma,notes
PIYASA_SECTOR_PAYMENTS,ödeme,payments
PIYASA_SECTOR_PHONES,telefon,phones
PIYASA_SECTOR_SAAS,SaaS,SaaS
PIYASA_SECTOR_SEARCH,arama,search
PIYASA_SECTOR_SOCIAL,sosyal ağ,social
PIYASA_SECTOR_SOFTWARE,yazılım,software
PIYASA_SECTOR_STREAMING,yayın,streaming
PIYASA_SECTOR_TRAVEL,konaklama,travel
PIYASA_SECTOR_VIDEO,video,video
PIYASA_ABOUT_MALUS,Cihazı ve işletim sistemini tek çatı altında yapan tüketici elektroniği devi. 2007'deki telefonu cep pazarını yeniden kurdu; gelirinin yarısından çoğu bugün o tek üründen geliyor.,A consumer electronics giant that builds the device and its operating system under one roof. Its 2007 phone remade the handset market; more than half its revenue now comes from that one product.
PIYASA_ABOUT_FENSTRA,Şirketlerin çoğunun masaüstü işletim sistemi ve ofis paketi. Faturayı hâlâ lisans geliri öder; bulut bölümü yeni bir yöneticinin altında büyüyor.,The desktop operating system and the office suite most companies run on. Licence money still pays the bills while the cloud division grows under a new chief.
PIYASA_ABOUT_ORINOCO,Her şeyi satan mağazaya dönüşen ve sonra sunucularını kiraya veren çevrimiçi kitapçı. Marj bilerek ince; hissedarlar kâr için yıllardır bekliyor.,An online bookshop that became the everything store and then rented out its servers. Margins are thin by choice; the shareholders have waited years for profit.
PIYASA_ABOUT_GOGOL,Web'in başladığı arama motoru; gelirinin neredeyse tamamı sonuçların yanındaki reklam. Harita ve mobil işletim sistemi aramalar sürsün diye bedava.,The search engine the web starts from; almost all of its revenue is advertising beside the results. Maps and a mobile operating system are given away to keep the searches coming.
PIYASA_ABOUT_FACEWALL,"Üniversite yurdunda doğan sosyal ağ, bugün dünyanın en kalabalık üyelik defteri. Geliri reklamdan; mobil geçişi henüz kanıtlanmadı.","The social network that started in a college dorm, today the largest membership roll in the world. Revenue is advertising; the move to mobile is still unproven."
PIYASA_ABOUT_GRAPHYNE,Kartları oyun bilgisayarlarında ve birkaç araştırma laboratuvarında duran grafik çipi tasarımcısı. Çipler paralel hesapta iyi çıktı; şimdilik yalnız bilim insanları ilgileniyor.,A graphics chip designer whose cards sit in gaming PCs and a few research labs. The chips turn out to be good at parallel maths; so far only scientists care.
PIYASA_ABOUT_GALVANI_MOTORS,Bir lüks modeli teslim edilmiş ve daha ucuz bir sedan vadedilmiş elektrikli otomobil üreticisi. Kurucu şirketten çok paylaşım yapıyor; hisse onunla oynuyor.,An electric car maker with one luxury model shipped and a cheaper sedan promised. The founder posts more than the company announces; the stock moves with him.
PIYASA_ABOUT_SERIATIM,Postayla film kiralamadan yayına geçen ve artık kendi dizilerini ödeyen şirket. Aboneler yurt dışında artıyor; içerik faturası daha hızlı artıyor.,A mail-order film rental that moved to streaming and now pays for its own series. Subscribers grow abroad; the content bill grows faster.
PIYASA_ABOUT_VENDITOR,Satış defterini tarayıcıya koyup adına abonelik diyen şirket. Her kurumsal yazılımcı artık modeli kopyalıyor; en kalabalık müşteri listesi hâlâ onda.,The company that put the sales ledger in the browser and called it a subscription. Every enterprise software vendor now copies the model; it still has the biggest customer list.
PIYASA_ABOUT_VATIC_SYSTEMS,Büyük şirketlerin çoğunun kayıtlarını tuttuğu veritabanı; uzun sözleşme ve daha uzun denetimle satılır. Her yıl bir satın alma gelir; bulut yavaş gelir.,"The database that most large companies keep their records in, sold with a long contract and a longer audit. Acquisitions arrive every year; the cloud arrives slowly."
PIYASA_ABOUT_SILICORE,Otuz yıldır neredeyse her masaüstünün ve sunucunun işlemcisi. Çipleri telefonu kaçırdı; fabrikaları sektörün en pahalısı.,The processor in nearly every desktop and server for three decades. Its chips missed the phone; the fabs are the most expensive in the industry.
PIYASA_ABOUT_BRAMBLEWIRE,Beş yıl önce her yöneticinin taşıdığı klavyeli telefon. Pazarı dokunmatik ekranlar aldı; şirket üçüncü kurtarma planında.,The phone with the keyboard that every executive carried five years ago. Touchscreens took the market; the company is on its third turnaround plan.
PIYASA_ABOUT_MUTELY,Tek bağlantıyla ve hesapsız katılınan görüntülü toplantı aracı. Ofisler çalıştığı için kullanıyor; soru odaya dönünce ne olacağı.,A video meeting tool that joins with one link and no account. Offices use it because it works; the question is what happens when they go back to the room.
PIYASA_ABOUT_JL_MORROW,"Varlıklarıyla ülkenin en büyük bankası; bir yanda şubeler, öte yanda işlem salonu. Başındaki kişi onu bir krizden çoktan geçirdi.",The largest bank in the country by assets; retail branches on one side and the trading floor on the other. Its chief has run it through one crisis already.
PIYASA_ABOUT_GALLMAN_SAXE,Adı her büyük halka arzda ve birleşmelerin çoğunda yazan yatırım bankası. Bu bahar sosyal ağın arzına aracılık ediyor; komisyon piyasanın konusu.,The investment bank whose name is on every large listing and most mergers. It underwrites the social network's offering this spring; the fee is the talk of the street.
PIYASA_ABOUT_VISTO,"Dünya ödemelerinin çoğunun arkasındaki kart ağı; bankası yok, kredi vermez. Her geçişten alınan ücret listenin en kalın marjlarından birini yapıyor.",The card network behind most of the world's payments; it owns no bank and lends no money. A fee on every swipe adds up to one of the fattest margins on the list.
PIYASA_ABOUT_URBIGROUP,Beş kıtada şubesi olan ve bilançosu dört yıl önce onu az kalsın batıran evrensel banka. Devlet payını sattı; hisse eski zirvenin hâlâ çok altında.,A universal bank with branches on five continents and a balance sheet that nearly sank it four years ago. The state has sold its stake; the shares are still far below the old high.
PIYASA_ABOUT_MARGRAVE_STANFIELD,Anlaşmalara danışmanlık eden ve anlaşmayı yapanların servetini yöneten yatırım bankası. Adı bu bahar sosyal ağın halka arzında da yazıyor.,An investment bank that advises on deals and manages wealth for the people who make them. Its name is also on the social network's listing this spring.
PIYASA_ABOUT_FRISCO_SYSTEMS,"İnternetin içinden aktığı yönlendiriciler ve anahtarlar; şirket kutuyu destek sözleşmesiyle satar. Büyüme yavaş, temettü güvenilir.",The routers and switches the internet runs through; the company sells boxes with a support contract attached. Growth is slow and the dividend is reliable.
PIYASA_ABOUT_DRAGONWELL_SEMICONDUCTOR,Akıllı telefonların çoğundaki modem çipi ve her telefon üreticisinin ödediği patentler. Lisans ücretleri çipten çok getiriyor.,The modem chip inside most smartphones and the patents every phone maker pays for. Licence fees bring in more than the chips do.
PIYASA_ABOUT_AMBER_MICRODEVICES,İkinci işlemci üreticisi; birincinin pahalı geldiği herkese satar. Koltuğa yeni bir başmühendis oturdu; yol haritası ona kaldı.,The second processor maker; it sells to whoever the first one is too expensive for. A new chief engineer just took the chair; the roadmap is hers to fix.
PIYASA_ABOUT_HEWITT_PACKER,Vadiyi başlatan garajın yazıcıları ve kişisel bilgisayarları. Yönetim kurulu genel müdürü şirketin strateji değiştirdiğinden hızlı değiştiriyor.,Printers and personal computers from the garage that started the valley. The board changes chief executives faster than the company changes strategy.
PIYASA_ABOUT_DALTON_TECHNOLOGIES,Siparişle üretilip telefonla ve web'den satılan bilgisayarlar; kurucu şirketi yönetmeye yeni döndü. Tablet dizüstünü yiyor; yeni sunum sunucu ve hizmet.,Computers built to order and sold by phone and web; the founder has just come back to run it. Tablets eat the laptop; servers and services are the new pitch.
PIYASA_ABOUT_NORDLUND_MOBILE,On yıl boyunca herkesten çok telefon satan üretici. Şirketi başka bir firmanın işletim sistemine bağladı; hisse bahsi fiyatladı.,The handset maker that sold more phones than anyone for a decade. It bet the company on another firm's operating system; the shares priced the bet in.
PIYASA_ABOUT_SHAOMU_TECHNOLOGY,Telefonu internetten maliyetine yakın satıp parayı sonra hizmetlerden kazanan üretici. Hayranlar anlık indirimlere kuyruk olur; marj bilerek ince.,A phone maker that sells near cost online and earns on the services afterwards. Fans queue for flash sales; the margins stay thin on purpose.
PIYASA_ABOUT_HUZZAH,İlk web on yılının portalı: hiç ayrılmayan milyonlara posta ve haber. Her yıl yeni planla yeni bir yönetici geliyor.,The portal of the first web decade: mail and news for millions who never left. A new chief arrives each year with a new plan.
PIYASA_ABOUT_BIDWELL,Koleksiyoncular için açılan ve herkesin pazar yerine dönen açık artırma sitesi. Sahip olduğu ödeme kolu pazar yerinden değerli.,An auction site for collectors that became a marketplace for everyone. The payments arm it owns is worth more than the marketplace.
PIYASA_ABOUT_CHEQUEMATE,Hiç tanışmadığınız satıcılara ödeme yapan çevrimiçi cüzdan. Onu büyüten pazar yerinden ayrıldı; şimdi web'deki her ödeme sayfasının peşinde.,The online wallet that pays sellers you have never met. Spun out of the marketplace that raised it; now it chases every checkout page on the web.
PIYASA_ABOUT_BAIYUN,"Asya'nın en büyük pazarının arama motoru; yabancı rakipler çekildi, trafik ona kaldı. Sıradaki kavga mobil arama.",The search engine of the largest market in Asia; foreign rivals left and it kept the traffic. Mobile search is the next fight.
PIYASA_ABOUT_SINDBAD_HOLDINGS,Küçük fabrikaları dünyayla ve kendi alışverişçilerini birbiriyle buluşturan pazar yeri. Halka arzı geldiğinde tarihin en büyüğüydü.,A marketplace that connects small factories with the world and its own shoppers with each other. The listing was the largest ever when it came.
PIYASA_ABOUT_TENPENNY_HOLDINGS,Yüz milyonlarca kullanıcılı bir sohbet uygulaması ve her şeyi ödeyen bir oyun işi. Son zamanlarda beğendiği her stüdyodan pay alıyor.,A chat app with hundreds of millions of users and a games business that pays for everything. Lately it buys a stake in every studio it likes.
PIYASA_ABOUT_CUFFLINK,Özgeçmişin internette yaşadığı profesyonel ağ. Aramaya işe alımcılar para öder; üyeler ödemez ve geri gelir.,The professional network where the résumé lives online. Recruiters pay for the search; members pay nothing and keep coming back.
PIYASA_ABOUT_WARBLER,Haber odasının yarısının okuduğu kısa açık mesajlar; halka arz zarar eden bir alışkanlığı borsa şirketi yaptı. Plan reklam.,Short public messages read by half the newsroom; the listing turned a loss-making habit into a public company. Advertising is the plan.
PIYASA_ABOUT_ZENGARA,Sosyal ağın içinde oynanan ve sanal tohumla ödenen çiftlik ve şehir oyunları. Seyirci telefona oyunlardan önce taşındı.,"Farm and city games played inside the social network, paid for with virtual seeds. The audience moved to phones before the games did."
PIYASA_ABOUT_DEALFLOCK,Sokağın ucundaki lokanta için binerle satılan günlük kuponlar. Halka arz hızlı geldi; tekrar gelen müşteri daha yavaş.,"Daily coupons for the restaurant down the street, sold by the thousand. The listing came fast; the repeat customers came slower."
PIYASA_ABOUT_BLIPFRAME,"Bakınca kaybolan fotoğraflar; gençler seviyor, büyükler yanlış okuyor. Bir alıcıyı reddedip halka arzı seçti.","Photos that vanish after a look, loved by teenagers and misread by everyone older. It turned down a buyer and chose the listing."
PIYASA_ABOUT_JUKEWAVE,Aylık ücrete her şarkı; ücretin çoğu plak şirketlerine gidiyor. Dinleyici her kıtada artıyor.,Every song on demand for a monthly fee; most of the fee goes to the labels. Listeners are growing on every continent.
PIYASA_ABOUT_HAILWAY,"Altı yüz şehirde tek dokunuşla araç; sürücüler sözleşmeli, ücretler sübvansiyonlu. Kâr ileriki bir yılın sözü.",A ride at the tap of a button in six hundred cities; the drivers are contractors and the fares are subsidised. Profit is a promise for a later year.
PIYASA_ABOUT_AIRNEST,Orada yaşayanlardan gecelik kiralanan boş odalar ve evler. Şehirler onunla tartışıyor; gezginler rezervasyona devam ediyor.,Spare rooms and whole homes rented by the night from the people who live there. Cities argue with it; travellers keep booking.
PIYASA_ABOUT_DROPCRATE,Sahip olduğunuz her cihazda aynı olan bir klasör. Ünlendiren tüketiciler; para koltuk başına ödeyen şirketlerden geliyor.,A folder that is the same on every device you own. Consumers made it famous; the money comes from the companies that pay per seat.
PIYASA_ABOUT_INSTANTER_SYSTEMS,BT bölümü hâlâ e-postayla dönen şirketler için tarayıcıda yardım masası. Halka arz bu yaz geldi; sözleşmeler yıllarca sürer.,A helpdesk in the browser for the companies whose IT departments still run on email. The listing came this summer; the contracts run for years.
PIYASA_ABOUT_FARSIGHT_DATA,"Önce devletlere, sonra şirketlere satılan veri analizi. Sözleşmeler büyük ve az; her çeyrek bir avuç sözleşmeye bağlı.",Data analysis sold to governments first and to companies later. Contracts are large and few; every quarter depends on a handful of them.
PIYASA_ABOUT_SHOPSTEAD,Bir milyon küçük web mağazasının arkasındaki mağaza kurucusu. Satıcılar aylık ücret ve her satıştan bir dilim öder.,The store builder behind a million small web shops. Merchants pay a monthly fee and a slice of each sale.
PIYASA_ABOUT_TAPWORTH,Telefona takılan ve her tezgâhı dükkâna çeviren kart okuyucu. Kurucu şehrin öbür ucunda bir de sosyal ağ yönetiyor.,A card reader that plugs into a phone and turns any stall into a shop. The founder also runs a social network across town.
PIYASA_ABOUT_SONIMOTO,Bir zamanlar cebe sığan kaset çaları yapan elektronik evinin televizyonları ve oyun konsolları. Konsol bölümü geri kalanı sırtlıyor.,Televisions and game consoles from the electronics house that once made the pocket cassette player. The console division carries the rest.
PIYASA_ABOUT_SAMDAL,"Herkese ekran ve bellek çipi, kendine telefon; parça işi kendi telefon rakiplerine satar. Kurucu aile hâlâ karar verir.",Screens and memory chips for everyone and phones for itself; the parts business sells to its own phone rivals. The founding family still decides.
PIYASA_ABOUT_CERULEAN,Ana bilgisayarı satan ve şimdi onu işleten danışmanları satan şirket. Bir asırlık; temettü hiç kesilmedi.,The company that sold the mainframe and now sells the consultants who run it. A century old; the dividend has never been cut.
PIYASA_ABOUT_ADORNO,"Her stüdyonun ödediği tasarım ve fotoğraf yazılımı; kutudan aboneliğe geçiş yarı yolda. Tasarımcılar şikâyet etti, sonra yeniledi.",The design and photo software every studio pays for; the move from boxed copies to subscriptions is halfway done. Designers complained and then renewed.
PIYASA_ABOUT_DATENWALD,"Avrupa'nın kurumsal yazılım devi; büyük şirketlerin çoğunun defteri onun sisteminde döner. Lisans geliri hâlâ sırtlıyor, bulut geçişi yavaş.","Europe's enterprise software giant; the books of most large companies run on its system. Licence revenue still carries it, and the move to the cloud is slow."
PIYASA_ABOUT_PYTHIA,Küçük ve orta işletmelere bulutta muhasebe ve stok satan kurumsal yazılımcı; büyümesi yavaş ama kârlı.,An enterprise vendor selling cloud accounting and stock to small and mid-size firms; growth is slow but profitable.
PIYASA_ABOUT_WERKTAG,Elektronik tabloyu aşan şirketler için tarayıcıda bordro ve personel kayıtları. Halka arz bu sonbahar; müşteriler şimdiden büyük.,Payroll and personnel records in the browser for companies that outgrew the spreadsheet. The listing comes this autumn; the customers are already large.
PIYASA_ABOUT_ELEPHANTA,İçine attığınız her şeyi her cihazda hatırlayan not defteri. Ücretsiz kullanıcı çok; soru ödeyen kullanıcı.,"A notebook that remembers everything you clip into it, on every device. Free users are many; paying users are the question."
PIYASA_ABOUT_SURMISE,"Ekiplerin birlikte düzenlediği tek sayfada notlar ve görev listeleri. Küçük şirketlere koltuk başına satar, ağızdan ağıza büyür.",Notes and task lists on one page that teams edit together. It sells to small companies by the seat and grows by word of mouth.
PIYASA_ABOUT_BITWALTZ,Kısa video akışı ve onu besleyen telefon kurgusu; ürün öneri motorunun kendisi. Seyircisinin çoğu yirmi beş yaşın altında.,A short video feed and the phone editor that feeds it; the recommendation engine is the product. Most of its audience is under twenty-five.
PIYASA_ABOUT_PIVOTREEL,İçerik üreticilerine abonelikle satılan telefon video kurgusu; parayı şablonlar ve müzik paketleri kazandırır. Küçük ve kârlı kaldı.,A phone video editor sold to creators by subscription; templates and music packs make the money. It has stayed small and in profit.
HR_PACE,Verim {pct},Pace {pct}
HR_PACE_MORALE_HIGH,Moral yüksek {pct},High morale {pct}
HR_PACE_MORALE_LOW,Moral düşük {pct},Low morale {pct}
HR_PACE_EVENT,{title} {pct} · {weeks},{title} {pct} · {weeks}
HR_DOSSIER_PACE,Verim,Pace
EFFECT_PACE,{name} verimi {pct} · {weeks},{name} pace {pct} · {weeks}
EFFECT_PACE_FOUNDER,Senin verimin {pct} · {weeks},Your pace {pct} · {weeks}
EFFECT_PACE_TEAM,Ekibin verimi {pct} · {weeks},Team pace {pct} · {weeks}
EFFECT_INVESTOR_STRAIN,{investor} ile ilişki {v} · {n} haftada geçer,{investor}: relationship {v} · fades over {n} weeks
EFFECT_MARKETING_BURN,Pazarlama: burn {pct} · {weeks},Marketing: burn {pct} · {weeks}
EFFECT_MARKETING_GROWTH,Kitle büyümesi {pct} · {weeks},Audience growth {pct} · {weeks}
VC_WHY_STRAIN,Aranızda hâlâ bir kırgınlık var.,There is still some friction between you.
FIN_ONETIME_LEGAL,Hukuk masrafı,Legal fees
FIN_ONETIME_PAY_CUT,Maaş indirimi,Pay cut
FIN_ONETIME_DATA_PURCHASE,Veri alımı,Data purchase
EV_TEAM_CONFERENCE_TRIP_TITLE,Konferans,The conference
EV_TEAM_CONFERENCE_TRIP_BODY,"{employee} başka şehirde yapılacak bir konferansa gitmek istiyor. İki gün sürüyor; bilet, tren ve otelle $1.200 tutuyor. Bildiklerinin çoğunu bu konferansın internetteki ücretsiz kayıtlarından öğrendi. Şimdiye kadar hiçbir şey istememişti.","{employee} wants to attend a conference in another city: two days, $1,200 with the ticket, train and hotel. Most of what they know came from its free talk videos. It is the first thing they have asked for."
EV_TEAM_CONFERENCE_TRIP_PAY,Bütün masrafı öde,Pay for the whole trip
EV_TEAM_CONFERENCE_TRIP_DAYS,"İzni ver, parayı verme","Give the days, not the money"
EV_TEAM_CONFERENCE_TRIP_NOT_NOW,Bu yıl olmaz de,Tell them not this year
EV_TEAM_CONFERENCE_TRIP_EXPIRED,"Cevap gelmedi, biletler de tükendi.","No answer came, and the tickets sold out."
EV_TEAM_LEAD_OVERTIME_TITLE,Kamp yatağı,A camp bed
EV_TEAM_LEAD_OVERTIME_BODY,{employee} bu sprint için ofise kamp yatağı getirdi. İki kişi daha artık mesaiden sonra da kalıyor. Kimse onlardan böyle bir şey istemedi.,{employee} has brought a camp bed into the office for this sprint. Two others have stopped going home on time. Nobody asked them to.
EV_TEAM_LEAD_OVERTIME_CARRY,Bırak devam etsinler,Let them keep going
EV_TEAM_LEAD_OVERTIME_HOME,Herkesi vaktinde eve gönder,Send everyone home on time
EV_TEAM_LEAD_OVERTIME_BONUS,Üstüne prim ver,Pay them a bonus on top
EV_TEAM_LEAD_OVERTIME_EXPIRED,"Kimse bir şey demedi, mesaiden sonra kalmak alışkanlık oldu.","Nobody said anything, and the extra hours became a habit."
EV_TEAM_PASSWORD_RULE_TITLE,Parola meselesi,The password question
EV_TEAM_PASSWORD_RULE_BODY,"Sürüm çıkmadan kullanıcı parolaları şifrelensin istiyorsun. {employee} buna fazladan iş diyor: hiçbir müşteri istememiş, üstelik parola hatırlatma maili bozulurmuş. O mail, parolanın kendisini yolluyor.","You want user passwords encrypted before the release goes out. {employee} calls it extra work no customer has asked for, and says it would break the password reminder. The reminder mails out the password itself."
EV_TEAM_PASSWORD_RULE_RULE,Şifrelemeyi şart koş,Make encryption the rule
EV_TEAM_PASSWORD_RULE_SELF,Şifrelemeyi kendin yaz,Write the encryption yourself
EV_TEAM_PASSWORD_RULE_OUTSIDE,Dışarıdan birine yaptır,Have a contractor do it
EV_TEAM_PASSWORD_RULE_LEAVE,"Bırak, {employee} karar versin",Leave it to {employee}
EV_TEAM_PASSWORD_RULE_EXPIRED,"Karar çıkmadı, hatırlatma maili parolaları yollamaya devam ediyor.","No ruling came, so the reminder still mails out passwords."
EV_TEAM_WIPED_TABLE_TITLE,Boş filtre,An empty filter
EV_TEAM_WIPED_TABLE_BODY,"Destek kuyruğu uzayınca {employee} işe el attı: yönetim panelinden çift açılmış kullanıcı hesaplarını siliyordu. Filtre boş kalmış, toplu silme bütün hesapları götürmüş. Elde iki ay önceki yedek var. {employee} istifasını sundu.","{employee} was helping with the support queue, deleting duplicate user accounts in the admin tool. The filter was empty, and the delete took every account. The last backup is two months old. {employee} has offered to resign."
EV_TEAM_WIPED_TABLE_REBUILD,Hesapları {employee} geri getirsin,Let {employee} rebuild the accounts
EV_TEAM_WIPED_TABLE_EXPERT,"Veri kurtarma uzmanı tut, {employee} kalsın","Keep {employee}, hire a recovery expert"
EV_TEAM_WIPED_TABLE_ACCEPT,"İstifayı kabul et, yedeği geri yükle","Accept the resignation, restore the backup"
EV_TEAM_WIPED_TABLE_EXPIRED,"Cevap gitmedi, istifa kabul edilmiş sayıldı.","No answer went back, and the resignation stood."
EV_CUSTOMER_CHARGEBACK_TITLE,Muhasebecileri,Their bookkeeper
EV_CUSTOMER_CHARGEBACK_BODY,{customer} şirketinin muhasebecisi son iki kart ödemesini bankadan geri çektirdi. Bazı koltukları kimsenin kullanmadığını söylüyor. Patronları bankaya yazdı: ekip ürünü her gün kullanıyor. Banka muhasebeciden yana çıktı.,The bookkeeper at {customer} had the bank reverse the last two card payments. She says some seats are never used. Their CEO told the bank the team uses it every day. The bank took her side.
EV_CUSTOMER_CHARGEBACK_KEEP,"Bırak, para onda kalsın",Let her keep the money
EV_CUSTOMER_CHARGEBACK_USED_SEATS,Kullanılan koltukları yeniden faturala,Invoice only the seats they use
EV_CUSTOMER_CHARGEBACK_LAWYER,Avukata ihtarname çektir,Have a lawyer write to them
EV_CUSTOMER_CHARGEBACK_EXPIRED,"Cevap gitmedi. Para onda kaldı, dört koltuğu da kesti.",Nobody answered. She kept the money and cut four seats.
EV_CUSTOMER_NAMED_IN_LEAK_TITLE,Bir yazılım tedarikçisi,A software supplier
EV_CUSTOMER_NAMED_IN_LEAK_BODY,"{customer} sızıntı yaşadı: bütün müşteri listesi dışarıda. Açıklamaları bir yazılım tedarikçisini işaret ediyor, bir teknoloji blogu da o tedarikçinin sen olduğunu yazdı. {employee} kayıtlara baktı: liste onların kendi çalışanlarından birinin şifresiyle indirilmiş. Sana soran olmadı.","{customer} had a leak: their whole client list. Their statement blames a software supplier, and a tech blog has named you. {employee} checked the logs: the list was downloaded with one of their own staff's passwords. Nobody has asked you."
EV_CUSTOMER_NAMED_IN_LEAK_STATEMENT,Şifrenin onların olduğunu açıkla,Say publicly it was their password
EV_CUSTOMER_NAMED_IN_LEAK_LAWYER,Avukatla bloga tekzip gönder,Send the blog a lawyer's letter
EV_CUSTOMER_NAMED_IN_LEAK_HELP,{employee} incelemelerine yardım etsin,Lend {employee} to their investigation
EV_CUSTOMER_NAMED_IN_LEAK_EXPIRED,Cevap gitmedi. Yazıda adın hâlâ geçiyor.,Nobody answered. The story still names you.
EV_CUSTOMER_LEAK_QUESTIONS_TITLE,İkinci yazı,A second piece
EV_CUSTOMER_LEAK_QUESTIONS_BODY,Teknoloji blogu bu kez tedarikçiler üzerine ikinci bir yazı hazırlıyor ve açıklamanı okumuş. Çalışanlarının müşteri verisine nasıl eriştiğini ve bunu kimin denetlediğini soruyorlar. Yazı gelecek hafta çıkıyor.,"The tech blog is writing a second piece, on the suppliers, and has read your statement. They ask how your staff reach customer data and who has tested it. It runs next week."
EV_CUSTOMER_LEAK_QUESTIONS_AUDIT,Dış güvenlik denetimine para ver,Pay for an outside security audit
EV_CUSTOMER_LEAK_QUESTIONS_TWO_STEP,Her girişi iki aşamalı yap,Make every login two-step
EV_CUSTOMER_LEAK_QUESTIONS_EXPIRED,Yazı senin cevabın olmadan çıktı.,The piece ran without your answer.
EV_CUSTOMER_NEW_OWNER_TITLE,Sahibi değişti,Under new ownership
EV_CUSTOMER_NEW_OWNER_PASS_ON,Avukat parasını fiyata yansıt,Charge them for the lawyer
EV_CUSTOMER_NEW_OWNER_SELF_READ,"Kendin oku, fiyatı yükselt","Read it yourself, raise the price"
EV_CUSTOMER_NEW_OWNER_LOGO,İndirime karşılık logolarını iste,Trade the discount for their logo
EV_CUSTOMER_NEW_OWNER_EXPIRED,"Cevap gitmedi, grup başka bir firmayla anlaştı.","No answer went back, and the group chose another vendor."
EV_CUSTOMER_NEW_OWNER_GROUP_TITLE,Bir şirket daha,One more company
EV_CUSTOMER_NEW_OWNER_GROUP_BODY,Doksan sayfayı gönderen satın alma ekibi yine yazdı. Gruptan bir şirket daha ürünü istiyor. Ekip bir grup fiyatı bekliyor.,The buying team that sent the ninety pages wrote again. Another of the group's companies wants the product. The team wants a group price.
EV_CUSTOMER_NEW_OWNER_GROUP_PRICE,Gruba tek fiyat ver,Give the group one price
EV_CUSTOMER_NEW_OWNER_GROUP_PITCH,"Fiyatı koru, gidip ürünü kendin anlat","Keep our price, pitch them yourself"
EV_CUSTOMER_NEW_OWNER_GROUP_WRITE_IN,Şirketi avukatla sözleşmeye ekle,Add them in an addendum
EV_CUSTOMER_NEW_OWNER_GROUP_EXPIRED,"Cevap gitmedi, şirket başka bir firmayla anlaştı.","No answer went back, and the company chose another vendor."
EV_PRODUCT_LAUNCH_LEAK_TITLE,Başkasının hesabı,Someone else's account
EV_PRODUCT_LAUNCH_LEAK_BODY,"Bir teknoloji forumunda okurun biri, sitendeki kendi profilini açmış, adres çubuğundaki sayıyı değiştirmiş ve başka birinin hesabına girmiş. Nasıl yaptığını, ürünü duyurduğun başlığın altına adım adım yazmış. Hâlâ çalışıyor.","A reader on a tech forum opened their profile on your site, changed the number in the address bar and was in someone else's account. The steps are written out under your launch post. They still work."
EV_PRODUCT_LAUNCH_LEAK_TAKE_DOWN,Düzelene kadar siteyi kapat,Close the site until it's fixed
EV_PRODUCT_LAUNCH_LEAK_THANK,Başlıkta açığı bulana teşekkür et,Thank the finder in the thread
EV_PRODUCT_LAUNCH_LEAK_HIRE_FINDER,Açığı bulanı bir haftalığına tut,Hire the finder for a week
EV_PRODUCT_LAUNCH_LEAK_ASK_DELETE,Gönderiyi silmesini rica et,Ask them to delete the post
EV_PRODUCT_LAUNCH_LEAK_EXPIRED,Başlık senden cevap gelmeden büyüdü. Bazı kullanıcılar gitti.,The thread grew without a word from you. Some users left.
EV_PRODUCT_REPEAT_REMINDERS_TITLE,Kırk kez,Forty times
EV_PRODUCT_REPEAT_REMINDERS_BODY,"Yeni sürüm, {customer} müşterilerinden bazılarına aynı maili kırk kez atmış. {customer} bir haftadır onlardan özür diliyor. Ondan özür dileyen olmadı.",{customer} spent the week apologising to their own clients. The new version had sent some of them the same email forty times. Nobody has apologised to {customer}.
EV_PRODUCT_REPEAT_REMINDERS_CALL,Arayıp özür dilemekle yetin,"Call and apologise, nothing more"
EV_PRODUCT_REPEAT_REMINDERS_CREDIT,Bir sonraki faturayı düşür,Credit their next invoice
EV_PRODUCT_REPEAT_REMINDERS_WRITE,Onların müşterilerine sen yaz,Write to their clients yourself
EV_PRODUCT_REPEAT_REMINDERS_EXPIRED,"{customer} müşterilerinden tek başına özür diledi, yazılımın kimin olduğunu da söyledi.",{customer} apologised alone and told their clients whose software it was.
EV_PRODUCT_SUPPORT_OVERFLOW_TITLE,Destekte kimse yok,Nobody on support
EV_PRODUCT_SUPPORT_OVERFLOW_YOURSELF,Cevapları kendin yaz,Answer them yourself
EV_PRODUCT_SUPPORT_OVERFLOW_HOURLY_HELP,Mesajlar için saat ücretiyle birini tut,Pay someone hourly to answer them
EV_PRODUCT_SUPPORT_OVERFLOW_KNOWN_BUGS,Bilinen hataların listesini yayınla,Publish a list of known bugs
EV_PRODUCT_SUPPORT_OVERFLOW_EXPIRED,"Kimse cevap yazmadı, mesajlar gelmeye devam etti.","Nobody wrote back, and the messages kept coming."
EV_PRODUCT_SPRINT_HARDCODED_COLORS_TITLE,Kendi renkleri,Their own colours
EV_PRODUCT_SPRINT_HARDCODED_COLORS_HAND,Renkleri elle değiştir,Change their colours by hand
EV_PRODUCT_SPRINT_HARDCODED_COLORS_ONE_FILE,Bütün renkleri tek dosyaya topla,Pull every colour into one file
EV_PRODUCT_SPRINT_HARDCODED_COLORS_FREELANCER,Renkleri bir serbest çalışana değiştirt,Have a freelancer change the colours
EV_PRODUCT_SPRINT_HARDCODED_COLORS_AS_IS,Renkler değişmeyecek de,Tell them the colours stay
EV_PRODUCT_SPRINT_HARDCODED_COLORS_EXPIRED,"Cevap gitmedi, {customer} bunu hayır diye anladı.","No answer went back, so {customer} took it as a no."
EV_PRODUCT_SPRINT_COLORS_AGAIN_TITLE,Yine renkler,The colours again
EV_PRODUCT_SPRINT_COLORS_AGAIN_EXPIRED,"{customer} şikâyet etti, ekip sayfaları elle değiştirdi.","{customer} complained, and the team changed the pages by hand."
EV_PRODUCT_SPRINT_UNASKED_REWRITE_TITLE,Arayüz baştan yazılmış,"The front end, rewritten"
EV_PRODUCT_SPRINT_UNASKED_REWRITE_REVIEW,"İncelet, yeni koda sonraki sprintte geç",Have the team review it first
EV_PRODUCT_SPRINT_UNASKED_REWRITE_READ,"Otur, her satırı kendin oku",Read every line yourself
EV_PRODUCT_SPRINT_UNASKED_REWRITE_MERGE,"Bırak incelemeyi, yeni koda geç","Switch now, skip the review"
EV_PRODUCT_SPRINT_UNASKED_REWRITE_EXPIRED,"Kimse bakmadı, {employee} konuyu bir daha açmadı.","Nobody looked at it, and {employee} stopped bringing it up."
EV_PRODUCT_SPRINT_REWRITE_BUGS_TITLE,Geçişten beri,Since the switch
EV_PRODUCT_SPRINT_REWRITE_BUGS_BODY,"Yeni koda geçişten beri kullanıcılar, eskiden çalışan bir düzine şeyin artık çalışmadığını bildirdi. Hepsi yeni koddan çıkıyor. Her biri küçük.","Since the switch, users have reported a dozen things that used to work. All of them are in the new code. Each one is small."
EV_PRODUCT_SPRINT_REWRITE_BUGS_FIX,Hataları {employee} düzeltsin,Have {employee} fix them
EV_PRODUCT_SPRINT_REWRITE_BUGS_ROLLBACK,Eski arayüze geri dön,Roll back to the old code
EV_PRODUCT_SPRINT_REWRITE_BUGS_FREEZE,"Yeni işi durdur, önce hataları düzelt","Stop new work, fix them first"
EV_PRODUCT_SPRINT_REWRITE_BUGS_EXPIRED,"Kimse üstlenmedi, kullanıcılar yenilerini bulmaya devam etti.","Nobody took them on, and users kept finding more."
EV_PRODUCT_SPRINT_REWRITE_OWNER_TITLE,Tek kişinin kodu,One person's code
EV_PRODUCT_SPRINT_REWRITE_OWNER_BODY,"İnceleme bitti, ekip yeni koda geçti. İncelemenin çoğu {employee} yeni kodu anlatırken geçti. Başka kimse elini sürmedi.",The review is done and the team is on the new code. Most of the review was {employee} explaining it. Nobody else has touched it since.
EV_PRODUCT_SPRINT_REWRITE_OWNER_PAIR,{employee} her birinin yanında çalışsın,Pair {employee} with each of them
EV_PRODUCT_SPRINT_REWRITE_OWNER_TRAINER,Dışarıdan bir eğitmen getir,Bring in an outside trainer
EV_PRODUCT_SPRINT_REWRITE_OWNER_OWN,Arayüzün sorumluluğunu {employee} alsın,Put {employee} in charge of it
EV_PRODUCT_SPRINT_REWRITE_OWNER_EXPIRED,"Karar verilmedi, her soruyu yine {employee} cevapladı.","Nobody decided, so every question kept going to {employee}."
EV_PRODUCT_SPRINT_REWRITE_READER_TITLE,Her değişiklik sana,"Every change, to you"
EV_PRODUCT_SPRINT_REWRITE_READER_BODY,Yeni arayüzü satır satır okuduğun günden beri {employee} her değişikliği çıkmadan önce sana gönderiyor. Sen okumadan hiçbiri çıkmıyor. Dokuz tane bekliyor.,"Since you read the new front end line by line, {employee} has been sending you every change before it goes out. Nothing goes out until you read it. Nine are waiting."
EV_PRODUCT_SPRINT_REWRITE_READER_KEEP,Hepsini okumaya devam et,Keep reading every change
EV_PRODUCT_SPRINT_REWRITE_READER_PEER,Ekip birbirinin kodunu okusun,Have the team review each other
EV_PRODUCT_SPRINT_REWRITE_READER_TRUST,Değişikliklerini {employee} kendisi çıkarsın,Let {employee} ship changes alone
EV_PRODUCT_SPRINT_REWRITE_READER_EXPIRED,"Cevap gelmedi, {employee} değişiklikleri okunmadan çıkarmaya başladı.","No answer came, so {employee} started shipping them unread."
EV_FUNDING_CLOSING_DOCS_TITLE,Evrak işleri,The paperwork
EV_FUNDING_CLOSING_DOCS_BODY,"{investor} teklifi iki sayfa. Turun belgeleri de yanında geldi, fon bir ay içinde imza bekliyor. Avukatlarına göre hepsi standart. Series A fonları da okuyacak. Tam 114 sayfa.",The term sheet from {investor} is two pages. The documents for the round came with it. The fund wants them signed within a month. Its lawyers call them standard. Series A funds will read them too. All 114 pages.
EV_FUNDING_CLOSING_DOCS_LAW_FIRM,Hukuk bürosuyla anlaş,Hire a startup law firm
EV_FUNDING_CLOSING_DOCS_READ_FIRST,"Oku, takıldığın yerleri avukata sor","Read them, then ask a lawyer"
EV_FUNDING_CLOSING_DOCS_READ_ALL,Her sayfayı kendin oku,Read every page yourself
EV_FUNDING_CLOSING_DOCS_EXPIRED,"Fonun avukatları belgeleri kendileri bitirdi, faturayı şirkete kesti.",The fund's lawyers finished the documents and billed the company.
EV_FUNDING_CLOSING_DOCS_DILIGENCE_TITLE,İki madde,Two clauses
EV_FUNDING_CLOSING_DOCS_DILIGENCE_BODY,{investor} görüşmeden önce seed belgelerini istedi. Avukatlarına göre iki madde çıkmadan teklif yok. O maddeleri soran olmamıştı.,{investor} wanted the seed documents ahead of the meeting. Its lawyers marked two clauses that have to go before any offer. Nobody had asked about them.
EV_FUNDING_CLOSING_DOCS_DILIGENCE_SEED_LAWYER,Seed avukatını yeniden ara,Call the seed lawyer back
EV_FUNDING_CLOSING_DOCS_DILIGENCE_NEW_FIRM,Hukuk bürosuna düzelttir,Hire a firm to fix them
EV_FUNDING_CLOSING_DOCS_DILIGENCE_WAIVER,Seed fonundan feragatname iste,Ask the seed fund for waivers
EV_FUNDING_CLOSING_DOCS_DILIGENCE_LOCK_NO_LAWYER,Seed turunda kendi avukatın yoktu.,No lawyer of yours worked on the seed round.
EV_FUNDING_CLOSING_DOCS_DILIGENCE_EXPIRED,"Turun avukatları maddeleri düzeltti, faturayı şirkete kesti.",Lawyers on the round fixed them and billed the company.
EV_FUNDING_CLOSING_DOCS_SERIES_A_BODY,"{investor} teklifi iki sayfa. Turun belgeleri de yanında geldi, fon bir ay içinde imza bekliyor. Avukatlarına göre hepsi standart. Tam 114 sayfa.",The term sheet from {investor} is two pages. The documents for the round came with it. The fund wants them signed within a month. Its lawyers call them standard. All 114 pages.
EV_FUNDING_MONTHLY_UPDATE_TITLE,Runway satırı,The runway line
EV_FUNDING_MONTHLY_UPDATE_PAY_CUT,Maaşlarda indirime git,Announce a pay cut
EV_FUNDING_MONTHLY_UPDATE_BRIDGE,Fondan ek yatırım iste,Ask for a seed extension
EV_FUNDING_MONTHLY_UPDATE_BRIDGE_LOCK,{investor} bir kez ek yatırım yaptı.,{investor} has extended the seed once already.
EV_FUNDING_MONTHLY_UPDATE_INTROS,Fondan müşteri tanıştırması iste,Ask for customer intros
EV_FUNDING_MONTHLY_UPDATE_LINE_LAST,Notu iyi haberlerle aç,Lead with the good news
EV_FUNDING_MONTHLY_UPDATE_LINE_LAST_LOCK,{investor} geçen sefer o satırı sonda buldu.,{investor} found that line at the end last time.
EV_FUNDING_MONTHLY_UPDATE_EXPIRED,Bu ay not gitmedi. {investor} fark etti.,"No update went out this month, and {investor} noticed."
EV_FUNDING_PORTFOLIO_VENDOR_TITLE,Fonun öbür şirketi,The fund's other company
EV_FUNDING_PORTFOLIO_VENDOR_BODY,"{investor}, turdan gelen paranın bir kısmını kendi yatırım yaptığı başka bir şirkete harcamanı istiyor. Fon bunu iki kez hatırlattı. Şirket, uygulamalara kullanıcı bulan bir reklam ağı. Bir yıllık anlaşmanın bedeli 18.000 dolar. Ağın müşterileri oyun şirketleri.","{investor} wants part of the round spent with another company it backs, and has asked twice. The company is an ad network that finds users for apps. A year with the network costs $18,000. Its clients make games."
EV_FUNDING_PORTFOLIO_VENDOR_YEAR,Yıllık anlaşmayı imzala,Sign the annual deal
EV_FUNDING_PORTFOLIO_VENDOR_MONTH,Önce bir ay dene,Try it for a month
EV_FUNDING_PORTFOLIO_VENDOR_OWN_ADS,Parayı kendi reklamımıza harca,Spend it on our own ads
EV_FUNDING_PORTFOLIO_VENDOR_DECLINE,Fona bize uymadığını söyle,Tell the fund it doesn't fit
EV_FUNDING_PORTFOLIO_VENDOR_EXPIRED,Fonun maili iki hafta cevapsız kaldı.,The fund's email sat unanswered for two weeks.
EV_FUNDING_PORTFOLIO_VENDOR_TRIAL_TITLE,Deneme ayı,The trial month
EV_FUNDING_PORTFOLIO_VENDOR_TRIAL_BODY,Fonun reklam ağıyla deneme ayı bitti. {investor} yılın kalanı için sözleşmeyi gönderdi. Tutarı 14.000 dolar.,"The trial month with the fund's ad network is over. {investor} has sent the contract for the rest of the year. It comes to $14,000."
EV_FUNDING_PORTFOLIO_VENDOR_TRIAL_EXTEND,Sözleşmeyi imzala,Sign the contract
EV_FUNDING_PORTFOLIO_VENDOR_TRIAL_NUMBERS,"Rakamları gönder, hayır de",Send the numbers and say no
EV_FUNDING_PORTFOLIO_VENDOR_TRIAL_LOCK_CASH,Kasada 14.000 dolar yok.,"There isn't $14,000 in the bank."
EV_FUNDING_PORTFOLIO_VENDOR_TRIAL_EXPIRED,Yılın kalanının sözleşmesi cevapsız kaldı.,The contract for the rest of the year went unanswered.
EV_RIVAL_COPYCAT_TITLE,Yazım hatasına kadar,Down to the typo
EV_RIVAL_COPYCAT_BODY,"Daha geçen ay bir milyon dolar yatırım alan bir ekip, senin son üç özelliğini yazım hatasına kadar aynen yayına aldı. Duyuruları seninkinden daha çok okundu. İlk müşterilerini adlarıyla anıyorlar.","A team that just raised a million shipped your last three features, down to the typo. Their launch post got more readers than yours. It thanks their first customers by name."
EV_RIVAL_COPYCAT_LAWYER,Hukuk bürosu aracılığıyla ihtarname çek,Send a cease-and-desist letter
EV_RIVAL_COPYCAT_PRESS,Basın bülteni yayınla,Put out a press release
EV_RIVAL_COPYCAT_CUSTOMERS,Onların ilk müşterilerini bizzat ara,Call their first customers yourself
EV_RIVAL_COPYCAT_EXPIRED,"Senden ses çıkmadı, onların duyurusu okunmaya devam etti.","Nothing went out, and their launch post kept its readers."
EV_RIVAL_COPYCAT_REPLY_TITLE,Onların cevabı,Their answer
EV_RIVAL_COPYCAT_REPLY_BODY,Kurucuları senin basın bültenine kendi yazısıyla cevap verdi. Üç özelliğin önce kendi yol haritalarında olduğunu yazıyor. Seninkinden daha çok okundu.,Their founder answered your press release with a post of their own. It says the three features were on their roadmap first. It got more readers than yours.
EV_RIVAL_COPYCAT_REPLY_SIDE,İki sayfayı yazım hatasıyla birlikte yayınla,"Publish both pages, typo included"
EV_RIVAL_COPYCAT_REPLY_UNANSWERED,Yazılarını cevapsız bırak,Leave their post unanswered
EV_RIVAL_COPYCAT_REPLY_EXPIRED,"Cevap gitmedi, son söz onların yazısında kaldı.","No answer went out, and their post had the last word."
EV_RIVAL_FALSE_PARTNER_TITLE,Sizin adınıza mı?,On your behalf?
EV_RIVAL_FALSE_PARTNER_LAWYER,Avukatla ihtarname çek,Have a lawyer warn them off
EV_RIVAL_FALSE_PARTNER_VISIT,Gidip yüz yüze konuş,Go see the buyer in person
EV_RIVAL_FALSE_PARTNER_PUBLISH,Olanları {customer} adını vererek yayımla,Publish it and name {customer}
EV_RIVAL_FALSE_PARTNER_CONTRACT,"Uzun vadeli, indirimli sözleşme öner","Offer them a longer, cheaper contract"
EV_RIVAL_FALSE_PARTNER_EXPIRED,{customer} cevap alamayınca bir ekibini onlara taşıdı.,{customer} heard nothing back and moved a team over.
EV_RIVAL_SHUTDOWN_NOTICE_TITLE,Veda yazısı,The farewell post
EV_RIVAL_SHUTDOWN_NOTICE_BODY,Seninle aynı işi yapan küçük bir uygulama kapanıyor. Kullanıcılarına verilerini indirmeleri için iki hafta tanındı. Dosyayı başka hiçbir uygulama açamıyor. Kurucusunun veda yazısına dört yüz yorum geldi. Çoğu nereye gideceğini soruyor.,"A smaller app in your space is closing. Its users were given two weeks to download their data, in a file no other app can open. The founder's farewell post has four hundred comments. Most ask where to go."
EV_RIVAL_SHUTDOWN_NOTICE_BUY_DATA,Verileri kurucusundan satın al,Pay the founder for the data
EV_RIVAL_SHUTDOWN_NOTICE_MORE_MARKETING,Pazarlama harcamasını iki ay artır,Raise marketing spend for two months
EV_RIVAL_SHUTDOWN_NOTICE_COMPARISON_POST,Karşılaştırma yazısını kendin yaz,Write a comparison post yourself
EV_RIVAL_SHUTDOWN_NOTICE_EXPIRED,Alternatif listelerinin hepsinde başka adlar vardı.,Every list of alternatives named other apps.
